lat,lon,t,t65
41.87442,-8.86693,56,21
41.8789,-8.84347,229,89
41.88762,-8.84624,70,15
41.90954,-8.82831,72,21
41.91178,-8.81658,2,2
41.91625,-8.7931,17,8
37.55301,-7.52788,31,14
41.91849,-8.78136,43,6
37.55507,-7.51685,1,0
41.92072,-8.76962,208,68
41.92944,-8.77239,8,4
37.17799,-7.40818,2,2
37.18681,-7.41043,1590,416
37.19563,-7.41269,2498,716
37.20445,-7.41494,16,3
37.23091,-7.42171,1,1
37.24855,-7.42623,3,0
37.29265,-7.43753,3,3
37.31029,-7.44206,3,1
37.34556,-7.45113,2,1
37.40728,-7.46703,14,10
37.52188,-7.49667,7,4
41.93168,-8.76064,3,3
37.22414,-7.40847,1806,291
37.26824,-7.41976,64,19
37.35643,-7.4424,37,15
37.40052,-7.45375,26,8
37.40934,-7.45602,1,3
37.43579,-7.46284,3,0
37.46224,-7.46967,1,1
37.47105,-7.47195,616,226
37.47987,-7.47423,4,0
41.93391,-8.7489,353,69
41.94263,-8.75166,38,7
37.38494,-7.43819,11,5
37.39376,-7.44046,15,6
37.42021,-7.44728,3,3
37.45548,-7.45637,1,1
37.48193,-7.46321,5,0
37.49074,-7.46548,4,1
41.94486,-8.73992,656,165
41.95358,-8.74268,74,21
41.96453,-8.73369,45,12
41.97325,-8.73645,116,22
41.97548,-8.72469,10,3
41.97771,-8.71294,151,31
41.97993,-8.70119,365,75
41.98216,-8.68944,74,15
41.99088,-8.69219,197,26
41.9931,-8.68044,164,30
41.99533,-8.66868,278,85
42.00405,-8.67143,76,18
42.01499,-8.66243,124,23
42.01721,-8.65067,557,147
42.02593,-8.65342,183,102
42.03466,-8.65617,270,47
42.03688,-8.6444,579,201
42.0456,-8.64716,3016,613
42.04782,-8.63539,275,51
42.05225,-8.61185,78,31
42.05447,-8.60008,43,3
42.04796,-8.58557,127,48
42.05668,-8.58831,117,43
42.05017,-8.5738,44,10
42.05238,-8.56203,225,51
42.05459,-8.55026,55,14
42.05679,-8.53849,164,56
42.059,-8.52672,77,26
42.06773,-8.52945,108,37
42.07645,-8.53219,167,52
37.85319,-7.30435,1,0
42.08086,-8.50864,609,79
42.08307,-8.49686,3064,347
42.07654,-8.48235,3061,664
42.08527,-8.48508,56,27
42.07874,-8.47057,191,70
42.08094,-8.45879,37,10
42.08313,-8.44702,5,2
42.06787,-8.42979,182,55
42.0766,-8.43251,72,26
42.08533,-8.43524,138,48
42.07007,-8.41801,165,49
42.07879,-8.42073,204,62
42.08099,-8.40895,20,5
42.07445,-8.39445,139,65
42.08318,-8.39717,40,7
42.07664,-8.38267,67,31
42.07883,-8.37089,93,48
42.08756,-8.37361,62,23
42.08974,-8.36183,54,13
42.0832,-8.34733,94,53
42.09193,-8.35004,62,24
37.99629,-7.17858,3,0
42.08538,-8.33555,2,1
42.08756,-8.32376,90,39
42.0963,-8.32647,58,24
42.10503,-8.32918,54,20
42.09848,-8.31469,129,54
42.10721,-8.3174,311,95
42.10066,-8.3029,139,52
42.10939,-8.30561,351,93
42.11157,-8.29382,65,19
41.89535,-8.21475,2,2
41.90408,-8.21743,19,16
42.11375,-8.28203,50,20
42.12248,-8.28473,31,15
41.8713,-8.19497,61,27
41.91499,-8.20835,20,8
42.12466,-8.27294,9,4
38.61856,-7.25896,1,1
42.1181,-8.25845,636,186
42.12683,-8.26115,57,22
42.13557,-8.26385,26,13
41.87562,-8.17148,2,0
42.12901,-8.24936,126,51
42.13774,-8.25206,51,30
41.9477,-8.18111,9,5
41.95644,-8.18379,15,9
42.13118,-8.23756,95,51
42.13992,-8.24026,31,11
41.81001,-8.12667,1,0
41.96734,-8.1747,6,3
42.13335,-8.22577,31,16
38.73239,-7.24198,2,0
41.97825,-8.16561,5,4
42.13552,-8.21397,67,40
41.98041,-8.15385,1,1
41.98915,-8.15652,14,8
42.06779,-8.18065,25,16
42.07653,-8.18334,11,9
42.08527,-8.18603,48,23
42.09401,-8.18872,37,26
42.10274,-8.19141,29,12
42.11148,-8.1941,39,25
42.12022,-8.19679,13,10
42.12895,-8.19948,126,69
42.13769,-8.20218,158,82
42.14643,-8.20487,85,31
42.15516,-8.20757,60,23
38.74527,-7.22185,3,0
42.13112,-8.18769,60,26
42.13986,-8.19038,286,110
42.14859,-8.19307,165,62
42.15733,-8.19577,96,33
38.77305,-7.17033,4,1
39.64413,-7.40423,81,36
39.35602,-7.31398,24,3
39.36481,-7.31635,22,8
39.37361,-7.31873,4,2
39.38241,-7.32111,53,19
39.34927,-7.30028,2,0
39.36686,-7.30502,3,0
38.1268,-6.96763,68,10
38.13562,-6.96988,98,21
39.32492,-7.28184,2,0
39.40409,-7.3032,6,2
39.41289,-7.30557,1,1
39.20378,-7.23745,4,2
39.25658,-7.2516,11,6
39.42373,-7.29661,1,0
39.43253,-7.29899,5,0
39.46771,-7.30851,6,0
39.18822,-7.22144,1,1
39.19702,-7.22379,47,24
39.20582,-7.22615,7,1
39.25862,-7.24029,3,3
39.26742,-7.24265,5,4
39.19026,-7.21014,14,4
39.26946,-7.23133,52,24
39.17672,-7.18284,9,0
39.18552,-7.18518,5,2
39.17875,-7.17154,46,25
38.84614,-7.07181,6,5
38.861,-7.04036,9,0
38.90505,-7.05191,4,0
41.87251,-7.88528,17,7
38.88064,-7.03373,5,3
38.90707,-7.04065,62,6
38.91588,-7.04296,43,7
41.90089,-7.88141,22,8
38.91789,-7.0317,51,17
39.11369,-7.07143,1,1
39.11571,-7.06014,2,2
41.89373,-7.76768,27,14
39.07695,-6.96719,5,0
41.83353,-7.58883,2,1
41.82686,-7.57449,99,46
41.82896,-7.56273,15,13
39.82234,-6.9747,47,29
39.8804,-6.90654,29,12
41.86524,-7.46203,183,61
41.80598,-7.43233,16,6
41.81474,-7.43489,19,6
41.8235,-7.43745,34,7
41.83227,-7.44001,20,8
41.84103,-7.44257,58,29
41.8498,-7.44513,177,74
41.86732,-7.45026,12,3
41.80805,-7.42058,73,25
41.81681,-7.42313,159,45
41.82558,-7.42569,61,12
41.83434,-7.42825,24,8
39.96563,-6.89344,3,0
41.81012,-7.40882,7,2
41.81889,-7.41137,11,0
39.98523,-6.88672,5,2
41.82096,-7.39961,11,3
41.82973,-7.40217,3,0
39.99603,-6.87763,104,56
41.8318,-7.39041,89,62
41.838,-7.35512,4,0
41.85553,-7.36022,3,1
41.85243,-7.27276,3,1
40.47281,-6.83764,11,5
40.36922,-6.79761,3,0
40.4748,-6.82611,108,46
41.87147,-7.21643,14,10
41.88229,-7.20719,3,4
40.55797,-6.82449,18,8
40.59316,-6.83404,1,0
40.60196,-6.83643,645,224
40.60395,-6.82487,897,216
40.61275,-6.82726,215,74
41.90393,-7.18869,26,13
41.92556,-7.17018,10,5
41.96942,-7.18284,20,11
41.97819,-7.18537,8,2
40.6979,-6.8141,4,0
40.7067,-6.8165,55,30
40.72429,-6.82129,2,0
40.73309,-6.82368,7,3
40.84261,-6.82933,44,31
41.95406,-7.00513,3,0
41.18824,-6.69263,6,0
41.19703,-6.69504,3,0
41.19902,-6.68338,7,0
41.26971,-6.48286,3,0
41.30002,-6.46664,2,0
41.72614,-6.5586,47,13
41.73493,-6.56103,8,0
41.75252,-6.56588,109,61
41.9371,-6.61709,51,35
41.94589,-6.61953,26,13
41.90985,-6.56011,4,3
41.86984,-6.52435,18,7
41.3831,-6.35463,30,19
41.4886,-6.27289,47,15
41.49934,-6.26353,286,76
41.65091,-6.29216,25,13
38.57311,-28.80384,2,0
38.58085,-28.80897,44,7
38.58859,-28.81411,40,11
38.56212,-28.78321,8,3
38.56986,-28.78834,12,0
38.5776,-28.79347,15,1
38.56662,-28.77284,41,10
38.60533,-28.79849,59,20
38.5169,-28.72664,8,4
38.52464,-28.73175,190,40
38.54788,-28.7471,23,4
38.57111,-28.76247,60,11
38.60982,-28.78811,4,1
38.52139,-28.71627,236,44
38.60658,-28.7726,4,0
38.51813,-28.70078,21,2
38.61108,-28.76222,53,7
38.52261,-28.69041,107,19
38.51935,-28.67493,81,23
38.52384,-28.66456,103,22
38.52057,-28.64908,66,15
38.52832,-28.65418,53,7
38.52505,-28.6387,735,159
38.52953,-28.62833,1111,346
38.53728,-28.63343,1450,314
38.63803,-28.69992,171,47
38.54176,-28.62305,1258,322
38.63477,-28.68441,83,24
38.54624,-28.61267,73,7
38.62376,-28.66378,137,34
38.63151,-28.6689,26,5
38.55072,-28.60229,17,1
38.55847,-28.6074,111,23
38.56623,-28.6125,56,5
38.61274,-28.64316,46,9
38.62049,-28.64828,4,0
38.5707,-28.60212,6,2
38.57846,-28.60722,18,6
38.58621,-28.61233,151,35
38.44327,-28.50522,8,1
38.45104,-28.51029,68,15
38.4588,-28.51537,152,31
38.46656,-28.52045,60,14
38.47432,-28.52553,19,0
38.48208,-28.53061,21,2
38.48984,-28.5357,10,4
38.49761,-28.54078,7,0
38.43997,-28.48977,47,14
38.44774,-28.49484,60,22
38.50984,-28.53549,74,17
38.5176,-28.54058,24,6
38.43667,-28.47433,40,8
38.52983,-28.53529,419,93
38.4256,-28.45382,9,0
38.43336,-28.45888,355,101
38.53429,-28.52491,643,173
38.42229,-28.43838,1,0
38.53876,-28.51452,328,64
38.54652,-28.51961,15,4
38.42675,-28.42801,143,25
38.55099,-28.50923,35,7
38.4312,-28.41763,64,8
38.55546,-28.49884,12,1
38.42012,-28.39713,32,5
38.42789,-28.40219,73,22
38.55992,-28.48846,9,0
38.4168,-28.3817,5,0
38.42457,-28.38676,19,5
38.55662,-28.47298,25,5
38.55332,-28.45751,2,2
38.41792,-28.3559,110,34
38.55778,-28.44712,7,3
38.4146,-28.34047,165,40
38.55447,-28.43165,6,1
38.41127,-28.32504,45,12
38.41904,-28.33009,82,17
38.55893,-28.42125,10,0
38.55562,-28.40578,13,3
38.56339,-28.41086,20,6
38.55231,-28.39032,11,1
38.56008,-28.39539,4,0
38.40904,-28.28381,11,3
38.41682,-28.28886,149,41
38.54899,-28.37485,60,9
38.4057,-28.26839,4,0
38.41348,-28.27343,308,54
38.5379,-28.35432,91,6
38.54567,-28.35939,57,3
38.38679,-28.2429,6,2
38.39458,-28.24794,334,102
38.40236,-28.25297,185,41
38.41014,-28.25801,261,53
38.53457,-28.33886,134,25
38.54235,-28.34392,33,10
38.38344,-28.22749,60,13
38.52347,-28.31834,354,111
38.53125,-28.3234,253,51
38.53902,-28.32846,8,3
38.38788,-28.21711,86,19
38.50459,-28.29277,68,14
38.51237,-28.29782,34,3
38.52014,-28.30288,50,8
38.39231,-28.20673,48,11
38.50903,-28.28237,2,0
38.39674,-28.19635,70,15
38.40117,-28.18596,146,42
38.40896,-28.19099,122,39
38.47567,-28.2209,34,5
38.48345,-28.22595,40,6
38.41003,-28.16519,59,27
38.47232,-28.20547,195,58
38.4801,-28.21051,11,2
38.40667,-28.14978,11,2
38.46118,-28.185,27,6
38.46896,-28.19004,2,0
38.4111,-28.13939,17,3
38.45782,-28.16957,161,59
38.40773,-28.12398,3,1
38.45446,-28.15415,31,4
38.46225,-28.15918,3,3
38.40436,-28.10857,18,4
38.4511,-28.13872,18,8
38.45889,-28.14375,1,0
38.40099,-28.09317,7,3
38.40541,-28.08278,141,45
38.44437,-28.10788,1,1
38.40203,-28.06737,9,3
38.40983,-28.07239,66,17
38.441,-28.09246,157,39
38.44879,-28.09749,10,2
38.44542,-28.08207,17,2
38.71785,-28.25885,80,28
38.41087,-28.04659,75,21
38.44204,-28.06665,26,5
38.44984,-28.07167,4,0
38.70674,-28.23828,90,15
38.41528,-28.0362,72,18
38.43087,-28.04622,9,1
38.43867,-28.05124,43,6
38.68006,-28.20757,968,247
38.68784,-28.21264,406,61
38.69562,-28.21771,6,0
38.66894,-28.18702,212,36
38.67672,-28.19208,148,27
38.6845,-28.19715,18,0
38.6578,-28.16647,37,7
38.66559,-28.17153,69,18
38.64667,-28.14594,6,1
38.65445,-28.151,20,9
38.63552,-28.12541,1,0
38.64331,-28.13047,220,46
38.65109,-28.13552,223,42
38.63216,-28.10994,40,7
38.63995,-28.11499,185,32
38.6288,-28.09448,17,4
38.63658,-28.09953,90,17
38.69887,-28.13997,2,1
38.62543,-28.07901,9,4
38.63322,-28.08406,96,26
38.68772,-28.11943,2,0
38.61089,-28.04305,3,0
38.61868,-28.04809,1,0
38.681,-28.08847,29,2
38.59972,-28.02256,157,40
38.60751,-28.02759,323,72
38.60413,-28.01214,444,123
38.67426,-28.05751,153,42
38.59296,-27.99166,10,6
38.60075,-27.99669,109,12
38.67868,-28.04709,34,10
38.59737,-27.98124,261,50
38.66751,-28.02657,2,0
38.59398,-27.96579,4,1
38.60177,-27.97082,168,43
38.59059,-27.95035,26,9
38.57939,-27.92988,25,12
38.58719,-27.9349,41,14
38.64178,-27.97009,3,1
38.57599,-27.91444,9,1
38.56479,-27.89399,3,2
38.6194,-27.92913,8,1
38.6272,-27.93415,7,0
38.54578,-27.86854,6,2
38.54236,-27.85311,2,1
38.55017,-27.85812,21,8
38.53993,-27.81185,24,5
38.53651,-27.79643,3,0
38.54089,-27.786,5,1
38.54185,-27.76016,27,14
38.54966,-27.76516,184,40
38.55748,-27.77015,6,2
38.54624,-27.74974,4,1
38.55405,-27.75473,20,5
39.0463,-28.04664,65,18
39.05409,-28.05174,58,11
39.06187,-28.05684,3,1
39.06965,-28.06194,14,2
39.07743,-28.06704,11,5
39.08185,-28.05656,22,1
39.01621,-28.00023,4,3
39.024,-28.00532,30,4
39.09405,-28.05118,10,0
39.01284,-27.98467,43,3
39.00946,-27.96912,21,7
39.01725,-27.9742,2,0
39.08733,-28.02002,161,17
39.09511,-28.02512,7,0
39.01387,-27.95864,4,1
39.08396,-28.00444,774,207
39.09174,-28.00954,105,22
39.03386,-27.95833,6,0
39.04165,-27.96341,63,17
39.04944,-27.9685,211,83
39.05723,-27.97359,118,25
39.08059,-27.98886,18,3
38.69196,-27.3533,16,2
38.71547,-27.3682,16,2
38.67279,-27.32796,18,0
38.68063,-27.33292,2,0
38.74331,-27.37263,67,16
38.67712,-27.3175,80,26
38.75549,-27.36713,99,23
38.76332,-27.3721,2,1
38.6501,-27.28723,7,0
38.65794,-27.29218,117,9
38.66578,-27.29713,229,30
38.76767,-27.36163,7,0
38.65443,-27.27677,438,52
38.77984,-27.35613,13,2
38.65092,-27.26136,92,19
38.65876,-27.2663,1364,183
38.78418,-27.34565,71,11
38.65525,-27.25089,339,73
38.78852,-27.33517,212,63
38.65173,-27.23548,68,19
38.65957,-27.24043,652,186
38.79286,-27.32469,123,26
38.64821,-27.22008,20,6
38.65605,-27.22502,2803,813
38.7972,-27.31421,39,9
38.65253,-27.20961,545,152
38.7937,-27.29876,292,82
38.64901,-27.19421,4,0
38.65686,-27.19914,235,53
38.79803,-27.28828,23,3
38.65333,-27.18374,242,32
38.65765,-27.17327,311,45
38.79885,-27.26235,175,42
38.64627,-27.15294,138,17
38.65412,-27.15787,422,44
38.79534,-27.2469,236,60
38.80319,-27.25186,12,2
38.64274,-27.13754,142,30
38.65059,-27.14247,244,27
38.79183,-27.23146,71,10
38.79967,-27.23641,8,0
38.64705,-27.12707,585,104
38.79616,-27.22097,23,6
38.64351,-27.11167,267,46
38.65136,-27.11659,856,164
38.79264,-27.20553,36,8
38.64782,-27.1012,103,9
38.64428,-27.0858,17,0
38.66861,-27.0747,4,0
38.77854,-27.14378,342,87
38.78638,-27.14872,232,54
38.67292,-27.06422,96,16
38.78285,-27.13329,146,34
38.67722,-27.05374,80,11
38.68508,-27.05866,437,86
38.77932,-27.11786,212,39
38.68939,-27.04818,47,5
38.71296,-27.06296,235,28
38.72081,-27.06789,124,30
38.72512,-27.0574,128,35
38.73297,-27.06233,1569,392
38.73728,-27.05184,13,0
38.75299,-27.0617,262,34
38.76085,-27.06664,77,9
37.82297,-25.83304,5,0
37.83092,-25.83771,15,6
37.83887,-25.84237,19,2
37.84683,-25.84703,62,14
37.85478,-25.8517,70,10
37.81123,-25.8133,31,4
37.81918,-25.81796,224,35
37.79948,-25.79357,194,20
37.80744,-25.79822,432,34
37.87106,-25.8355,167,27
37.79568,-25.77849,140,17
37.88318,-25.82973,7,0
37.88734,-25.81929,445,98
37.89529,-25.82396,362,69
37.74829,-25.72513,110,15
37.75625,-25.72977,127,11
37.8915,-25.80886,109,14
37.89945,-25.81352,90,14
37.74448,-25.71007,58,16
37.75244,-25.71471,1409,193
37.89566,-25.79842,18,11
37.7327,-25.69038,152,29
37.74066,-25.69501,512,72
37.89982,-25.78798,210,21
37.90778,-25.79264,5,1
37.73685,-25.67996,2329,543
37.90398,-25.77754,235,47
37.91194,-25.7822,28,4
37.74099,-25.66953,2241,523
37.90019,-25.76243,391,29
37.90814,-25.7671,7,0
37.73717,-25.65448,48,14
37.74514,-25.65911,4909,938
37.88843,-25.74268,399,53
37.89639,-25.74733,207,33
37.90434,-25.75199,14,2
37.74132,-25.64405,340,86
37.88463,-25.72758,299,38
37.89259,-25.73223,98,22
37.74546,-25.63363,898,141
37.84102,-25.68925,625,91
37.84898,-25.69389,85,7
37.85694,-25.69854,561,78
37.8649,-25.70318,526,76
37.87286,-25.70783,193,24
37.7496,-25.6232,932,148
37.82925,-25.66952,694,84
37.83721,-25.67417,270,28
36.94677,-25.15348,4,3
37.74577,-25.60815,444,77
37.75374,-25.61277,1724,235
37.83339,-25.65909,162,18
36.95085,-25.14313,796,210
37.74194,-25.5931,366,55
37.74991,-25.59772,595,87
37.82957,-25.64401,955,69
37.003,-25.15963,23,7
37.73811,-25.57805,671,94
37.74608,-25.58267,2211,283
37.82575,-25.62894,42,3
37.83372,-25.63357,52,5
36.951,-25.11797,3,0
37.00708,-25.14928,13,3
37.74224,-25.56762,2036,256
37.82193,-25.61387,678,63
36.94706,-25.10315,7,0
36.95507,-25.10762,20,1
37.00315,-25.13445,2,1
37.73043,-25.54796,6,2
37.73841,-25.55257,62,2
37.8181,-25.5988,158,8
37.82607,-25.60343,40,8
36.95114,-25.0928,26,8
37.71862,-25.52831,1,1
37.72659,-25.53292,26,7
37.81427,-25.58373,4309,326
36.93918,-25.07352,16,0
37.0033,-25.10926,17,3
37.7068,-25.50866,17,6
37.71478,-25.51327,466,62
37.72275,-25.51788,1051,127
37.81841,-25.57329,684,24
36.93523,-25.05871,12,3
37.00738,-25.0989,72,5
37.71093,-25.49824,53,14
37.81457,-25.55822,11,0
37.01145,-25.08854,19,0
37.71505,-25.48781,144,18
37.8187,-25.54778,4,1
37.82284,-25.53734,433,41
36.9314,-25.01874,4,0
36.93942,-25.0232,18,7
36.97952,-25.04549,3,0
36.98754,-25.04995,14,0
36.99555,-25.05442,4,3
37.00357,-25.05889,2,2
37.71532,-25.46234,396,65
37.82697,-25.5269,492,117
36.94349,-25.01285,6,3
37.71147,-25.44731,363,36
37.71945,-25.45191,1170,142
37.8311,-25.51646,1097,91
37.71559,-25.43688,2945,537
37.83523,-25.50601,7,0
37.71173,-25.42185,46,14
37.71971,-25.42644,895,136
37.83935,-25.49557,2,1
37.71584,-25.41141,446,60
37.84348,-25.48512,3,0
37.71996,-25.40098,193,41
37.71609,-25.38595,662,118
37.81983,-25.44577,45,16
37.71222,-25.37093,148,22
37.7202,-25.37552,1205,120
37.82395,-25.43532,544,68
37.71633,-25.36049,52,10
37.82009,-25.42026,519,90
37.82807,-25.42487,40,7
37.72044,-25.35005,2,1
37.8242,-25.40981,376,57
37.82832,-25.39937,153,17
37.83244,-25.38892,1247,187
37.72889,-25.30371,302,45
37.73299,-25.29327,252,24
37.853,-25.33665,35,5
37.7453,-25.26194,220,42
37.85711,-25.3262,163,22
37.7414,-25.24692,55,14
37.7494,-25.25149,362,65
37.85323,-25.31114,150,22
37.7455,-25.23647,207,41
37.85345,-25.28563,396,76
37.85756,-25.27517,6,0
37.7418,-25.19598,262,65
37.85367,-25.26012,275,54
37.86166,-25.26471,57,14
37.84978,-25.24507,136,36
37.85777,-25.24966,3,0
37.75816,-25.15419,136,12
37.85408,-25.2091,161,33
37.85428,-25.18359,1,1
37.80241,-25.14109,121,21
37.85038,-25.16855,313,64
37.85837,-25.17313,4,0
37.82249,-25.13978,87,21
37.83049,-25.14435,499,156
37.83848,-25.14893,254,35
37.84647,-25.1535,87,31
39.37848,-31.24241,24,4
39.38603,-31.24796,14,4
39.39357,-31.25352,37,12
39.41344,-31.25429,19,4
39.43331,-31.25507,71,21
39.44841,-31.2662,18,3
39.46073,-31.26142,54,12
39.3749,-31.18441,111,24
39.4655,-31.25107,11,0
39.47305,-31.25664,13,2
39.37967,-31.17407,274,79
39.38443,-31.16373,67,10
39.39675,-31.15893,114,21
39.40152,-31.14859,55,9
39.40907,-31.15413,41,3
39.52233,-31.23751,3,0
39.42615,-31.13898,1,0
39.43371,-31.14453,29,10
39.50923,-31.20009,3,1
39.51678,-31.20566,198,56
39.52433,-31.21123,12,4
39.44603,-31.13972,269,38
39.45079,-31.12937,484,111
39.45834,-31.13492,372,61
39.4659,-31.14047,140,22
39.47345,-31.14602,10,0
39.48101,-31.15158,70,12
39.49611,-31.16269,35,8
39.46311,-31.12457,115,21
39.67133,-31.11141,381,59
39.67888,-31.11699,2,0
32.80767,-17.25922,3,0
32.81619,-17.26236,10,0
32.7512,-17.22718,204,70
32.75972,-17.2303,394,84
32.76824,-17.23343,56,17
32.78528,-17.23969,45,10
32.7938,-17.24282,15,3
32.80232,-17.24595,48,20
32.81936,-17.25222,8,1
32.73732,-17.2108,215,59
32.74584,-17.21392,32,4
32.72343,-17.19442,17,2
32.73196,-17.19754,224,65
32.8342,-17.23507,28,11
32.71807,-17.18117,36,7
32.72659,-17.18429,561,162
32.7127,-17.16792,5,1
32.72122,-17.17104,570,118
32.70732,-17.15468,56,12
32.71585,-17.15779,636,145
32.86071,-17.2109,2,0
32.70195,-17.14143,43,12
32.71047,-17.14455,583,133
32.86387,-17.20075,31,20
32.68805,-17.12508,2,2
32.69657,-17.12819,181,58
32.7051,-17.1313,368,72
32.86703,-17.1906,21,9
32.68267,-17.11184,54,18
32.69119,-17.11495,587,129
32.67728,-17.09861,156,27
32.8563,-17.16405,43,18
32.86482,-17.16717,319,74
32.68043,-17.08848,353,85
32.84241,-17.14765,17,12
32.85093,-17.15077,56,16
32.85945,-17.1539,4,1
32.67504,-17.07525,159,30
32.68357,-17.07835,548,141
32.82851,-17.13126,13,0
32.66966,-17.06202,964,238
32.82314,-17.11799,42,9
32.66427,-17.04879,281,68
32.81776,-17.10473,96,20
32.82628,-17.10785,455,121
32.65887,-17.03556,12,1
32.6674,-17.03866,910,197
32.65348,-17.02234,14,0
32.66201,-17.02543,492,69
32.65661,-17.01221,268,35
32.65122,-16.99899,80,3
32.80475,-17.05481,75,13
32.81328,-17.05792,2,0
32.64581,-16.98577,230,14
32.65435,-16.98886,2196,227
32.80789,-17.04466,203,51
32.64041,-16.97255,178,22
32.64895,-16.97564,4096,724
32.81103,-17.03452,81,27
32.64354,-16.96242,699,159
32.81417,-17.02437,53,26
32.6296,-16.94612,102,24
32.63813,-16.94921,3720,655
32.64667,-16.95229,1638,364
32.81731,-17.01422,12,1
32.63273,-16.93599,302,61
32.82044,-17.00407,128,35
32.63585,-16.92586,531,142
32.82358,-16.99393,622,156
32.63897,-16.91573,45,14
32.64751,-16.91882,5086,1263
32.82671,-16.98378,222,73
32.65063,-16.90869,4369,1168
32.82131,-16.97052,221,75
32.82984,-16.97363,16,2
32.64522,-16.89547,1138,322
32.82444,-16.96037,172,68
32.64834,-16.88534,2530,928
32.82757,-16.95022,127,49
32.64292,-16.87213,145,30
32.8307,-16.94007,44,14
32.6375,-16.85893,159,36
32.64604,-16.862,850,134
32.64062,-16.84879,1995,229
32.64373,-16.83866,2380,219
32.83154,-16.90652,200,70
32.64685,-16.82853,1593,174
32.82613,-16.89327,127,72
32.83466,-16.89637,1,0
32.64996,-16.8184,599,254
32.81218,-16.87694,284,69
32.82072,-16.88003,29,8
32.82925,-16.88312,4,3
32.65307,-16.80826,34,5
32.66161,-16.81133,487,64
32.78969,-16.85752,396,89
32.66472,-16.8012,145,29
32.67327,-16.80427,968,147
32.78427,-16.84428,68,17
32.79281,-16.84737,50,7
32.67638,-16.79413,34,6
32.68492,-16.7972,1093,217
32.77031,-16.82797,344,122
32.77885,-16.83105,30,10
32.68803,-16.78706,649,142
32.76489,-16.81474,123,24
32.69114,-16.77692,17,0
32.70279,-16.76985,439,67
32.70589,-16.75971,7,3
32.71443,-16.76278,839,167
32.73773,-16.74863,313,27
32.74084,-16.73849,3064,516
32.74938,-16.74156,135,11
32.74394,-16.72834,1,0
32.74704,-16.71819,1,1
33.0297,-16.37972,18,7
33.03277,-16.36953,68,10
33.03583,-16.35934,134,12
33.04745,-16.35219,202,60
33.05051,-16.342,53,7
33.08472,-16.3542,5,0
33.06212,-16.33485,964,227
33.06518,-16.32466,85,13
33.05968,-16.31141,1,1
33.06824,-16.31446,44,16
33.0713,-16.30426,13,4
37.02552,-8.99198,9,0
38.72605,-9.47251,21,2
38.75455,-9.46921,22,7
38.68591,-9.30642,2209,644
38.43522,-9.12614,15,8
39.35742,-9.37743,2554,813
39.36844,-9.36881,40,15
37.44529,-8.7966,4,2
38.63897,-9.12682,240,33
38.65647,-9.13197,2,0
39.37302,-9.34626,13,2
37.08099,-8.67267,6,2
37.09197,-8.66414,10,4
38.64348,-9.10449,1525,344
38.64574,-9.09333,1081,173
37.95623,-8.88231,719,91
37.97821,-8.86516,8,2
38.8232,-9.08632,214,56
38.8342,-9.0777,14,4
37.11828,-8.57903,37,1
37.89943,-8.79606,8,6
37.12047,-8.56808,113,44
38.8562,-9.06046,353,53
38.49108,-8.89475,7,1
38.87619,-9.00702,2,0
38.90468,-9.00353,2,0
38.92217,-9.00868,993,299
37.10058,-8.48192,133,39
37.09613,-8.45765,193,77
37.08289,-8.431,9,6
37.08506,-8.42006,5,0
37.08723,-8.40912,1,1
39.60257,-9.08006,368,153
37.07149,-8.30117,2,1
37.07365,-8.29022,48,23
37.0758,-8.27928,106,30
37.07795,-8.26834,33,8
36.9971,-7.97071,19,7
36.97203,-7.86074,15,11
36.98084,-7.86304,12,3
36.98295,-7.8521,56,23
36.99176,-7.8544,1,0
36.99386,-7.84346,675,179
36.99596,-7.83252,17,5
37.01987,-7.80428,51,27
37.02197,-7.79333,2,1
37.05005,-7.74317,422,170
37.06304,-7.72355,3,0
37.07602,-7.70392,5,0
37.09108,-7.67333,9,6
37.11028,-7.6208,5,0
37.12999,-7.61439,7,3
37.13206,-7.60342,485,134
37.13414,-7.59246,82,18
37.14502,-7.58376,3,1
37.14709,-7.57279,1,0
41.23521,-8.72822,164,27
37.15123,-7.55085,9,4
38.58535,-28.7986,50,9
38.60083,-28.80887,7,0
38.57436,-28.77797,110,19
38.5821,-28.7831,55,11
38.58984,-28.78822,18,1
38.53239,-28.73687,232,29
38.54014,-28.74198,149,33
38.57886,-28.76759,3,0
38.52913,-28.72138,160,27
38.59884,-28.76747,38,10
38.52588,-28.70589,241,38
38.53362,-28.71101,8,2
38.60333,-28.75709,155,31
38.53036,-28.69552,189,23
38.53811,-28.70063,2,2
38.60783,-28.74671,5,1
38.5271,-28.68004,311,52
38.53485,-28.68515,179,17
38.53159,-28.66967,276,42
38.53934,-28.67477,199,35
38.54709,-28.67988,5,1
38.61681,-28.72595,83,22
38.53607,-28.65929,249,29
38.54382,-28.6644,112,19
38.62905,-28.72069,62,14
38.5328,-28.64381,170,22
38.54055,-28.64891,112,10
38.5483,-28.65402,831,132
38.55606,-28.65913,214,26
38.63354,-28.71031,168,50
38.54503,-28.63854,208,31
38.55279,-28.64364,307,51
38.56054,-28.64875,38,7
38.62253,-28.68967,42,8
38.63028,-28.6948,195,36
38.54951,-28.62816,474,86
38.55727,-28.63326,196,32
38.56502,-28.63837,167,24
38.57277,-28.64348,6,1
38.61152,-28.66905,2,1
38.61927,-28.67417,50,7
38.62702,-28.67929,75,19
38.55399,-28.61778,241,45
38.56175,-28.62288,229,22
38.5695,-28.62799,58,5
38.57725,-28.6331,199,38
38.58501,-28.63821,2,0
38.60826,-28.65355,14,6
38.61601,-28.65866,147,41
38.57398,-28.61761,356,62
38.58173,-28.62271,73,8
38.59724,-28.63293,3,0
38.60499,-28.63805,53,8
38.59397,-28.61744,113,22
38.60172,-28.62255,7,0
38.46326,-28.505,10,1
38.47103,-28.51007,98,34
38.47879,-28.51515,15,2
38.48655,-28.52024,73,17
38.49431,-28.52532,234,56
38.50207,-28.53041,71,5
38.44444,-28.4794,20,5
38.4522,-28.48447,7,2
38.50654,-28.52003,242,43
38.5143,-28.52511,287,44
38.52206,-28.5302,220,36
38.44113,-28.46395,33,4
38.51101,-28.50965,67,13
38.51877,-28.51473,196,26
38.52653,-28.51982,336,43
38.43006,-28.44344,84,12
38.43782,-28.44851,87,23
38.52324,-28.50435,15,2
38.531,-28.50944,362,80
38.43451,-28.43307,77,18
38.51218,-28.4838,3,0
38.5277,-28.49397,2,0
38.53547,-28.49905,39,0
38.54323,-28.50414,169,33
38.53993,-28.48867,101,15
38.54769,-28.49375,2,0
38.53663,-28.4732,54,5
38.5444,-28.47828,155,24
38.55216,-28.48337,24,4
38.53333,-28.45773,48,10
38.54109,-28.46281,259,38
38.54886,-28.4679,2,0
38.53779,-28.44734,19,5
38.54556,-28.45242,100,8
38.54225,-28.43696,9,2
38.55002,-28.44204,13,0
38.42237,-28.34552,7,5
38.53894,-28.42149,112,11
38.54671,-28.42657,30,4
38.5434,-28.4111,101,22
38.54008,-28.39563,3,0
38.54785,-28.40071,86,31
38.53677,-28.38017,14,5
38.54454,-28.38524,46,6
38.54122,-28.36978,70,15
38.42126,-28.27848,104,19
38.53013,-28.34925,16,4
38.41792,-28.26305,201,34
38.51125,-28.32367,11,3
38.51903,-28.32873,27,6
38.5268,-28.33379,147,14
38.39123,-28.23252,82,24
38.50792,-28.30822,96,11
38.5157,-28.31327,464,76
38.39566,-28.22214,34,10
38.49681,-28.28771,4,0
38.4001,-28.21176,76,22
38.40453,-28.20138,130,23
38.47901,-28.23634,26,8
38.48679,-28.24138,5,1
38.46788,-28.21586,4,0
38.45675,-28.19539,62,22
38.46453,-28.20043,128,28
38.41446,-28.15481,6,2
38.45339,-28.17996,15,4
38.45004,-28.16454,18,5
38.44668,-28.14911,4,3
38.41215,-28.11359,10,2
38.40878,-28.09818,41,12
38.4132,-28.08779,58,11
38.41762,-28.0774,2,1
38.43321,-28.08744,47,9
38.41425,-28.062,81,18
38.42204,-28.06701,43,10
38.42983,-28.07203,1,0
38.43763,-28.07705,86,22
38.72562,-28.26393,79,13
38.7334,-28.26902,26,3
38.41866,-28.0516,16,7
38.42646,-28.05662,223,66
38.43425,-28.06164,135,33
38.71451,-28.24335,217,42
38.72229,-28.24843,100,20
38.42308,-28.04121,20,11
38.7034,-28.22278,22,3
38.71117,-28.22786,17,5
38.71895,-28.23293,30,3
38.69228,-28.20222,34,4
38.70005,-28.20729,332,48
38.70783,-28.21236,13,4
38.67337,-28.1766,41,12
38.68115,-28.18166,170,44
38.68893,-28.18673,8,0
38.70449,-28.19687,6,0
38.66223,-28.15605,183,21
38.67002,-28.16111,16,3
38.65888,-28.14058,91,26
38.66666,-28.14563,17,1
38.64773,-28.12005,89,18
38.69444,-28.1504,39,13
38.67658,-28.09889,29,8
38.68436,-28.10395,80,16
38.67321,-28.08341,17,6
38.61531,-28.03263,157,28
38.6231,-28.03767,8,4
38.66984,-28.06794,23,11
38.61193,-28.01718,13,4
38.66647,-28.05246,50,12
38.60855,-28.00172,76,13
38.65531,-28.03195,29,11
38.6631,-28.03699,15,2
38.60516,-27.98627,162,34
38.60957,-27.97585,121,44
38.61737,-27.98088,1,0
38.64075,-27.99598,11,5
38.64855,-28.00102,185,40
38.59838,-27.95537,18,6
38.57259,-27.899,1,1
38.56919,-27.88357,13,2
38.54676,-27.84269,28,3
38.54334,-27.82727,17,3
38.55115,-27.83227,51,10
38.54773,-27.81685,171,29
38.54432,-27.80142,175,47
38.55212,-27.80642,39,16
38.5487,-27.791,87,21
38.54528,-27.77558,52,8
38.55309,-27.78058,123,24
38.5609,-27.78557,24,5
39.04294,-28.03107,11,6
39.05072,-28.03616,71,25
39.0585,-28.04126,10,5
39.06629,-28.04636,138,36
39.07407,-28.05146,85,23
39.04736,-28.02059,14,2
39.05514,-28.02569,156,25
39.06292,-28.03078,13,4
39.07071,-28.03588,25,4
39.07849,-28.04098,69,10
39.08627,-28.04608,61,12
39.02063,-27.98976,193,51
39.02841,-27.99485,205,34
39.0362,-27.99993,53,8
39.04399,-28.00502,38,11
39.05177,-28.01012,79,8
39.05956,-28.01521,96,32
39.06734,-28.0203,87,17
39.07512,-28.0254,70,10
39.08291,-28.0305,75,8
39.03283,-27.98437,91,18
39.04061,-27.98946,144,27
39.06397,-28.00473,20,3
39.07176,-28.00982,207,28
39.07954,-28.01492,161,22
39.04503,-27.97898,113,21
39.05281,-27.98407,43,8
39.07617,-27.99934,12,2
38.68846,-27.33788,8,1
38.6963,-27.34284,491,96
38.70414,-27.3478,243,42
38.71197,-27.35276,137,26
38.71981,-27.35773,254,50
38.72765,-27.36269,38,13
38.73548,-27.36766,31,9
38.68496,-27.32246,369,90
38.6928,-27.32741,243,38
38.70064,-27.33237,215,34
38.70848,-27.33733,11,3
38.74766,-27.36216,117,28
38.67362,-27.30208,393,57
38.68146,-27.30703,123,24
38.6893,-27.31199,99,10
38.75983,-27.35666,8,5
38.66227,-27.28172,264,30
38.67011,-27.28666,294,51
38.67795,-27.29162,435,82
38.68579,-27.29657,48,8
38.6666,-27.27125,278,35
38.67444,-27.2762,408,32
38.68229,-27.28115,350,37
38.69013,-27.2861,45,8
38.77635,-27.34068,7,1
38.66309,-27.25584,848,138
38.67093,-27.26078,660,69
38.67878,-27.26573,332,25
38.68662,-27.27068,206,15
38.78069,-27.3302,21,6
38.66742,-27.24537,941,171
38.67526,-27.25032,969,138
38.6831,-27.25526,259,41
38.69095,-27.26021,112,12
38.78502,-27.31972,66,6
38.6639,-27.22996,894,190
38.67175,-27.2349,365,81
38.67959,-27.23985,271,37
38.78936,-27.30924,224,44
38.66038,-27.21455,3045,761
38.66823,-27.21949,1207,304
38.67607,-27.22443,399,49
38.68392,-27.22938,315,52
38.78586,-27.29379,102,11
38.6647,-27.20408,648,96
38.67255,-27.20902,521,76
38.6804,-27.21396,111,15
38.79019,-27.28331,38,5
38.66118,-27.18867,440,83
38.66903,-27.19361,16,1
38.67687,-27.19855,172,30
38.78668,-27.26787,268,52
38.79452,-27.27283,88,12
38.6655,-27.1782,1105,235
38.67335,-27.18314,3,0
38.78317,-27.25242,292,43
38.79101,-27.25738,444,101
38.66197,-27.1628,227,34
38.7875,-27.24194,4,0
38.65844,-27.1474,462,88
38.78399,-27.2265,43,7
38.6549,-27.13199,240,46
38.66275,-27.13692,11,2
38.78831,-27.21601,158,30
38.65922,-27.12152,231,49
38.65568,-27.10612,97,7
38.66353,-27.11105,12,4
38.76558,-27.17523,231,54
38.77343,-27.18018,384,80
38.78127,-27.18513,49,6
38.65213,-27.09072,14,0
38.65999,-27.09565,308,75
38.66784,-27.10057,106,18
38.7699,-27.16475,116,21
38.77775,-27.1697,504,123
38.78559,-27.17465,96,22
38.6643,-27.08517,710,173
38.67215,-27.0901,395,70
38.68001,-27.09502,187,28
38.75067,-27.13943,41,10
38.75852,-27.14437,23,3
38.76637,-27.14932,64,4
38.77422,-27.15426,51,7
38.78207,-27.15921,387,96
38.67646,-27.07962,64,5
38.68432,-27.08455,143,26
38.69217,-27.08947,228,39
38.73929,-27.11907,51,8
38.74714,-27.12401,182,18
38.75499,-27.12895,252,44
38.76284,-27.13389,319,74
38.77069,-27.13883,59,14
38.68077,-27.06914,460,72
38.68863,-27.07407,242,22
38.69648,-27.07899,379,74
38.71219,-27.08885,20,0
38.72004,-27.09378,117,18
38.7279,-27.09871,78,4
38.73575,-27.10365,230,38
38.7436,-27.10858,445,94
38.75145,-27.11352,67,2
38.7593,-27.11846,225,14
38.76715,-27.1234,322,51
38.775,-27.12834,239,28
38.69294,-27.06359,226,34
38.70079,-27.06851,164,37
38.70865,-27.07344,78,10
38.7165,-27.07837,80,16
38.72436,-27.0833,192,37
38.73221,-27.08823,281,49
38.74006,-27.09316,156,37
38.74791,-27.0981,89,16
38.75577,-27.10304,301,27
38.76362,-27.10797,998,190
38.77147,-27.11291,316,54
38.69724,-27.05311,199,24
38.7051,-27.05803,332,62
38.72867,-27.07281,508,73
38.73652,-27.07775,732,130
38.74437,-27.08268,525,81
38.75223,-27.08761,214,49
38.76008,-27.09255,391,67
38.76793,-27.09749,571,96
38.77578,-27.10243,12,0
38.74083,-27.06726,459,71
38.74868,-27.07219,479,83
38.75654,-27.07713,233,32
38.76439,-27.08206,249,30
37.82714,-25.82262,431,75
37.83509,-25.82728,216,30
37.84304,-25.83194,184,31
37.85099,-25.8366,423,87
37.85894,-25.84127,49,8
37.81539,-25.80287,10,0
37.82334,-25.80753,115,16
37.8313,-25.81219,21,6
37.85516,-25.82617,2,1
37.86311,-25.83083,126,14
37.80364,-25.78314,777,96
37.8116,-25.78779,4,1
37.87522,-25.82506,4,0
37.84757,-25.79598,25,3
37.85553,-25.80064,162,14
37.86348,-25.8053,10,0
37.87939,-25.81463,4,0
37.77217,-25.73905,2,0
37.85969,-25.79021,382,65
37.86764,-25.79487,122,19
37.7604,-25.71934,374,46
37.76836,-25.72398,549,47
37.77632,-25.72862,340,51
37.88771,-25.79375,47,9
37.74863,-25.69965,1198,184
37.75659,-25.70428,851,126
37.76455,-25.70892,1222,186
37.77251,-25.71356,359,56
37.89187,-25.78331,26,1
37.74481,-25.68459,3294,523
37.75277,-25.68922,1134,271
37.76074,-25.69386,1322,159
37.7687,-25.69849,1952,165
37.77666,-25.70313,295,28
37.89603,-25.77287,12,2
37.74896,-25.67416,2162,413
37.75692,-25.6788,11,1
37.76488,-25.68343,269,24
37.77285,-25.68806,203,36
37.78081,-25.6927,10,0
37.89223,-25.75777,4,2
37.7531,-25.66374,1932,466
37.76107,-25.66837,1029,122
37.80088,-25.69155,5,1
37.87252,-25.73337,37,0
37.88047,-25.73802,112,17
37.74928,-25.64868,1277,183
37.75725,-25.65331,2009,375
37.76521,-25.65794,2565,337
37.77318,-25.66257,1377,191
37.80503,-25.68111,5,0
37.81299,-25.68575,59,12
37.82095,-25.6904,517,61
37.82891,-25.69504,226,34
37.83687,-25.69968,436,69
37.84483,-25.70433,12,1
37.85279,-25.70898,242,31
37.86075,-25.71362,7,0
37.86871,-25.71827,334,23
37.87667,-25.72293,400,46
37.75343,-25.63825,1418,221
37.76139,-25.64288,1732,162
37.76936,-25.64751,28,2
37.77732,-25.65214,194,21
37.78529,-25.65677,4,0
37.79325,-25.66141,4,0
37.80918,-25.67068,216,17
37.81714,-25.67532,303,42
37.8251,-25.67996,538,50
37.83306,-25.6846,730,97
37.75757,-25.62782,541,41
37.76553,-25.63245,198,32
37.7735,-25.63708,47,6
37.78146,-25.64171,11,0
37.81332,-25.66025,98,6
37.82128,-25.66488,1135,119
36.96279,-25.16243,4,0
37.76171,-25.6174,566,47
37.76967,-25.62202,237,9
37.80154,-25.64054,109,6
37.8095,-25.64518,13,0
37.81747,-25.64981,101,9
37.82543,-25.65445,298,19
36.95886,-25.14761,340,57
36.96687,-25.15208,463,47
36.97489,-25.15655,225,75
37.75788,-25.60234,745,104
37.76585,-25.60696,361,39
37.77381,-25.61159,57,7
37.78975,-25.62085,97,7
37.79771,-25.62548,120,2
37.80568,-25.63011,16,1
37.81364,-25.63474,463,42
37.82161,-25.63938,449,62
36.95493,-25.13279,199,38
36.96294,-25.13726,571,91
36.97096,-25.14173,24,5
36.97897,-25.1462,45,9
36.98698,-25.15068,56,13
37.75405,-25.58729,101,6
37.76202,-25.59191,64,7
37.76999,-25.59653,571,45
37.79389,-25.61041,139,3
37.80185,-25.61504,1713,237
37.80982,-25.61967,268,32
37.81779,-25.6243,132,7
36.95901,-25.12244,128,13
36.96702,-25.12691,161,28
36.97504,-25.13138,142,5
36.98305,-25.13585,7,3
36.99106,-25.14032,19,2
37.75021,-25.57224,1381,253
37.75818,-25.57686,97,3
37.76615,-25.58148,73,4
37.77412,-25.5861,93,3
37.79006,-25.59535,15,4
37.79803,-25.59998,114,13
37.80599,-25.6046,648,50
37.81396,-25.60923,78,7
36.96309,-25.11208,162,23
36.9711,-25.11655,48,5
36.97912,-25.12102,139,20
36.98713,-25.1255,6,0
36.99514,-25.12997,55,5
37.74638,-25.55719,671,70
37.75435,-25.56181,259,19
37.76232,-25.56642,1486,140
37.77029,-25.57104,65,10
37.78623,-25.58029,15,3
37.7942,-25.58491,172,12
37.80216,-25.58954,254,14
37.81013,-25.59417,1181,28
36.95915,-25.09726,24,1
36.96717,-25.10173,264,30
36.98319,-25.11067,182,30
36.99121,-25.11514,56,9
37.74254,-25.54214,6,1
37.75051,-25.54676,39,2
37.76645,-25.55599,283,34
37.77442,-25.56061,16,2
37.79036,-25.56985,15,1
37.79833,-25.57448,61,9
37.8063,-25.5791,1191,102
36.94719,-25.07798,36,7
36.95521,-25.08245,6,3
36.97124,-25.09138,4,1
36.98727,-25.10031,45,6
36.99529,-25.10479,79,10
37.73072,-25.52249,3,0
37.74667,-25.53171,188,16
37.75464,-25.53632,87,8
37.7945,-25.55942,61,1
37.80247,-25.56404,29,3
37.81044,-25.56866,717,66
36.94325,-25.06317,52,8
36.95127,-25.06763,1,1
36.99936,-25.09443,8,0
37.7189,-25.50284,643,72
37.72688,-25.50745,656,95
37.75877,-25.52589,3,0
37.79066,-25.54436,2,0
36.9393,-25.04836,7,2
36.94732,-25.05282,35,4
36.95534,-25.05728,45,4
36.96336,-25.06174,18,1
36.97137,-25.0662,11,1
36.97939,-25.07067,85,21
36.98741,-25.07513,48,8
36.99542,-25.0796,46,5
37.00344,-25.08407,24,3
37.72303,-25.49241,172,29
37.79479,-25.53392,666,63
37.80276,-25.53854,430,52
37.81073,-25.54316,18,0
36.94337,-25.03801,21,5
36.95139,-25.04247,89,14
36.95941,-25.04693,107,24
36.96743,-25.05139,38,4
36.98346,-25.06031,38,4
36.99148,-25.06478,72,15
36.9995,-25.06924,10,6
37.72715,-25.48198,46,8
37.79892,-25.52348,10,0
37.80689,-25.5281,526,42
37.81486,-25.53272,2362,274
36.94744,-25.02765,10,1
36.95546,-25.03211,28,8
36.96348,-25.03657,21,6
36.9715,-25.04103,21,5
37.7233,-25.46694,45,13
37.80305,-25.51304,5,2
37.81102,-25.51766,208,26
37.819,-25.52228,3396,407
37.72742,-25.45651,184,28
37.7992,-25.49798,1,1
37.81515,-25.50722,19,2
37.82312,-25.51184,672,105
37.72357,-25.44148,173,13
37.79536,-25.48293,5,1
37.80333,-25.48754,3,2
37.81131,-25.49216,66,4
37.81928,-25.49677,94,14
37.82725,-25.50139,1753,154
37.72769,-25.43104,34,0
37.81543,-25.48171,80,3
37.82341,-25.48633,131,13
37.83138,-25.49095,380,42
37.72382,-25.41601,374,36
37.72794,-25.40557,3,0
37.72407,-25.39054,34,1
37.74004,-25.39973,2,1
37.73617,-25.3847,3,0
37.81597,-25.43071,4,0
37.72432,-25.36508,725,101
37.81211,-25.41566,34,6
37.72843,-25.35464,221,44
37.74439,-25.36382,2,0
37.81623,-25.40521,127,24
37.82034,-25.39476,119,19
37.74874,-25.32791,3,0
37.82059,-25.36926,30,5
37.82857,-25.37386,265,42
37.73687,-25.3083,14,1
37.76083,-25.32205,1,1
37.76882,-25.32664,9,0
37.81672,-25.35421,1,0
37.8247,-25.35881,470,71
37.83268,-25.36341,31,3
37.74098,-25.29785,114,16
37.76494,-25.31161,114,15
37.77292,-25.3162,748,125
37.82881,-25.34836,318,53
37.83679,-25.35296,285,35
37.76904,-25.30116,64,6
37.77703,-25.30575,450,61
37.78502,-25.31034,3,0
37.83292,-25.33791,26,1
37.84091,-25.34251,113,13
37.74918,-25.27697,11,1
37.76516,-25.28613,4,0
37.77315,-25.29072,3,0
37.84501,-25.33205,3,0
37.75329,-25.26652,44,5
37.84114,-25.317,77,5
37.84912,-25.3216,477,78
37.75739,-25.25607,132,23
37.83726,-25.30195,110,10
37.84524,-25.30654,227,30
37.75349,-25.24105,434,108
37.76148,-25.24563,334,51
37.76947,-25.25021,122,24
37.84935,-25.29609,251,51
37.75759,-25.2306,672,124
37.76558,-25.23518,301,53
37.84547,-25.28103,67,12
37.76968,-25.22473,43,8
37.77767,-25.22931,2,0
37.84957,-25.27058,252,56
37.7498,-25.20056,80,16
37.84568,-25.25553,38,4
37.84589,-25.23002,240,48
37.75408,-25.16464,16,2
37.76207,-25.1692,9,0
37.84999,-25.21956,86,16
37.76616,-25.15875,268,53
37.84609,-25.20451,52,8
37.85019,-25.19405,167,30
37.84629,-25.17901,54,9
37.81041,-25.14567,214,55
37.8184,-25.15024,3,2
37.83439,-25.15939,116,21
37.84239,-25.16397,195,43
39.45318,-31.25585,124,21
39.38246,-31.18996,181,27
39.39199,-31.16927,168,35
39.40431,-31.16448,12,1
39.42895,-31.15488,46,5
39.4365,-31.16043,5,0
39.51201,-31.21601,64,14
39.45637,-31.16118,1,0
39.45358,-31.14527,36,4
39.46114,-31.15083,83,17
39.46869,-31.15638,37,2
39.47624,-31.16193,7,1
39.6884,-31.09622,1,0
32.77676,-17.23656,136,41
32.81084,-17.24908,265,72
32.75436,-17.21704,58,16
32.76288,-17.22017,105,33
32.7714,-17.22329,87,32
32.77992,-17.22642,72,23
32.78844,-17.22955,48,12
32.79696,-17.23268,68,20
32.80548,-17.23581,105,16
32.814,-17.23894,83,25
32.82252,-17.24207,111,36
32.74048,-17.20066,131,34
32.749,-17.20378,271,84
32.75752,-17.20691,160,58
32.76604,-17.21003,214,79
32.77456,-17.21316,91,26
32.78308,-17.21628,3,0
32.81716,-17.2288,3,2
32.82568,-17.23193,56,26
32.73511,-17.18741,606,154
32.74363,-17.19053,235,81
32.75216,-17.19365,11,4
32.76068,-17.19677,81,29
32.7692,-17.1999,7,1
32.72974,-17.17416,959,202
32.73827,-17.17727,324,68
32.74679,-17.18039,7,1
32.84052,-17.21478,70,18
32.72437,-17.16091,495,131
32.7329,-17.16402,408,101
32.74142,-17.16714,120,22
32.84368,-17.20463,49,23
32.719,-17.14766,743,175
32.72752,-17.15077,596,147
32.73605,-17.15389,151,29
32.74457,-17.15701,3,0
32.84683,-17.19449,1,0
32.85535,-17.19762,271,80
32.71362,-17.13441,92,25
32.72215,-17.13753,189,26
32.73067,-17.14064,76,7
32.7392,-17.14375,9,1
32.84999,-17.18434,97,28
32.85851,-17.18747,322,101
32.69972,-17.11806,1159,233
32.70825,-17.12117,709,173
32.71677,-17.12428,385,74
32.7253,-17.12739,45,22
32.85314,-17.17419,225,105
32.86166,-17.17732,250,41
32.68581,-17.10171,1072,196
32.69434,-17.10482,623,148
32.70287,-17.10793,493,80
32.71139,-17.11104,216,36
32.72845,-17.11726,6,2
32.83925,-17.1578,6,3
32.84778,-17.16092,121,47
32.68896,-17.09158,926,215
32.69748,-17.09469,397,99
32.70601,-17.0978,190,37
32.6921,-17.08145,342,98
32.70063,-17.08456,87,22
32.67818,-17.06512,1297,235
32.68671,-17.06822,318,66
32.69524,-17.07132,76,8
32.80609,-17.11176,4,0
32.81461,-17.11487,2,0
32.6728,-17.05189,1201,270
32.68133,-17.05499,654,79
32.68985,-17.05809,197,28
32.69838,-17.06119,24,5
32.70691,-17.06429,73,18
32.67593,-17.04176,883,146
32.68446,-17.04486,291,76
32.69299,-17.04796,118,33
32.71005,-17.05416,20,4
32.67054,-17.02853,1016,196
32.67907,-17.03163,542,98
32.6876,-17.03472,91,18
32.69613,-17.03782,166,42
32.70466,-17.04092,66,27
32.71319,-17.04403,37,7
32.66515,-17.0153,557,117
32.67368,-17.0184,365,67
32.68221,-17.02149,330,65
32.69074,-17.02459,67,16
32.69927,-17.02769,154,29
32.7078,-17.03079,91,37
32.71633,-17.03389,82,30
32.72486,-17.03699,27,4
32.65975,-17.00208,698,133
32.66828,-17.00517,362,65
32.67681,-17.00827,232,36
32.68534,-17.01136,1,1
32.69387,-17.01446,335,31
32.70241,-17.01756,160,55
32.71947,-17.02375,15,3
32.728,-17.02686,452,117
32.73653,-17.02996,109,30
32.77917,-17.04548,105,22
32.7877,-17.04859,144,36
32.79623,-17.0517,133,34
32.66288,-16.99195,1257,204
32.67141,-16.99504,678,71
32.67995,-16.99813,146,38
32.68848,-17.00123,342,76
32.69701,-17.00433,66,17
32.70554,-17.00742,1,0
32.73113,-17.01672,66,14
32.73966,-17.01982,188,54
32.74819,-17.02292,10,3
32.76525,-17.02913,26,8
32.77378,-17.03223,353,91
32.78231,-17.03534,147,40
32.79084,-17.03845,635,163
32.79937,-17.04155,350,79
32.65748,-16.97873,3237,351
32.66601,-16.98182,1028,174
32.67455,-16.98491,1781,332
32.68308,-16.988,1488,270
32.69161,-16.9911,557,132
32.70014,-16.99419,318,65
32.75133,-17.01278,4,1
32.77692,-17.02209,59,12
32.78545,-17.02519,189,58
32.79398,-17.0283,199,62
32.8025,-17.03141,3,0
32.65208,-16.96551,1811,283
32.66061,-16.9686,3183,338
32.66914,-16.97169,1619,236
32.67768,-16.97478,2235,385
32.68621,-16.97787,316,34
32.70328,-16.98406,3,3
32.78005,-17.01195,2,0
32.78858,-17.01505,29,10
32.6552,-16.95538,1621,337
32.66374,-16.95847,1278,152
32.67227,-16.96155,628,94
32.68081,-16.96464,407,43
32.68934,-16.96774,139,13
32.69787,-16.97083,16,1
32.70641,-16.97392,293,46
32.71494,-16.97701,124,24
32.64126,-16.93908,4428,928
32.6498,-16.94216,5070,787
32.65833,-16.94525,4758,813
32.66687,-16.94833,3607,631
32.6754,-16.95142,1841,370
32.68394,-16.95451,301,48
32.69247,-16.9576,11,2
32.71807,-16.96688,743,145
32.7266,-16.96997,114,23
32.73513,-16.97307,124,32
32.81191,-17.00097,51,7
32.64439,-16.92895,5569,1093
32.65292,-16.93203,5296,816
32.66146,-16.93512,4404,728
32.66999,-16.9382,3475,657
32.67853,-16.94129,2258,402
32.68706,-16.94438,403,74
32.73826,-16.96293,84,15
32.7468,-16.96602,84,21
32.78092,-16.97841,43,16
32.81505,-16.99082,32,16
32.65605,-16.9219,4880,1066
32.66458,-16.92498,3566,701
32.67312,-16.92807,3316,660
32.68165,-16.93115,83,13
32.74993,-16.95588,2,0
32.79259,-16.97137,76,30
32.80112,-16.97447,33,8
32.80965,-16.97757,75,24
32.81818,-16.98067,201,60
32.65917,-16.91177,4778,1217
32.66771,-16.91485,3332,811
32.67624,-16.91794,1335,258
32.68478,-16.92102,11,1
32.79572,-16.96122,21,10
32.80425,-16.96432,175,44
32.81278,-16.96742,127,35
32.65376,-16.89855,4880,1296
32.66229,-16.90164,2031,560
32.67083,-16.90472,1679,604
32.67937,-16.9078,1673,366
32.6879,-16.91089,14,5
32.81591,-16.95727,22,7
32.65688,-16.88842,3718,955
32.66542,-16.8915,1687,382
32.67395,-16.89458,228,52
32.68249,-16.89767,98,17
32.81904,-16.94712,15,5
32.65146,-16.87521,1346,278
32.66,-16.87829,1409,352
32.66854,-16.88137,376,88
32.67707,-16.88445,33,8
32.68561,-16.88753,8,2
32.70268,-16.8937,2,0
32.81363,-16.93388,1,1
32.82217,-16.93697,237,69
32.65458,-16.86508,89,9
32.66312,-16.86816,675,121
32.67166,-16.87123,160,51
32.68019,-16.87431,9,4
32.68873,-16.87739,31,3
32.81676,-16.92373,29,7
32.82529,-16.92682,24,2
32.64916,-16.85187,5370,542
32.6577,-16.85494,1798,181
32.66623,-16.85802,271,61
32.67477,-16.8611,384,71
32.68331,-16.86418,113,26
32.69185,-16.86726,282,50
32.70039,-16.87034,40,8
32.73454,-16.88267,1,0
32.74307,-16.88576,26,8
32.77721,-16.89811,4,2
32.80282,-16.90739,47,12
32.81135,-16.91048,130,57
32.81988,-16.91358,176,68
32.82842,-16.91667,220,84
32.65227,-16.84174,3838,479
32.66081,-16.84481,533,62
32.66935,-16.84789,1525,208
32.67789,-16.85096,1401,249
32.68643,-16.85404,971,205
32.69497,-16.85712,242,45
32.70351,-16.8602,6,2
32.74619,-16.87561,66,15
32.75473,-16.8787,209,50
32.76326,-16.88179,20,5
32.7718,-16.88487,1,1
32.78887,-16.89105,19,4
32.79741,-16.89414,43,7
32.80594,-16.89724,120,53
32.81447,-16.90033,34,10
32.82301,-16.90342,269,82
32.65539,-16.8316,2592,206
32.66393,-16.83468,356,66
32.67247,-16.83775,338,57
32.68101,-16.84083,353,89
32.68955,-16.8439,168,39
32.69808,-16.84698,36,8
32.75785,-16.86855,74,24
32.76638,-16.87164,43,13
32.77492,-16.87473,85,39
32.78346,-16.87782,59,11
32.79199,-16.88091,190,25
32.80053,-16.884,355,121
32.80906,-16.88709,395,90
32.8176,-16.89018,343,101
32.6585,-16.82147,1658,196
32.66704,-16.82454,138,21
32.67558,-16.82761,408,102
32.68412,-16.83069,418,84
32.69266,-16.83377,70,13
32.7012,-16.83684,154,37
32.70974,-16.83992,32,8
32.76097,-16.85841,94,25
32.7695,-16.86149,372,101
32.77804,-16.86458,98,35
32.78658,-16.86767,64,7
32.79511,-16.87076,309,66
32.80365,-16.87385,493,97
32.67015,-16.8144,1001,227
32.67869,-16.81748,316,55
32.68723,-16.82055,195,36
32.69577,-16.82363,132,31
32.70431,-16.8267,146,33
32.71285,-16.82978,137,27
32.72139,-16.83286,120,27
32.72993,-16.83594,123,25
32.73847,-16.83902,75,17
32.74701,-16.8421,19,9
32.75555,-16.84518,22,10
32.76408,-16.84826,72,32
32.77262,-16.85135,169,50
32.78116,-16.85443,179,49
32.68181,-16.80734,1136,166
32.69035,-16.81041,386,75
32.69889,-16.81349,83,30
32.70743,-16.81656,43,9
32.71597,-16.81964,26,7
32.72451,-16.82272,179,38
32.73305,-16.82579,163,32
32.74158,-16.82887,182,49
32.75012,-16.83195,76,20
32.75866,-16.83503,314,93
32.7672,-16.83812,364,81
32.77574,-16.8412,180,52
32.69346,-16.80027,587,119
32.702,-16.80335,453,73
32.71054,-16.80642,45,3
32.71908,-16.8095,30,4
32.72762,-16.81257,74,14
32.73616,-16.81565,237,66
32.7447,-16.81873,14,1
32.75324,-16.82181,175,46
32.76178,-16.82489,453,95
32.69657,-16.79013,1160,198
32.70511,-16.79321,243,33
32.71365,-16.79628,17,4
32.72219,-16.79935,23,10
32.73073,-16.80243,299,52
32.73927,-16.80551,242,60
32.69968,-16.77999,1361,254
32.70822,-16.78307,325,45
32.71676,-16.78614,9,0
32.7253,-16.78921,170,45
32.73384,-16.79229,750,167
32.74238,-16.79536,306,62
32.71133,-16.77292,1441,196
32.71987,-16.77599,825,174
32.72841,-16.77907,1641,344
32.73695,-16.78214,1068,257
32.74549,-16.78522,7,0
32.72298,-16.76585,2803,660
32.73152,-16.76892,1130,211
32.74006,-16.772,457,108
32.7486,-16.77507,9,1
32.73463,-16.75878,8,0
32.74627,-16.7517,34,2
33.03826,-16.38277,3,2
33.04439,-16.36239,142,32
33.05294,-16.36544,363,36
33.056,-16.35524,1060,187
33.06456,-16.35829,311,42
33.05906,-16.34505,265,63
33.06762,-16.3481,62,11
33.07617,-16.35115,24,7
33.07068,-16.3379,599,108
33.07923,-16.34095,116,21
33.08779,-16.344,424,67
33.07374,-16.3277,131,25
33.09085,-16.3338,12,1
33.0768,-16.31751,49,9
33.07985,-16.30731,1,1
38.70858,-9.46726,169,30
38.71732,-9.46988,93,22
38.77845,-9.48827,131,27
38.70215,-9.45347,455,98
38.71088,-9.45609,431,58
38.71962,-9.45872,749,179
38.72835,-9.46134,117,20
38.73708,-9.46396,8,0
38.76329,-9.47184,48,14
38.77202,-9.47446,75,25
38.78075,-9.47709,235,62
38.78949,-9.47972,101,20
37.03221,-8.95922,11,1
37.04976,-8.96411,1,0
38.70444,-9.44231,5746,1362
38.71318,-9.44493,1545,390
38.72191,-9.44755,1263,260
38.73065,-9.45017,1762,413
38.73938,-9.45279,263,50
38.74812,-9.45541,392,79
38.75685,-9.45804,119,28
38.76559,-9.46066,2,0
38.78305,-9.46591,8,1
38.79179,-9.46854,495,125
38.80052,-9.47117,959,242
37.01689,-8.94342,608,158
37.02567,-8.94586,17,3
37.05199,-8.95318,11,2
37.06077,-8.95563,3,1
38.698,-9.42852,3293,1086
38.70674,-9.43114,5133,1359
38.71547,-9.43376,2867,693
38.72421,-9.43638,463,91
38.73294,-9.439,1884,364
38.74168,-9.44162,126,32
38.75041,-9.44424,1125,252
38.75915,-9.44686,353,77
38.76788,-9.44948,4,1
38.78535,-9.45473,8,1
38.79408,-9.45736,372,93
38.80282,-9.45999,86,26
38.81155,-9.46262,211,74
38.82029,-9.46525,396,101
37.02789,-8.93494,8,0
37.05422,-8.94226,12,0
37.06299,-8.9447,8,2
38.70903,-9.41997,7738,2036
38.71776,-9.42259,5428,1344
38.7265,-9.42521,997,236
38.73524,-9.42782,178,39
38.74397,-9.43044,626,157
38.75271,-9.43306,121,22
38.76144,-9.43568,1,0
38.78765,-9.44355,10,2
38.79638,-9.44618,282,89
38.80512,-9.4488,1061,265
38.81385,-9.45143,292,81
38.82258,-9.45406,130,20
38.83132,-9.45669,188,47
37.03012,-8.92401,2,2
37.04767,-8.92889,2,0
37.06522,-8.93377,7,2
37.074,-8.93622,2,2
38.71132,-9.4088,7100,1638
38.72006,-9.41142,5070,1203
38.72879,-9.41403,2474,428
38.73753,-9.41665,373,78
38.74627,-9.41927,32,1
38.78994,-9.43237,9,2
38.79868,-9.435,249,52
38.80741,-9.43762,883,224
38.81615,-9.44025,365,86
38.82488,-9.44287,319,80
38.83361,-9.4455,107,21
38.84235,-9.44813,96,21
37.06745,-8.92285,10,4
37.07623,-8.92529,4,0
37.085,-8.92773,5,2
38.71361,-9.39763,1246,272
38.72235,-9.40025,787,187
38.73108,-9.40286,2490,513
38.73982,-9.40548,1404,281
38.74856,-9.40809,88,12
38.79224,-9.42119,7,3
38.80097,-9.42381,269,75
38.80971,-9.42644,495,90
38.81844,-9.42906,362,72
38.82717,-9.43169,205,27
38.83591,-9.43431,112,13
38.84464,-9.43694,987,188
38.85338,-9.43957,319,75
38.86211,-9.4422,65,13
37.06968,-8.91192,4,0
37.07845,-8.91436,494,135
37.08723,-8.9168,148,31
37.10478,-8.92168,3,0
38.70716,-9.38385,5923,1527
38.7159,-9.38646,2029,402
38.72464,-9.38908,1279,281
38.73337,-9.39169,2731,521
38.74211,-9.3943,1340,296
38.75085,-9.39692,115,12
38.75958,-9.39954,74,14
38.78579,-9.40739,6,1
38.79453,-9.41001,19,7
38.80326,-9.41263,475,126
38.812,-9.41525,74,21
38.82073,-9.41788,176,38
38.82947,-9.4205,24,8
38.8382,-9.42313,133,19
38.84694,-9.42575,237,48
38.85567,-9.42838,18,4
38.8644,-9.43101,714,134
38.87314,-9.43363,381,92
37.06312,-8.89855,1,0
37.0719,-8.90099,5,1
37.08068,-8.90343,120,32
37.08945,-8.90587,22,5
37.09823,-8.90831,11,2
37.107,-8.91075,1,0
37.11578,-8.91319,1,0
38.70071,-9.37007,4657,1184
38.70945,-9.37268,2855,783
38.71819,-9.37529,1337,245
38.72693,-9.3779,3097,548
38.73566,-9.38052,1202,215
38.7444,-9.38313,2314,256
38.75314,-9.38574,441,10
38.76187,-9.38836,827,100
38.77061,-9.39097,69,37
38.77935,-9.39359,5,2
38.78808,-9.39621,4,1
38.79682,-9.39883,46,15
38.80555,-9.40145,282,62
38.81429,-9.40407,823,216
38.82303,-9.40669,319,46
38.83176,-9.40931,15,2
38.8405,-9.41194,11,1
38.84923,-9.41456,242,61
38.85796,-9.41719,491,98
38.8667,-9.41981,1041,199
38.87543,-9.42244,926,189
38.88417,-9.42507,87,7
38.8929,-9.4277,24,5
37.05657,-8.88519,13,3
37.06535,-8.88763,2,0
37.07412,-8.89006,5,1
37.0829,-8.8925,295,76
37.09167,-8.89494,2,0
37.118,-8.90226,1,1
38.69426,-9.3563,6698,1788
38.703,-9.3589,8633,2029
38.71174,-9.36151,4462,905
38.72047,-9.36412,227,70
38.72921,-9.36673,1465,212
38.73795,-9.36934,2059,430
38.74669,-9.37195,170,28
38.76416,-9.37718,1425,202
38.7729,-9.37979,2136,369
38.78164,-9.38241,37,9
38.79037,-9.38503,515,125
38.79911,-9.38764,1077,280
38.80784,-9.39026,296,81
38.81658,-9.39288,1467,396
38.82532,-9.3955,118,37
38.83405,-9.39812,247,143
38.84279,-9.40075,143,20
38.85152,-9.40337,366,65
38.86026,-9.40599,98,25
38.86899,-9.40862,10,2
38.87773,-9.41124,15,3
38.88646,-9.41387,5,1
38.89519,-9.4165,137,27
38.90393,-9.41913,376,73
37.05879,-8.87427,10,1
37.06757,-8.8767,65,18
37.07634,-8.87913,13,2
37.08512,-8.88157,38,7
37.0939,-8.88401,24,0
37.10267,-8.88644,2,2
37.129,-8.89376,1,0
38.6878,-9.34253,6638,1891
38.69654,-9.34513,8612,2130
38.70528,-9.34774,6741,1290
38.71402,-9.35034,4824,1182
38.72276,-9.35295,1871,417
38.7315,-9.35556,553,159
38.74024,-9.35817,945,186
38.74897,-9.36078,186,41
38.75771,-9.36339,672,127
38.76645,-9.366,1220,198
38.77519,-9.36861,823,47
38.78392,-9.37123,333,74
38.79266,-9.37384,770,233
38.8014,-9.37646,2619,762
38.81013,-9.37908,437,70
38.81887,-9.3817,1084,224
38.83634,-9.38693,111,28
38.84508,-9.38956,77,16
38.85381,-9.39218,295,51
38.86255,-9.3948,274,69
38.87128,-9.39742,694,218
38.88002,-9.40005,162,38
38.88875,-9.40267,32,9
38.89749,-9.4053,134,16
38.90622,-9.40793,994,194
38.91495,-9.41056,131,35
38.92369,-9.41319,51,7
37.06101,-8.86334,6,0
37.06979,-8.86577,1,1
37.18387,-8.89748,155,45
37.19265,-8.89992,24,7
38.69009,-9.33136,5844,1696
38.69883,-9.33396,7178,1723
38.70757,-9.33657,3398,714
38.7163,-9.33917,3825,920
38.72504,-9.34178,2344,475
38.73378,-9.34438,1333,290
38.74252,-9.34699,166,35
38.75126,-9.3496,1251,320
38.76,-9.35221,2057,346
38.76873,-9.35482,2047,402
38.77747,-9.35743,468,86
38.78621,-9.36005,1223,85
38.79495,-9.36266,157,23
38.80368,-9.36528,60,14
38.81242,-9.36789,3247,526
38.82116,-9.37051,50,19
38.82989,-9.37313,437,90
38.83863,-9.37574,368,85
38.84737,-9.37836,685,186
38.8561,-9.38098,81,21
38.86484,-9.38361,57,11
38.87357,-9.38623,212,49
38.88231,-9.38885,164,32
38.89104,-9.39148,143,33
38.89978,-9.3941,34,8
38.90851,-9.39673,12,0
38.92598,-9.40198,45,9
38.93471,-9.40461,653,76
38.94345,-9.40724,119,23
38.95218,-9.40987,1659,222
37.06323,-8.85241,5,3
37.07201,-8.85484,17,7
38.69237,-9.32019,3699,1106
38.70111,-9.32279,5288,1161
38.70985,-9.32539,5594,571
38.71859,-9.328,4864,559
38.72733,-9.3306,4169,567
38.73607,-9.33321,932,183
38.7448,-9.33582,850,179
38.75354,-9.33842,1952,330
38.76228,-9.34103,2058,180
38.77102,-9.34364,159,69
38.77976,-9.34625,1348,288
38.78849,-9.34886,9724,1454
38.79723,-9.35148,8718,1569
38.80597,-9.35409,7077,552
38.81471,-9.3567,172,28
38.82344,-9.35932,292,82
38.83218,-9.36194,631,189
38.84092,-9.36455,294,79
38.84965,-9.36717,132,36
38.85839,-9.36979,356,91
38.86713,-9.37241,177,46
38.87586,-9.37503,24,11
38.8846,-9.37765,393,96
38.89333,-9.38028,192,41
38.90207,-9.3829,59,8
38.9108,-9.38553,305,77
38.91954,-9.38815,368,68
38.92827,-9.39078,306,76
38.93701,-9.39341,332,63
38.94574,-9.39604,313,89
38.95447,-9.39867,674,118
38.96321,-9.4013,464,88
38.97194,-9.40393,752,132
38.98067,-9.40656,402,33
38.98941,-9.4092,148,18
38.99814,-9.41183,540,116
39.00687,-9.41447,806,135
37.06545,-8.84148,4,3
37.07422,-8.84391,182,60
37.083,-8.84634,15,10
37.09178,-8.84878,38,26
37.12689,-8.85851,6,1
37.13566,-8.86095,8,1
37.14444,-8.86339,12,2
37.17077,-8.8707,2,0
37.17954,-8.87314,1,0
37.18832,-8.87558,2,2
37.20587,-8.88047,9,2
38.69465,-9.30902,12137,3650
38.70339,-9.31162,1824,259
38.71213,-9.31422,2151,401
38.72087,-9.31683,735,116
38.72961,-9.31943,3121,355
38.73835,-9.32203,107,25
38.74709,-9.32464,68,15
38.75582,-9.32725,249,61
38.76456,-9.32985,638,157
38.7733,-9.33246,800,115
38.78204,-9.33507,7075,1239
38.79078,-9.33768,8848,2158
38.79952,-9.34029,11919,2588
38.80825,-9.3429,2693,556
38.81699,-9.34552,24,9
38.82573,-9.34813,25,10
38.83447,-9.35075,32,7
38.8432,-9.35336,43,9
38.85194,-9.35598,166,36
38.86068,-9.3586,48,10
38.86941,-9.36122,145,29
38.87815,-9.36384,130,26
38.88688,-9.36646,258,68
38.89562,-9.36908,218,56
38.90436,-9.3717,25,8
38.91309,-9.37432,43,10
38.92183,-9.37695,94,17
38.93056,-9.37958,99,15
38.93929,-9.3822,35,7
38.94803,-9.38483,221,38
38.95676,-9.38746,35,6
38.9655,-9.39009,880,152
38.97423,-9.39272,409,102
38.98297,-9.39535,13,1
38.9917,-9.39798,508,114
39.00043,-9.40062,49,10
39.00916,-9.40325,138,24
39.0179,-9.40589,15,1
39.02663,-9.40852,119,35
39.03536,-9.41116,139,33
37.07644,-8.83298,24,4
37.08522,-8.83541,446,150
37.094,-8.83784,21,4
37.11155,-8.84271,3,0
37.13788,-8.85001,8,0
37.14666,-8.85245,12,0
37.15544,-8.85488,6,0
37.16421,-8.85732,5,1
37.17299,-8.85976,12,1
37.19054,-8.86464,21,10
37.19932,-8.86708,13,6
38.70567,-9.30045,2859,641
38.71441,-9.30305,2322,747
38.72315,-9.30565,4164,1121
38.73189,-9.30825,1631,257
38.74063,-9.31086,2844,403
38.74937,-9.31346,14,0
38.75811,-9.31607,48,6
38.76685,-9.31867,3592,419
38.77558,-9.32128,322,66
38.78432,-9.32389,15094,2546
38.79306,-9.3265,11773,1391
38.8018,-9.32911,6145,526
38.81054,-9.33172,1643,307
38.81928,-9.33433,46,18
38.84549,-9.34217,609,138
38.85422,-9.34479,259,66
38.86296,-9.3474,54,8
38.8717,-9.35002,442,98
38.88043,-9.35264,38,10
38.88917,-9.35526,160,34
38.89791,-9.35788,90,24
38.90664,-9.3605,365,88
38.91538,-9.36312,58,14
38.92411,-9.36575,13,2
38.93285,-9.36837,74,6
38.94158,-9.371,421,80
38.95032,-9.37362,242,42
38.95905,-9.37625,144,29
38.96779,-9.37888,467,90
38.97652,-9.38151,145,20
38.98526,-9.38414,142,44
38.99399,-9.38677,68,15
39.00272,-9.3894,204,35
39.01146,-9.39203,429,83
39.02019,-9.39467,10,4
39.02892,-9.3973,150,25
39.03765,-9.39994,67,10
39.04639,-9.40257,839,150
39.05512,-9.40521,215,49
39.06385,-9.40785,748,166
39.07258,-9.41049,41,7
37.07866,-8.82205,6,3
37.08743,-8.82448,97,13
37.09621,-8.82691,11,0
37.10499,-8.82934,4,0
37.16643,-8.84638,4,0
37.20153,-8.85613,6,1
38.70795,-9.28928,3267,437
38.71669,-9.29188,1568,374
38.72543,-9.29448,21,4
38.73417,-9.29708,602,109
38.74291,-9.29968,1904,154
38.75165,-9.30228,4531,444
38.76039,-9.30489,1718,150
38.76913,-9.30749,15983,3249
38.77786,-9.3101,6626,701
38.7866,-9.3127,10504,889
38.79534,-9.31531,877,234
38.80408,-9.31792,929,194
38.81282,-9.32053,474,175
38.82156,-9.32314,190,37
38.8303,-9.32575,235,40
38.83903,-9.32836,23,5
38.84777,-9.33098,370,77
38.85651,-9.33359,1496,337
38.86525,-9.33621,251,76
38.87398,-9.33882,38,8
38.89146,-9.34406,9,2
38.90019,-9.34668,2,1
38.90893,-9.3493,115,19
38.91766,-9.35192,204,58
38.9264,-9.35454,189,17
38.93514,-9.35716,202,34
38.94387,-9.35979,1098,73
38.95261,-9.36241,113,18
38.96134,-9.36504,552,120
38.97008,-9.36767,906,181
38.97881,-9.37029,101,24
38.98754,-9.37292,122,24
38.99628,-9.37555,165,46
39.00501,-9.37818,108,10
39.01375,-9.38081,80,15
39.02248,-9.38345,79,19
39.03995,-9.38872,50,9
39.04868,-9.39135,399,93
39.05741,-9.39399,189,34
39.06614,-9.39663,145,14
39.07488,-9.39926,105,12
39.08361,-9.4019,120,21
37.07209,-8.80869,18,5
37.08087,-8.81112,9,3
37.08965,-8.81355,97,21
37.09843,-8.81598,4,1
37.1072,-8.8184,11,1
37.11598,-8.82083,6,0
37.1862,-8.84031,2,1
37.23008,-8.8525,8,0
37.23886,-8.85495,8,4
38.4304,-9.19549,64,17
38.43915,-9.19806,14,2
38.71022,-9.27811,2869,593
38.71896,-9.28071,267,41
38.7277,-9.2833,1865,492
38.73644,-9.2859,1507,203
38.74518,-9.2885,8156,750
38.75392,-9.29111,5786,1060
38.76266,-9.29371,3847,374
38.7714,-9.29631,21869,4514
38.78014,-9.29892,5230,1139
38.78888,-9.30152,2869,1025
38.79762,-9.30413,75,28
38.80636,-9.30673,619,147
38.82384,-9.31195,246,58
38.83258,-9.31456,275,74
38.84131,-9.31717,654,196
38.85005,-9.31978,342,64
38.85879,-9.3224,1536,383
38.86753,-9.32501,154,22
38.87627,-9.32763,301,50
38.885,-9.33024,452,100
38.89374,-9.33286,220,51
38.91121,-9.3381,215,50
38.91995,-9.34071,20,6
38.92869,-9.34334,251,30
38.93742,-9.34596,2282,173
38.94616,-9.34858,1189,100
38.95489,-9.3512,348,67
38.96363,-9.35383,747,138
38.97236,-9.35645,27,7
38.9811,-9.35908,144,41
38.98983,-9.36171,196,42
38.99857,-9.36434,9,0
39.0073,-9.36697,66,14
39.02477,-9.37223,394,45
39.0335,-9.37486,103,26
39.04224,-9.37749,95,13
39.05097,-9.38013,79,9
39.0597,-9.38276,275,66
39.06843,-9.3854,494,71
39.07717,-9.38804,422,96
39.0859,-9.39067,394,97
39.09463,-9.39331,230,45
37.0743,-8.79776,23,6
37.08308,-8.80019,5,1
37.09186,-8.80261,25,8
37.10064,-8.80504,24,3
37.10942,-8.80747,50,5
37.1182,-8.8099,18,2
37.12697,-8.81233,8,0
37.22352,-8.83911,7,3
37.24107,-8.84399,14,3
37.29372,-8.85865,132,24
37.3025,-8.8611,1,1
37.31127,-8.86355,159,48
38.43267,-9.18436,244,78
38.45016,-9.18949,1,1
38.7125,-9.26694,3233,612
38.72124,-9.26953,2618,806
38.72998,-9.27213,1125,144
38.73872,-9.27473,352,43
38.74746,-9.27733,4897,954
38.7562,-9.27993,18527,3401
38.76494,-9.28253,5558,565
38.77368,-9.28513,8063,1278
38.78242,-9.28773,264,87
38.7999,-9.29294,741,81
38.80864,-9.29555,27,8
38.81738,-9.29815,44,11
38.82612,-9.30076,624,150
38.83486,-9.30337,67,21
38.8436,-9.30598,38,3
38.85233,-9.30859,95,21
38.86107,-9.3112,81,21
38.86981,-9.31381,1066,255
38.87855,-9.31643,89,18
38.88728,-9.31904,107,25
38.89602,-9.32166,109,33
38.90476,-9.32427,11,1
38.9135,-9.32689,260,38
38.92223,-9.32951,127,12
38.93097,-9.33213,1494,185
38.93971,-9.33475,5609,1130
38.94844,-9.33737,954,137
38.95718,-9.33999,733,162
38.97465,-9.34524,263,39
38.98338,-9.34787,100,6
38.99212,-9.35049,45,6
39.00085,-9.35312,99,29
39.00959,-9.35575,85,25
39.01832,-9.35838,24,7
39.02706,-9.36101,196,141
39.03579,-9.36364,669,147
39.04452,-9.36627,276,52
39.05326,-9.3689,49,7
39.06199,-9.37154,176,30
39.07072,-9.37417,694,111
39.07946,-9.37681,257,59
39.08819,-9.37944,129,34
39.09692,-9.38208,87,17
37.07651,-8.78683,9,7
37.08529,-8.78926,63,16
37.09407,-8.79168,75,26
37.10285,-8.79411,189,48
37.11163,-8.79653,139,35
37.12041,-8.79896,12,0
37.12919,-8.80139,1,1
37.13797,-8.80382,13,1
37.1643,-8.81111,2,1
37.21696,-8.82572,6,0
37.22574,-8.82816,11,2
37.23452,-8.8306,25,14
37.24329,-8.83304,60,22
37.25207,-8.83548,2,2
37.28717,-8.84525,22,4
37.29594,-8.84769,82,20
37.30472,-8.85014,172,45
37.31349,-8.85258,193,46
37.32227,-8.85503,76,24
38.43493,-9.17323,143,37
38.44368,-9.17579,87,23
38.45243,-9.17836,4,0
38.46117,-9.18092,16,6
38.65357,-9.23762,4266,957
38.66232,-9.24021,1338,370
38.70603,-9.25317,1027,273
38.71477,-9.25576,2346,460
38.72351,-9.25836,4912,1270
38.73225,-9.26095,720,170
38.741,-9.26355,1921,447
38.74974,-9.26615,2639,455
38.75848,-9.26875,11719,3113
38.76722,-9.27135,2850,199
38.77596,-9.27395,4046,914
38.7847,-9.27655,511,117
38.79344,-9.27915,2,0
38.80218,-9.28175,341,21
38.81092,-9.28436,662,46
38.81966,-9.28696,714,205
38.8284,-9.28957,293,63
38.83714,-9.29218,119,34
38.85461,-9.2974,5,0
38.86335,-9.30001,122,23
38.87209,-9.30262,339,67
38.88083,-9.30523,282,65
38.88957,-9.30784,52,12
38.8983,-9.31046,30,10
38.90704,-9.31307,14,5
38.91578,-9.31569,468,84
38.92451,-9.3183,212,44
38.93325,-9.32092,22,3
38.94199,-9.32354,618,105
38.95072,-9.32616,561,91
38.95946,-9.32878,32,5
38.9682,-9.3314,21,5
38.97693,-9.33403,211,47
38.98567,-9.33665,11,2
38.9944,-9.33928,248,51
39.00314,-9.3419,1,1
39.01187,-9.34453,11,8
39.02061,-9.34716,19,2
39.02934,-9.34978,23,5
39.03808,-9.35241,123,21
39.04681,-9.35504,13,1
39.05555,-9.35768,29,7
39.06428,-9.36031,254,79
39.07301,-9.36294,8,0
39.08175,-9.36558,453,88
39.09048,-9.36821,203,48
39.09921,-9.37085,19,1
39.10794,-9.37349,354,77
39.11668,-9.37612,1048,241
39.12541,-9.37876,382,118
37.07872,-8.7759,157,41
37.0875,-8.77832,25,8
37.09628,-8.78075,5,2
37.10506,-8.78317,15,1
37.11384,-8.7856,46,9
37.12262,-8.78802,22,1
37.1314,-8.79045,17,2
37.2104,-8.81233,1,0
37.21918,-8.81477,9,2
37.22795,-8.8172,18,8
37.23673,-8.81964,20,9
37.24551,-8.82208,28,10
37.25428,-8.82452,22,9
37.28939,-8.83428,11,6
37.29816,-8.83673,56,15
37.30694,-8.83917,119,29
37.31571,-8.84162,8,0
37.33326,-8.84651,32,5
38.43719,-9.1621,63,12
38.44594,-9.16466,39,7
38.45469,-9.16722,49,12
38.46344,-9.16979,134,24
38.47218,-9.17235,323,103
38.48093,-9.17492,41,8
38.62961,-9.21871,430,95
38.63836,-9.22129,376,67
38.6471,-9.22387,865,203
38.65584,-9.22646,339,90
38.66459,-9.22905,476,159
38.7083,-9.242,9487,2719
38.71704,-9.24459,5823,1635
38.72579,-9.24718,6577,1591
38.73453,-9.24978,25,0
38.74327,-9.25237,3,2
38.75201,-9.25497,5190,1448
38.76075,-9.25757,21802,3985
38.76949,-9.26016,7488,776
38.77823,-9.26276,7124,927
38.78697,-9.26536,41,13
38.79571,-9.26797,44,13
38.80445,-9.27057,65,9
38.81319,-9.27317,842,113
38.82193,-9.27577,313,87
38.83067,-9.27838,306,86
38.84815,-9.28359,3,0
38.85689,-9.2862,4,0
38.86563,-9.28881,60,15
38.87437,-9.29142,88,21
38.88311,-9.29403,27,1
38.89185,-9.29664,96,15
38.90058,-9.29925,158,23
38.90932,-9.30187,39,2
38.91806,-9.30448,134,15
38.9268,-9.3071,167,37
38.93553,-9.30972,629,120
38.95301,-9.31495,169,45
38.96174,-9.31757,236,53
38.97048,-9.32019,166,27
38.97922,-9.32281,84,16
38.98795,-9.32544,6,0
38.99669,-9.32806,357,99
39.00542,-9.33068,25,0
39.02289,-9.33594,13,2
39.03163,-9.33856,92,21
39.04036,-9.34119,417,76
39.0491,-9.34382,244,39
39.05783,-9.34645,635,154
39.06657,-9.34908,214,54
39.0753,-9.35171,41,17
39.08403,-9.35435,41,9
39.09277,-9.35698,38,9
39.1015,-9.35962,147,37
39.11023,-9.36225,953,192
39.11897,-9.36489,970,157
39.1277,-9.36753,583,85
39.13643,-9.37017,420,63
37.08093,-8.76497,75,14
37.08971,-8.76739,28,5
37.09849,-8.76981,518,146
37.10727,-8.77223,46,18
37.11605,-8.77466,5,2
37.12483,-8.77708,28,3
37.13361,-8.77951,144,65
37.14239,-8.78194,289,76
37.15117,-8.78436,25,5
37.21261,-8.80138,2,0
37.22139,-8.80381,1,1
37.23894,-8.80869,3,0
37.2565,-8.81356,8,4
37.26527,-8.816,18,4
37.28283,-8.82088,9,1
37.2916,-8.82332,6,1
37.30915,-8.82821,6,0
37.33548,-8.83554,2,0
37.34425,-8.83799,3,2
38.43945,-9.15096,50,17
38.4482,-9.15353,5,2
38.45695,-9.15609,96,20
38.4657,-9.15865,108,25
38.47445,-9.16122,619,166
38.48319,-9.16378,134,43
38.49194,-9.16635,53,28
38.50069,-9.16892,202,68
38.50944,-9.17149,99,41
38.57941,-9.19207,208,60
38.58815,-9.19464,102,32
38.60565,-9.1998,505,99
38.61439,-9.20238,982,252
38.62314,-9.20496,2257,310
38.63188,-9.20754,1981,309
38.64062,-9.21013,2158,359
38.64937,-9.21271,1040,351
38.65811,-9.2153,528,134
38.66686,-9.21788,223,139
38.70183,-9.22823,12204,3304
38.71057,-9.23082,10544,2262
38.71931,-9.23341,6082,976
38.72806,-9.23601,7483,2201
38.7368,-9.2386,450,24
38.74554,-9.24119,2552,272
38.75428,-9.24379,7124,2066
38.76302,-9.24638,9615,2058
38.77177,-9.24898,2551,404
38.78051,-9.25158,1383,324
38.79799,-9.25678,425,53
38.80673,-9.25938,127,12
38.81547,-9.26198,461,84
38.82421,-9.26458,86,17
38.83295,-9.26719,403,91
38.84169,-9.26979,255,67
38.85043,-9.2724,382,71
38.85917,-9.275,4,1
38.86791,-9.27761,28,2
38.87665,-9.28022,694,144
38.88538,-9.28283,67,14
38.89412,-9.28544,45,3
38.90286,-9.28805,135,45
38.9116,-9.29066,43,5
38.92034,-9.29328,1527,244
38.92908,-9.29589,420,59
38.93781,-9.29851,6,2
38.96402,-9.30636,75,19
38.97276,-9.30898,89,11
38.9815,-9.3116,65,12
38.99897,-9.31684,6,2
39.00771,-9.31946,2,0
39.01644,-9.32209,215,55
39.02518,-9.32471,391,95
39.03391,-9.32734,194,45
39.04265,-9.32997,42,7
39.05138,-9.33259,77,14
39.06012,-9.33522,177,38
39.06885,-9.33785,81,18
39.07759,-9.34048,97,34
39.08632,-9.34312,5,3
39.09505,-9.34575,349,76
39.10379,-9.34838,1300,290
39.11252,-9.35102,229,57
39.12125,-9.35365,120,34
39.12999,-9.35629,292,55
39.13872,-9.35893,209,33
39.14745,-9.36157,1078,275
37.08314,-8.75404,124,41
37.09192,-8.75646,65,25
37.1007,-8.75888,25,8
37.12704,-8.76614,21,4
37.13582,-8.76857,30,6
37.1446,-8.77099,80,28
37.15338,-8.77342,7,2
37.16216,-8.77585,5,0
37.18849,-8.78313,7,1
37.19727,-8.78556,1,0
37.20605,-8.788,3,0
37.2236,-8.79286,6,1
37.23238,-8.7953,10,5
37.24116,-8.79773,1,0
37.24993,-8.80017,2,1
37.25871,-8.8026,13,1
37.26749,-8.80504,19,3
37.27626,-8.80748,26,9
37.28504,-8.80992,2,2
37.29382,-8.81236,3,1
37.30259,-8.8148,1,0
37.31137,-8.81724,6,2
37.33769,-8.82457,2,2
38.44171,-9.13983,79,31
38.45046,-9.14239,25,5
38.45921,-9.14495,86,32
38.46796,-9.14752,643,139
38.47671,-9.15008,257,44
38.48545,-9.15264,4,2
38.4942,-9.15521,47,20
38.50295,-9.15778,161,54
38.5117,-9.16034,107,58
38.56418,-9.17577,170,23
38.57293,-9.17834,360,66
38.58167,-9.18091,824,173
38.59042,-9.18349,1512,396
38.59917,-9.18607,1875,407
38.60791,-9.18864,2816,587
38.61666,-9.19122,2781,703
38.6254,-9.1938,2839,528
38.63415,-9.19638,2769,497
38.64289,-9.19896,2717,442
38.65164,-9.20155,1054,282
38.66038,-9.20413,1121,360
38.66912,-9.20671,608,186
38.7041,-9.21706,1660,424
38.71284,-9.21965,1282,273
38.72158,-9.22224,6152,904
38.73033,-9.22483,626,139
38.73907,-9.22742,6265,799
38.74781,-9.23001,13946,2996
38.75655,-9.23261,15548,4530
38.7653,-9.2352,16994,3766
38.77404,-9.2378,2227,442
38.78278,-9.2404,2068,278
38.79152,-9.24299,35,2
38.80026,-9.24559,205,41
38.809,-9.24819,159,15
38.81774,-9.25079,948,196
38.82648,-9.25339,2,2
38.83522,-9.256,405,84
38.84396,-9.2586,359,82
38.8527,-9.2612,444,101
38.86144,-9.26381,25,9
38.87018,-9.26641,7,1
38.87892,-9.26902,124,15
38.88766,-9.27163,24,6
38.8964,-9.27424,10,0
38.90514,-9.27685,38,3
38.91388,-9.27946,50,10
38.92262,-9.28207,151,34
38.93135,-9.28468,3,0
38.97504,-9.29776,20,2
38.98378,-9.30038,78,20
38.99251,-9.303,174,46
39.00125,-9.30562,11,2
39.00999,-9.30825,7,4
39.01872,-9.31087,39,6
39.02746,-9.31349,219,68
39.03619,-9.31612,310,82
39.04493,-9.31874,296,62
39.05367,-9.32137,243,68
39.0624,-9.324,485,106
39.07114,-9.32662,13,3
39.07987,-9.32925,406,79
39.0886,-9.33188,208,44
39.09734,-9.33452,37,0
39.10607,-9.33715,509,130
39.11481,-9.33978,265,54
39.12354,-9.34242,65,19
39.13227,-9.34505,45,9
39.14101,-9.34769,81,6
39.14974,-9.35032,243,43
39.15847,-9.35296,106,21
37.09413,-8.74552,93,37
37.10291,-8.74794,16,6
37.11169,-8.75036,38,9
37.12047,-8.75278,7,4
37.12925,-8.7552,14,0
37.13803,-8.75763,29,12
37.14681,-8.76005,49,12
37.15559,-8.76248,6,1
37.16437,-8.7649,5,3
37.21704,-8.77948,4,1
37.22581,-8.78191,9,1
37.24337,-8.78677,5,0
37.27848,-8.79652,4,0
37.28725,-8.79896,5,4
37.30481,-8.80383,14,3
37.31358,-8.80628,209,41
37.32236,-8.80872,124,28
37.33113,-8.81116,9,6
37.33991,-8.8136,24,7
37.36623,-8.82094,1,0
38.44397,-9.1287,154,48
38.45272,-9.13126,651,210
38.46147,-9.13382,113,26
38.47022,-9.13638,367,81
38.47897,-9.13894,302,62
38.48771,-9.1415,13,0
38.50521,-9.14663,5,3
38.56644,-9.16461,24,2
38.57519,-9.16719,454,67
38.58394,-9.16976,1243,225
38.59268,-9.17233,1141,199
38.60143,-9.17491,2822,470
38.61018,-9.17749,2241,456
38.61892,-9.18006,1138,276
38.62767,-9.18264,2222,500
38.63641,-9.18522,1777,504
38.64516,-9.1878,4581,1073
38.6539,-9.19038,1617,383
38.66265,-9.19296,3753,631
38.67139,-9.19555,2151,582
38.70637,-9.20589,7043,1923
38.71511,-9.20847,3160,845
38.7326,-9.21365,6715,1382
38.74134,-9.21624,12968,2936
38.75008,-9.21883,9751,2703
38.75882,-9.22143,10011,2433
38.76757,-9.22402,11602,2006
38.77631,-9.22661,3410,468
38.78505,-9.22921,5090,467
38.79379,-9.23181,3991,588
38.80253,-9.2344,6600,1043
38.81127,-9.237,1410,265
38.82002,-9.2396,512,142
38.82876,-9.2422,312,65
38.8375,-9.2448,27,12
38.84624,-9.2474,56,7
38.85498,-9.25001,89,16
38.86372,-9.25261,332,104
38.87246,-9.25522,198,48
38.8812,-9.25782,87,18
38.89868,-9.26304,90,23
38.90741,-9.26564,220,30
38.91615,-9.26825,26,7
38.92489,-9.27087,138,36
38.93363,-9.27348,5,1
38.94237,-9.27609,23,2
38.96858,-9.28393,2,1
38.97732,-9.28655,131,12
38.98606,-9.28917,50,6
38.99479,-9.29179,13,10
39.00353,-9.2944,371,100
39.01227,-9.29703,138,33
39.021,-9.29965,258,63
39.02974,-9.30227,33,5
39.03848,-9.30489,167,41
39.04721,-9.30752,76,13
39.05595,-9.31014,64,26
39.06468,-9.31277,446,96
39.07342,-9.31539,56,12
39.08215,-9.31802,17,4
39.09089,-9.32065,1195,290
39.09962,-9.32328,309,60
39.10836,-9.32591,61,3
39.11709,-9.32854,27,6
39.12582,-9.33118,72,10
39.13456,-9.33381,69,6
39.14329,-9.33645,73,10
39.15203,-9.33908,288,68
39.16076,-9.34172,60,16
39.16949,-9.34436,143,30
39.17822,-9.347,52,15
37.09633,-8.73458,353,132
37.10511,-8.737,894,225
37.11389,-8.73942,27,8
37.12267,-8.74184,10,4
37.13145,-8.74426,29,8
37.14023,-8.74669,6,4
37.14901,-8.74911,29,5
37.15779,-8.75153,36,12
37.16657,-8.75396,5,1
37.2368,-8.77338,4,2
37.24558,-8.77582,1,0
37.29824,-8.79043,1,0
37.30702,-8.79287,93,11
37.3158,-8.79531,997,265
37.32457,-8.79775,18,7
37.33335,-8.80019,1,1
37.34212,-8.80263,10,6
37.36845,-8.80996,11,4
37.37722,-8.81241,14,3
37.386,-8.81486,14,3
38.44622,-9.11756,115,31
38.45497,-9.12012,1118,273
38.46372,-9.12268,257,65
38.47247,-9.12524,394,72
38.48122,-9.1278,21,5
38.57745,-9.15603,862,182
38.5862,-9.1586,632,111
38.59495,-9.16118,46,7
38.60369,-9.16375,1553,260
38.61244,-9.16633,569,117
38.62118,-9.1689,2997,696
38.62993,-9.17148,3053,955
38.63868,-9.17406,3807,760
38.64742,-9.17664,3251,556
38.65617,-9.17921,1608,190
38.66491,-9.1818,5264,858
38.70863,-9.19471,8709,2339
38.71738,-9.1973,2,0
38.73486,-9.20247,4835,995
38.74361,-9.20506,9877,2532
38.75235,-9.20765,16825,5033
38.76109,-9.21025,8333,1897
38.76984,-9.21284,9986,2249
38.77858,-9.21543,2939,540
38.78732,-9.21802,3388,676
38.79606,-9.22062,5400,985
38.8048,-9.22321,6221,1190
38.81355,-9.22581,3957,911
38.82229,-9.22841,754,169
38.83103,-9.23101,50,9
38.83977,-9.23361,13,5
38.84851,-9.23621,12,4
38.86599,-9.24141,57,14
38.87473,-9.24402,51,16
38.88347,-9.24662,4,1
38.89221,-9.24923,27,4
38.90095,-9.25183,48,5
38.90969,-9.25444,174,26
38.91843,-9.25705,128,40
38.92717,-9.25966,2319,369
38.93591,-9.26227,794,110
38.95338,-9.26749,5,2
38.96212,-9.2701,46,4
38.97086,-9.27272,254,51
38.9796,-9.27533,720,164
38.98833,-9.27795,259,68
38.99707,-9.28057,340,57
39.00581,-9.28319,737,180
39.01455,-9.2858,134,38
39.02328,-9.28842,6,0
39.03202,-9.29105,256,48
39.04076,-9.29367,162,61
39.04949,-9.29629,41,10
39.05823,-9.29891,142,47
39.06696,-9.30154,127,30
39.0757,-9.30416,43,8
39.08443,-9.30679,272,87
39.09317,-9.30942,548,125
39.1019,-9.31205,165,33
39.11064,-9.31468,167,48
39.11937,-9.31731,7,0
39.12811,-9.31994,158,20
39.13684,-9.32257,13,2
39.14558,-9.32521,22,0
39.15431,-9.32784,427,135
39.16304,-9.33048,304,62
39.17178,-9.33311,144,32
39.18051,-9.33575,586,156
39.18924,-9.33839,210,41
39.36386,-9.39136,4038,797
37.09853,-8.72365,8,4
37.10732,-8.72607,82,25
37.1161,-8.72848,13,3
37.12488,-8.7309,14,2
37.13366,-8.73332,16,2
37.14244,-8.73574,37,12
37.15122,-8.73816,723,172
37.16,-8.74059,142,62
37.21268,-8.75514,2,2
37.23901,-8.76243,1,0
37.29168,-8.77703,4,0
37.30045,-8.77947,12,5
37.30923,-8.7819,32,10
37.31801,-8.78434,38,5
37.32678,-8.78678,7,1
37.33556,-8.78922,22,9
37.34434,-8.79166,8,2
37.35311,-8.7941,1,0
37.36189,-8.79655,21,7
37.37066,-8.79899,441,133
37.37944,-8.80143,74,26
37.38821,-8.80388,19,9
37.39699,-8.80632,24,11
38.44848,-9.10643,2011,683
38.45723,-9.10899,1116,236
38.46598,-9.11154,1260,252
38.47473,-9.1141,966,141
38.48348,-9.11666,316,86
38.53597,-9.13204,13,3
38.57971,-9.14488,246,71
38.58846,-9.14745,376,72
38.59721,-9.15002,246,55
38.60595,-9.15259,111,27
38.6147,-9.15517,137,40
38.62345,-9.15774,3559,645
38.63219,-9.16032,6515,1842
38.64094,-9.16289,5155,1124
38.64968,-9.16547,5109,1214
38.65843,-9.16805,4581,925
38.66717,-9.17063,3863,800
38.7109,-9.18354,717,192
38.71964,-9.18612,4,2
38.72839,-9.18871,23,4
38.73713,-9.1913,167,20
38.74587,-9.19388,6304,1961
38.75462,-9.19647,11576,3882
38.76336,-9.19906,10603,2860
38.7721,-9.20165,1837,414
38.78085,-9.20424,2490,503
38.78959,-9.20684,2860,641
38.79833,-9.20943,3544,640
38.80707,-9.21203,3226,457
38.81582,-9.21462,2502,467
38.82456,-9.21722,289,100
38.8333,-9.21981,26,2
38.84204,-9.22241,339,89
38.85078,-9.22501,37,9
38.85952,-9.22761,37,10
38.86826,-9.23021,61,11
38.877,-9.23282,157,27
38.88574,-9.23542,80,7
38.89448,-9.23802,272,59
38.90322,-9.24063,281,67
38.91196,-9.24323,25,9
38.9207,-9.24584,79,12
38.92944,-9.24845,2622,387
38.93818,-9.25106,1153,164
38.94692,-9.25367,60,14
38.95566,-9.25628,82,13
38.9644,-9.25889,132,9
38.97314,-9.2615,324,72
38.98187,-9.26412,2,1
38.99061,-9.26673,161,42
38.99935,-9.26935,176,62
39.00809,-9.27197,218,51
39.01682,-9.27458,102,14
39.02556,-9.2772,569,171
39.0343,-9.27982,42,13
39.04303,-9.28244,9,4
39.05177,-9.28506,1,1
39.06051,-9.28769,104,32
39.06924,-9.29031,122,27
39.07798,-9.29293,204,59
39.08671,-9.29556,97,17
39.09545,-9.29819,187,49
39.10419,-9.30081,581,137
39.11292,-9.30344,41,4
39.12166,-9.30607,17,7
39.13039,-9.3087,494,98
39.13912,-9.31133,77,8
39.14786,-9.31396,258,29
39.15659,-9.3166,916,173
39.16533,-9.31923,131,43
39.17406,-9.32187,453,171
39.18279,-9.3245,580,180
39.19153,-9.32714,277,73
39.20026,-9.32978,1469,320
39.20899,-9.33242,188,44
37.09195,-8.7103,80,40
37.10074,-8.71271,119,41
37.10952,-8.71513,49,9
37.1183,-8.71754,20,9
37.12708,-8.71996,27,7
37.13586,-8.72238,22,7
37.14464,-8.7248,31,8
37.15342,-8.72722,129,41
37.1622,-8.72964,32,15
37.2061,-8.74176,13,4
37.21488,-8.74419,2,0
37.25,-8.7539,2,0
37.29389,-8.76606,14,4
37.31144,-8.77094,6,1
37.32022,-8.77337,9,0
37.33777,-8.77825,13,2
37.34655,-8.78069,44,17
37.35532,-8.78313,41,7
37.3641,-8.78557,3,0
37.37287,-8.78801,31,6
37.38165,-8.79046,21,6
37.39042,-8.7929,32,11
37.3992,-8.79534,6,4
37.40797,-8.79779,1,1
37.41675,-8.80024,11,2
38.45073,-9.09529,91,34
38.45948,-9.09785,613,140
38.46823,-9.10041,2482,451
38.47698,-9.10296,1644,339
38.48573,-9.10552,687,157
38.49448,-9.10808,64,10
38.59947,-9.13886,1309,430
38.60821,-9.14143,1055,248
38.61696,-9.14401,48,13
38.62571,-9.14658,1788,171
38.63445,-9.14915,6728,700
38.6432,-9.15173,8252,2227
38.65195,-9.1543,14256,3539
38.66069,-9.15688,11513,2844
38.66944,-9.15946,12840,3727
38.67818,-9.16204,14086,4338
38.70442,-9.16978,6432,1128
38.71316,-9.17236,9495,2249
38.72191,-9.17495,2347,543
38.73065,-9.17753,1887,530
38.7394,-9.18012,2921,828
38.74814,-9.1827,11821,3488
38.75688,-9.18529,6713,1922
38.76563,-9.18788,3425,624
38.77437,-9.19047,6751,1574
38.78311,-9.19306,4662,794
38.79186,-9.19565,9431,722
38.8006,-9.19824,6522,1086
38.80934,-9.20084,3263,782
38.81808,-9.20343,1153,255
38.82683,-9.20603,87,21
38.83557,-9.20862,153,49
38.84431,-9.21122,178,44
38.85305,-9.21382,636,105
38.86179,-9.21642,115,31
38.87053,-9.21901,145,42
38.87927,-9.22162,32,10
38.88801,-9.22422,167,34
38.89675,-9.22682,135,28
38.9055,-9.22942,127,58
38.91424,-9.23203,1201,149
38.92298,-9.23463,3381,643
38.93171,-9.23724,1609,268
38.94045,-9.23985,34,10
38.94919,-9.24246,210,47
38.95793,-9.24507,317,78
38.96667,-9.24768,12,7
38.97541,-9.25029,383,68
38.98415,-9.2529,36,10
38.99289,-9.25551,241,36
39.00162,-9.25813,102,28
39.01036,-9.26074,122,38
39.0191,-9.26336,78,21
39.03657,-9.2686,532,123
39.04531,-9.27122,496,93
39.05405,-9.27384,45,8
39.06279,-9.27646,351,78
39.07152,-9.27908,34,11
39.08026,-9.2817,150,35
39.08899,-9.28433,245,59
39.09773,-9.28695,776,166
39.10647,-9.28958,451,46
39.1152,-9.2922,4,1
39.12394,-9.29483,12,1
39.13267,-9.29746,10,2
39.14141,-9.30009,51,2
39.15014,-9.30272,794,139
39.15888,-9.30535,560,149
39.16761,-9.30799,30,6
39.17634,-9.31062,288,63
39.18508,-9.31325,211,54
39.19381,-9.31589,113,27
39.20254,-9.31853,88,12
39.21128,-9.32116,552,90
39.22001,-9.3238,168,39
39.22874,-9.32644,577,144
39.23748,-9.32908,603,196
39.24621,-9.33173,230,41
37.09416,-8.69936,126,52
37.10294,-8.70177,96,25
37.11172,-8.70419,107,31
37.1205,-8.70661,13,3
37.12928,-8.70902,3,3
37.13806,-8.71144,37,9
37.15563,-8.71628,15,7
37.16441,-8.7187,6,1
37.21709,-8.73323,6,5
37.22587,-8.73566,3,1
37.23465,-8.73809,4,4
37.24343,-8.74051,8,3
37.31365,-8.75997,1,0
37.32243,-8.7624,33,6
37.33998,-8.76728,5,0
37.34876,-8.76972,5,4
37.35753,-8.77216,26,7
37.36631,-8.7746,61,17
37.37509,-8.77704,36,12
37.38386,-8.77948,3,3
37.39264,-8.78192,88,29
37.40141,-8.78436,157,36
37.41019,-8.78681,20,6
37.41896,-8.78925,2,0
37.42774,-8.7917,8,5
37.43651,-8.79415,6,1
38.44424,-9.08161,1,1
38.45299,-9.08416,2,0
38.46174,-9.08671,75,24
38.47049,-9.08927,814,201
38.47924,-9.09182,882,102
38.48799,-9.09438,159,33
38.56673,-9.11743,85,20
38.57548,-9.12,119,36
38.58423,-9.12257,5,2
38.60172,-9.1277,225,47
38.61047,-9.13027,3793,972
38.61922,-9.13284,1589,318
38.62797,-9.13542,233,70
38.65421,-9.14314,7574,1671
38.71543,-9.16119,15369,3785
38.72417,-9.16377,11083,2752
38.73292,-9.16635,4536,1059
38.74166,-9.16894,6697,1734
38.7504,-9.17152,9665,1889
38.75915,-9.17411,12463,2973
38.76789,-9.1767,6827,1140
38.77664,-9.17928,1132,209
38.78538,-9.18187,11797,3371
38.79412,-9.18446,10802,2202
38.80287,-9.18705,11927,2188
38.81161,-9.18965,5577,506
38.82035,-9.19224,163,34
38.82909,-9.19483,832,73
38.83784,-9.19743,1569,396
38.84658,-9.20002,2437,696
38.85532,-9.20262,111,8
38.86406,-9.20522,175,36
38.8728,-9.20782,169,61
38.88154,-9.21041,92,16
38.89028,-9.21302,575,137
38.89903,-9.21562,226,46
38.90777,-9.21822,238,56
38.91651,-9.22082,547,55
38.92525,-9.22343,185,25
38.93399,-9.22603,429,26
38.94273,-9.22864,649,80
38.95147,-9.23125,280,33
38.96021,-9.23385,28,11
38.96894,-9.23646,24,3
38.97768,-9.23907,142,29
38.98642,-9.24168,392,94
38.99516,-9.2443,246,58
39.0039,-9.24691,51,14
39.01264,-9.24952,16,5
39.02138,-9.25214,55,8
39.03011,-9.25475,180,46
39.03885,-9.25737,122,52
39.04759,-9.25999,49,17
39.05633,-9.26261,347,72
39.06506,-9.26523,358,91
39.0738,-9.26785,42,13
39.08254,-9.27047,179,81
39.09127,-9.27309,774,241
39.10001,-9.27572,179,27
39.10874,-9.27834,163,46
39.11748,-9.28097,23,4
39.13495,-9.28622,66,0
39.14369,-9.28885,83,17
39.15242,-9.29148,839,229
39.16116,-9.29411,132,15
39.17862,-9.29937,1,0
39.18736,-9.30201,294,80
39.19609,-9.30464,270,51
39.20483,-9.30728,398,127
39.21356,-9.30991,169,38
39.22229,-9.31255,296,72
39.23103,-9.31519,277,41
39.23976,-9.31783,1213,299
39.24849,-9.32047,26,4
39.25722,-9.32311,807,203
39.26596,-9.32575,282,88
39.27469,-9.32839,321,58
39.30088,-9.33633,64,16
39.30962,-9.33898,530,140
39.31835,-9.34162,306,68
39.32708,-9.34427,384,91
39.33581,-9.34692,227,55
39.34454,-9.34958,149,36
39.35327,-9.35223,127,17
37.09636,-8.68842,1789,328
37.10514,-8.69084,1949,366
37.11392,-8.69325,79,22
37.1227,-8.69566,351,88
37.13148,-8.69808,32,8
37.14027,-8.7005,29,10
37.14905,-8.70291,14,8
37.15783,-8.70533,9,3
37.16661,-8.70775,24,8
37.18417,-8.71259,2,1
37.20173,-8.71743,4,0
37.22807,-8.7247,2,0
37.23685,-8.72713,9,3
37.24563,-8.72956,1,0
37.26319,-8.73441,2,1
37.34219,-8.75631,4,3
37.35097,-8.75874,5,3
37.35974,-8.76118,13,6
37.36852,-8.76362,20,6
37.3773,-8.76606,31,5
37.38607,-8.7685,14,4
37.39485,-8.77094,20,1
37.4124,-8.77583,33,8
37.42117,-8.77827,2,2
37.42995,-8.78072,10,1
37.43872,-8.78316,9,7
37.4475,-8.78561,8,0
37.46505,-8.79051,144,32
38.45524,-9.07302,187,47
38.46399,-9.07557,242,53
38.47274,-9.07813,500,127
38.48149,-9.08068,2,2
38.49024,-9.08324,9,0
38.55149,-9.10115,159,51
38.56024,-9.10372,431,131
38.56899,-9.10628,654,198
38.57774,-9.10884,278,125
38.58648,-9.11141,56,15
38.60398,-9.11654,89,28
38.61273,-9.11911,2139,379
38.62148,-9.12168,14284,3854
38.63022,-9.12425,6824,1747
38.71769,-9.15001,7761,1736
38.72643,-9.15259,5471,1203
38.73518,-9.15517,6788,1571
38.74392,-9.15776,7090,1639
38.75267,-9.16034,815,49
38.76141,-9.16293,4882,1205
38.77016,-9.16551,7409,1694
38.7789,-9.1681,4777,1271
38.78764,-9.17069,5357,1445
38.79639,-9.17327,13310,3185
38.80513,-9.17586,2117,296
38.81387,-9.17845,2782,263
38.82262,-9.18105,16,5
38.83136,-9.18364,990,219
38.8401,-9.18623,1484,302
38.84884,-9.18883,442,131
38.85759,-9.19142,346,72
38.86633,-9.19402,306,63
38.87507,-9.19661,80,16
38.88381,-9.19921,286,51
38.89255,-9.20181,369,92
38.90129,-9.20441,251,52
38.91003,-9.20701,175,36
38.91878,-9.20962,676,127
38.92752,-9.21222,153,6
38.93626,-9.21482,33,2
38.945,-9.21743,691,105
38.95374,-9.22003,61,7
38.96248,-9.22264,277,52
38.97122,-9.22525,7,2
38.97996,-9.22786,4,0
38.98869,-9.23047,8,0
38.99743,-9.23308,2,0
39.00617,-9.23569,39,5
39.01491,-9.2383,259,51
39.02365,-9.24091,155,33
39.03239,-9.24353,303,45
39.04113,-9.24614,13,1
39.04986,-9.24876,11,2
39.0586,-9.25138,8,1
39.06734,-9.254,257,53
39.07607,-9.25662,972,108
39.08481,-9.25924,7146,1774
39.09355,-9.26186,4000,776
39.10229,-9.26448,2023,420
39.11102,-9.2671,1200,169
39.11976,-9.26973,56,16
39.12849,-9.27235,10,0
39.14596,-9.27761,30,4
39.1547,-9.28023,7,1
39.16344,-9.28286,31,7
39.17217,-9.28549,45,4
39.1809,-9.28813,14,5
39.18964,-9.29076,24,7
39.19837,-9.29339,3,1
39.20711,-9.29602,410,83
39.21584,-9.29866,321,69
39.22458,-9.3013,142,40
39.23331,-9.30393,355,62
39.24204,-9.30657,2198,496
39.25078,-9.30921,561,110
39.25951,-9.31185,120,38
39.26824,-9.31449,391,108
39.27697,-9.31713,53,12
39.28571,-9.31977,7,1
39.29444,-9.32242,23,7
39.30317,-9.32506,249,67
39.3119,-9.32771,709,185
39.32063,-9.33036,224,77
39.32936,-9.333,55,12
39.33809,-9.33565,397,88
39.34683,-9.3383,139,26
37.08977,-8.67508,1358,451
37.09855,-8.67749,6472,1639
37.10734,-8.6799,6012,1271
37.11612,-8.68231,204,31
37.1249,-8.68472,28,1
37.13368,-8.68714,197,44
37.14247,-8.68955,208,72
37.15125,-8.69197,16,5
37.16003,-8.69438,16,5
37.16881,-8.6968,49,20
37.17759,-8.69922,37,19
37.23027,-8.71375,1,0
37.24783,-8.7186,8,1
37.25661,-8.72102,8,4
37.29173,-8.73074,3,1
37.30051,-8.73317,4,0
37.32684,-8.74046,17,4
37.33562,-8.7429,4,0
37.3444,-8.74533,3,2
37.36195,-8.75021,9,4
37.37073,-8.75264,4,1
37.3795,-8.75508,18,8
37.38828,-8.75752,10,5
37.40583,-8.7624,1,1
37.41461,-8.76484,6,3
37.42338,-8.76729,384,64
37.43216,-8.76973,546,155
37.44093,-8.77218,5,5
37.47603,-8.78196,33,0
37.48481,-8.78441,3,0
37.49358,-8.78686,22,1
38.46624,-9.06444,1,1
38.47499,-9.06699,222,55
38.48374,-9.06954,20,1
38.54499,-9.08744,52,9
38.55374,-9.09,1237,261
38.56249,-9.09256,2853,575
38.57124,-9.09512,1166,340
38.57999,-9.09769,840,193
38.58874,-9.10025,1406,358
38.59749,-9.10282,516,88
38.60624,-9.10538,164,55
38.61499,-9.10795,8073,1754
38.71995,-9.13883,11920,2109
38.72869,-9.14141,12310,2617
38.73744,-9.14399,10043,2225
38.74618,-9.14658,10594,2466
38.75493,-9.14916,6202,1612
38.76367,-9.15174,7257,1674
38.77242,-9.15433,10557,1608
38.78116,-9.15691,7366,1668
38.78991,-9.1595,7739,1300
38.79865,-9.16208,11138,3078
38.80739,-9.16467,7481,1413
38.81614,-9.16726,10999,1687
38.82488,-9.16985,6040,1230
38.83362,-9.17244,1883,525
38.84237,-9.17504,1440,327
38.85111,-9.17763,237,70
38.85985,-9.18022,44,15
38.86859,-9.18282,189,44
38.87734,-9.18541,8,0
38.88608,-9.18801,39,14
38.89482,-9.19061,178,44
38.90356,-9.19321,440,105
38.9123,-9.19581,266,58
38.92104,-9.19841,291,26
38.92978,-9.20101,2039,185
38.93853,-9.20361,764,109
38.94727,-9.20621,701,71
38.95601,-9.20882,91,9
38.96475,-9.21142,180,33
38.97349,-9.21403,49,4
38.98223,-9.21664,216,54
38.99097,-9.21925,14,8
38.9997,-9.22186,6,2
39.00844,-9.22447,215,52
39.02592,-9.22969,120,39
39.03466,-9.2323,90,22
39.0434,-9.23492,19,4
39.05214,-9.23753,151,39
39.06087,-9.24015,304,94
39.06961,-9.24277,71,22
39.07835,-9.24538,11,0
39.08709,-9.248,1096,250
39.09582,-9.25062,1138,229
39.10456,-9.25324,732,98
39.1133,-9.25587,169,41
39.12203,-9.25849,154,31
39.13077,-9.26111,9,6
39.14824,-9.26636,11,4
39.15698,-9.26899,35,1
39.16571,-9.27162,39,18
39.17445,-9.27425,108,18
39.18318,-9.27688,36,8
39.19192,-9.27951,165,43
39.20065,-9.28214,426,98
39.20939,-9.28477,351,77
39.21812,-9.28741,250,58
39.22686,-9.29004,18,3
39.23559,-9.29268,49,11
39.24432,-9.29531,144,29
39.25306,-9.29795,12,2
39.27052,-9.30323,182,39
39.27926,-9.30587,394,123
39.28799,-9.30851,45,10
39.29672,-9.31115,468,143
39.30545,-9.3138,370,115
39.31419,-9.31644,8,3
39.32292,-9.31909,23,4
39.33165,-9.32173,854,154
39.34038,-9.32438,1127,314
39.35784,-9.32968,11,0
37.11832,-8.67137,486,157
37.1271,-8.67378,1400,201
37.13588,-8.67619,63,5
37.14466,-8.67861,10,2
37.15345,-8.68102,17,5
37.16223,-8.68344,6,3
37.17101,-8.68585,20,8
37.17979,-8.68827,15,3
37.18857,-8.69069,6,3
37.19735,-8.69311,5,1
37.20614,-8.69553,4,2
37.25004,-8.70764,2,2
37.25882,-8.71006,2,0
37.29393,-8.71977,2,2
37.32905,-8.72949,13,1
37.35538,-8.73679,5,0
37.36416,-8.73923,2,0
37.39926,-8.74898,3,0
37.41682,-8.75386,5,1
37.42559,-8.7563,1,0
37.43437,-8.75875,359,47
37.44314,-8.76119,15,0
37.46069,-8.76608,8,3
37.46947,-8.76852,14,6
37.47824,-8.77097,257,31
37.48702,-8.77342,65,8
37.50457,-8.77832,70,0
37.51334,-8.78077,41,2
37.58353,-8.8004,8,2
37.5923,-8.80286,62,14
37.60107,-8.80532,411,90
38.46849,-9.0533,9,2
38.48599,-9.0584,39,6
38.49474,-9.06095,125,28
38.5385,-9.07373,5,1
38.54725,-9.07629,493,129
38.556,-9.07885,600,179
38.56475,-9.08141,3507,519
38.5735,-9.08397,2065,410
38.58224,-9.08653,1943,401
38.59099,-9.0891,1451,253
38.59974,-9.09166,2613,551
38.60849,-9.09422,3546,817
38.61724,-9.09679,6572,1289
38.72221,-9.12766,16086,3622
38.73095,-9.13023,22990,4848
38.7397,-9.13281,13919,3453
38.74844,-9.13539,10918,2750
38.75719,-9.13797,7568,2017
38.76593,-9.14056,79,23
38.77468,-9.14314,1354,200
38.78342,-9.14572,6628,1052
38.79217,-9.14831,8240,1347
38.80091,-9.1509,2227,397
38.80966,-9.15348,2930,739
38.8184,-9.15607,3931,621
38.82714,-9.15866,1165,278
38.83589,-9.16125,5208,523
38.84463,-9.16384,2353,418
38.85337,-9.16643,1162,303
38.86212,-9.16902,87,18
38.87086,-9.17162,37,9
38.8796,-9.17421,210,46
38.88834,-9.17681,197,44
38.89709,-9.1794,62,11
38.90583,-9.182,145,19
38.91457,-9.1846,429,58
38.92331,-9.1872,294,47
38.93205,-9.1898,96,19
38.94079,-9.1924,274,58
38.94953,-9.195,358,51
38.95827,-9.19761,59,17
38.96702,-9.20021,586,95
38.97576,-9.20281,137,26
38.9845,-9.20542,163,27
38.99324,-9.20803,240,43
39.00197,-9.21064,82,14
39.01071,-9.21324,59,7
39.02819,-9.21847,52,6
39.04567,-9.22369,5,3
39.05441,-9.2263,154,35
39.06315,-9.22892,71,17
39.07188,-9.23153,144,30
39.08936,-9.23677,14,5
39.0981,-9.23939,295,21
39.10683,-9.24201,369,126
39.11557,-9.24463,9,0
39.12431,-9.24725,190,7
39.13305,-9.24987,32,12
39.14178,-9.2525,5,1
39.15925,-9.25775,165,38
39.16799,-9.26037,106,35
39.18546,-9.26563,26,4
39.1942,-9.26826,726,171
39.20293,-9.27089,33,8
39.21167,-9.27352,139,53
39.2204,-9.27615,410,134
39.22913,-9.27878,8,0
39.23787,-9.28142,574,140
39.2466,-9.28405,68,19
39.25534,-9.28669,229,68
39.26407,-9.28933,23,7
39.2728,-9.29196,27,14
39.28154,-9.2946,3,2
39.29027,-9.29724,49,9
39.299,-9.29989,31,8
39.30774,-9.30253,13,3
39.31647,-9.30517,2,0
39.3252,-9.30781,42,7
39.33393,-9.31046,317,65
39.34266,-9.31311,134,26
39.36013,-9.3184,745,165
39.36886,-9.32105,933,260
37.12051,-8.66043,182,58
37.1293,-8.66284,275,80
37.13808,-8.66525,337,44
37.14686,-8.66766,94,37
37.15564,-8.67008,49,9
37.16443,-8.67249,44,9
37.17321,-8.67491,25,10
37.18199,-8.67732,1,0
37.26102,-8.6991,7,3
37.2698,-8.70153,11,5
37.27858,-8.70395,1,0
37.28736,-8.70638,1,0
37.29614,-8.70881,2,1
37.30492,-8.71123,1,0
37.31369,-8.71366,3,0
37.37514,-8.73069,2,0
37.3927,-8.73556,4,0
37.40147,-8.738,2,2
37.41025,-8.74044,1,1
37.41902,-8.74288,15,0
37.4278,-8.74532,9,1
37.43658,-8.74776,120,23
37.44535,-8.7502,4,0
37.45413,-8.75264,5,0
37.4629,-8.75509,5,0
37.47168,-8.75753,76,17
37.48045,-8.75998,198,32
37.48923,-8.76242,29,0
37.50678,-8.76732,34,1
37.51555,-8.76977,107,7
37.52433,-8.77222,76,7
37.54187,-8.77712,86,0
37.55942,-8.78203,3,0
37.57697,-8.78694,7,1
37.58574,-8.78939,9,4
37.59451,-8.79185,16,6
37.60328,-8.79431,31,4
37.61206,-8.79677,13,6
38.47949,-9.04471,39,14
38.48824,-9.04726,14,5
38.49699,-9.04981,21,6
38.52324,-9.05747,9,5
38.532,-9.06002,13,1
38.54075,-9.06258,268,68
38.5495,-9.06514,642,203
38.55825,-9.06769,250,79
38.567,-9.07025,710,112
38.57575,-9.07281,685,107
38.5845,-9.07537,186,59
38.59325,-9.07794,200,71
38.602,-9.0805,83,11
38.61074,-9.08306,1823,196
38.61949,-9.08563,5998,930
38.62824,-9.08819,2512,375
38.73321,-9.11905,7105,1615
38.74196,-9.12163,11549,2471
38.7507,-9.12421,5598,1042
38.75945,-9.12679,4506,1097
38.76819,-9.12937,1188,267
38.78568,-9.13454,148,24
38.79443,-9.13712,3003,694
38.80317,-9.1397,3752,695
38.81192,-9.14229,1691,452
38.82066,-9.14488,1101,178
38.82941,-9.14746,200,52
38.83815,-9.15005,955,35
38.84689,-9.15264,59,19
38.85564,-9.15523,207,62
38.86438,-9.15782,458,111
38.87312,-9.16042,46,7
38.88187,-9.16301,445,102
38.89061,-9.1656,7,1
38.89935,-9.1682,113,19
38.90809,-9.17079,294,68
38.91683,-9.17339,26,3
38.92558,-9.17599,324,70
38.93432,-9.17859,28,1
38.94306,-9.18119,306,63
38.9518,-9.18379,105,24
38.96054,-9.18639,15,3
38.96928,-9.18899,168,48
38.97802,-9.1916,254,38
38.98676,-9.1942,555,105
38.9955,-9.19681,16,2
39.00424,-9.19941,2,0
39.01298,-9.20202,55,13
39.03046,-9.20724,342,76
39.05668,-9.21507,218,57
39.06542,-9.21769,35,9
39.07416,-9.2203,136,38
39.08289,-9.22292,14,2
39.09163,-9.22553,334,135
39.10037,-9.22815,345,63
39.10911,-9.23077,612,106
39.11785,-9.23339,92,25
39.12658,-9.23601,149,23
39.13532,-9.23863,1075,183
39.14406,-9.24125,109,14
39.15279,-9.24388,3,0
39.16153,-9.2465,281,67
39.17027,-9.24912,145,44
39.19647,-9.25701,275,93
39.20521,-9.25963,4,0
39.22268,-9.2649,3,0
39.23141,-9.26753,182,55
39.24015,-9.27016,182,48
39.24888,-9.27279,55,19
39.25762,-9.27543,23,4
39.26635,-9.27806,43,13
39.27508,-9.2807,440,111
39.28382,-9.28334,1,0
39.29255,-9.28598,121,30
39.30128,-9.28862,502,129
39.31002,-9.29126,83,21
39.31875,-9.2939,28,3
39.32748,-9.29654,271,98
39.33621,-9.29919,298,89
39.34495,-9.30183,83,12
39.36241,-9.30712,396,119
39.37114,-9.30977,170,36
37.12271,-8.64949,286,47
37.13149,-8.6519,16,4
37.14027,-8.65431,103,28
37.14906,-8.65672,1730,422
37.15784,-8.65913,47,15
37.16662,-8.66154,33,8
37.17541,-8.66396,5,0
37.2281,-8.67846,13,3
37.24566,-8.6833,3,1
37.26322,-8.68814,1,0
37.272,-8.69056,12,1
37.28078,-8.69299,1,0
37.28956,-8.69541,4,3
37.30712,-8.70027,3,1
37.3159,-8.70269,1,0
37.38612,-8.72215,4,1
37.3949,-8.72458,4,2
37.43878,-8.73677,5,0
37.44756,-8.73921,6,0
37.45634,-8.74165,3,2
37.46511,-8.7441,23,6
37.47389,-8.74654,27,9
37.48266,-8.74898,7,2
37.49144,-8.75143,9,1
37.50021,-8.75388,35,1
37.50899,-8.75632,77,9
37.51776,-8.75877,16,3
37.52654,-8.76122,32,12
37.53531,-8.76367,11,3
37.56163,-8.77102,5,0
37.57918,-8.77593,9,4
37.58795,-8.77839,3,2
37.59672,-8.78084,23,3
37.6055,-8.7833,13,3
37.61427,-8.78576,13,1
37.62304,-8.78822,14,1
37.64058,-8.79314,4,1
38.46423,-9.02847,8,2
38.47298,-9.03102,22,10
38.48173,-9.03356,54,8
38.49049,-9.03611,54,25
38.49924,-9.03866,251,53
38.50799,-9.04121,13,1
38.52549,-9.04632,7,1
38.53424,-9.04887,37,11
38.543,-9.05143,234,49
38.55175,-9.05398,3085,500
38.5605,-9.05654,2343,462
38.56925,-9.0591,256,43
38.58675,-9.06422,1,0
38.5955,-9.06678,1,0
38.613,-9.0719,464,49
38.62175,-9.07446,621,116
38.74421,-9.11045,10839,2849
38.75296,-9.11303,6295,2143
38.76171,-9.11561,8835,2297
38.77045,-9.11819,6051,1728
38.7792,-9.12077,6174,1700
38.78794,-9.12335,5113,843
38.79669,-9.12593,1443,314
38.80543,-9.12851,3583,777
38.81418,-9.1311,3113,732
38.82292,-9.13368,1961,185
38.83167,-9.13627,190,19
38.84041,-9.13886,10,3
38.84915,-9.14144,578,123
38.8579,-9.14403,750,123
38.86664,-9.14662,335,79
38.87538,-9.14921,10,0
38.88413,-9.15181,1163,279
38.89287,-9.1544,13,4
38.90161,-9.15699,389,163
38.91036,-9.15959,229,67
38.9191,-9.16218,13,0
38.92784,-9.16478,3,1
38.93658,-9.16738,132,40
38.94532,-9.16998,23,3
38.95407,-9.17257,121,33
38.96281,-9.17518,121,18
38.97155,-9.17778,103,13
38.98029,-9.18038,94,19
38.98903,-9.18298,169,26
38.99777,-9.18559,136,43
39.00651,-9.18819,244,58
39.01525,-9.1908,72,17
39.02399,-9.19341,3,2
39.03273,-9.19601,12,4
39.04147,-9.19862,162,37
39.05021,-9.20123,266,92
39.05895,-9.20384,25,7
39.06769,-9.20646,518,149
39.07643,-9.20907,108,98
39.08517,-9.21168,10,5
39.0939,-9.2143,347,97
39.11138,-9.21953,6,0
39.12885,-9.22477,3,0
39.13759,-9.22739,112,19
39.14633,-9.23001,906,262
39.15507,-9.23263,18,2
39.1638,-9.23525,10,0
39.18128,-9.2405,6,0
39.19001,-9.24313,152,26
39.19875,-9.24575,753,146
39.20748,-9.24838,277,68
39.21622,-9.25101,32,5
39.22495,-9.25364,67,24
39.23369,-9.25627,104,30
39.24242,-9.2589,113,25
39.25116,-9.26153,394,122
39.25989,-9.26417,4,1
39.26863,-9.2668,8,0
39.27736,-9.26944,53,11
39.29483,-9.27471,67,21
39.30356,-9.27735,12,2
39.3123,-9.27999,83,24
39.32103,-9.28263,22,4
39.32976,-9.28527,93,17
39.3385,-9.28791,9,4
39.34723,-9.29056,309,88
39.35596,-9.2932,24,8
37.1249,-8.63855,2,0
37.13369,-8.64095,9,3
37.14247,-8.64336,21,7
37.15125,-8.64577,205,16
37.16004,-8.64818,28,11
37.16882,-8.65059,62,18
37.1776,-8.65301,19,5
37.19517,-8.65783,4,2
37.20395,-8.66025,6,2
37.21273,-8.66266,2,2
37.25664,-8.67476,9,0
37.2742,-8.6796,1,0
37.28298,-8.68202,3,0
37.37077,-8.7063,1,1
37.3971,-8.7136,2,1
37.43221,-8.72335,6,1
37.44977,-8.72822,22,0
37.45854,-8.73066,5,1
37.46732,-8.73311,6,1
37.47609,-8.73555,28,8
37.49365,-8.74043,1,1
37.50242,-8.74288,3,1
37.5112,-8.74532,12,0
37.51997,-8.74777,16,6
37.52875,-8.75022,12,3
37.53752,-8.75267,6,0
37.57262,-8.76247,2,0
37.58139,-8.76492,1,0
37.59016,-8.76738,4,0
37.59894,-8.76983,16,2
37.60771,-8.77229,19,8
37.62525,-8.7772,42,4
37.63403,-8.77966,15,2
37.6428,-8.78212,27,1
37.65157,-8.78458,115,25
37.66034,-8.78704,7,2
38.48398,-9.02242,3,0
38.50148,-9.02752,20,3
38.51024,-9.03007,789,163
38.51899,-9.03262,367,41
38.52774,-9.03517,94,32
38.53649,-9.03772,50,17
38.54524,-9.04028,46,9
38.55399,-9.04283,5148,710
38.56275,-9.04539,6195,1015
38.5715,-9.04794,5164,828
38.58025,-9.0505,475,56
38.65899,-9.07356,10627,3115
38.75522,-9.10184,3132,721
38.76396,-9.10442,4896,1100
38.77271,-9.107,12099,3030
38.78145,-9.10958,11618,3989
38.7902,-9.11216,7314,2167
38.79895,-9.11474,7938,956
38.80769,-9.11732,2705,622
38.81644,-9.1199,4847,1051
38.82518,-9.12249,1673,338
38.83393,-9.12507,798,155
38.84267,-9.12766,200,40
38.85141,-9.13025,508,152
38.86016,-9.13283,1122,280
38.87765,-9.13801,22,3
38.90388,-9.14579,49,20
38.91262,-9.14838,7,1
38.92136,-9.15097,3,1
38.9301,-9.15357,35,7
38.93885,-9.15616,31,17
38.95633,-9.16136,95,22
38.96507,-9.16396,44,15
38.97381,-9.16656,144,41
38.98255,-9.16916,74,18
38.9913,-9.17176,50,10
39.00004,-9.17437,86,28
39.00878,-9.17697,167,35
39.01752,-9.17957,62,14
39.02626,-9.18218,102,35
39.035,-9.18479,188,64
39.04374,-9.1874,48,14
39.06122,-9.19261,4,2
39.06996,-9.19522,7,2
39.0787,-9.19784,7,3
39.08743,-9.20045,34,8
39.09617,-9.20306,13,1
39.10491,-9.20568,2,0
39.11365,-9.20829,315,93
39.13986,-9.21614,136,46
39.1486,-9.21876,13,1
39.15734,-9.22138,25,7
39.18355,-9.22925,8,1
39.19229,-9.23188,360,53
39.20102,-9.2345,805,148
39.20976,-9.23713,404,112
39.21849,-9.23975,21,5
39.22723,-9.24238,105,48
39.23596,-9.24501,190,62
39.2447,-9.24764,7,0
39.26217,-9.25291,8,4
39.2709,-9.25554,36,13
39.27964,-9.25817,278,75
39.28837,-9.26081,166,48
39.32331,-9.27136,204,61
39.33204,-9.274,580,151
39.34077,-9.27664,46,9
39.34951,-9.27928,11,0
39.3757,-9.28721,26,12
39.38444,-9.28986,35,13
37.13588,-8.63001,45,18
37.14466,-8.63242,34,10
37.15345,-8.63483,11,4
37.16223,-8.63724,86,14
37.17101,-8.63965,31,13
37.1798,-8.64206,66,19
37.18858,-8.64447,2,2
37.19736,-8.64688,16,5
37.20614,-8.6493,1,1
37.21493,-8.65171,30,9
37.22371,-8.65413,24,7
37.23249,-8.65654,31,5
37.25883,-8.6638,3,2
37.2764,-8.66864,4,2
37.28518,-8.67106,4,4
37.34664,-8.68803,6,2
37.35541,-8.69046,1,0
37.36419,-8.69289,4,0
37.45197,-8.71723,3,3
37.46952,-8.72211,2,1
37.4783,-8.72455,61,24
37.48708,-8.727,8,0
37.50463,-8.73188,3,0
37.5134,-8.73433,3,0
37.52218,-8.73677,3,1
37.57483,-8.75146,15,0
37.5836,-8.75391,134,5
37.59237,-8.75637,31,2
37.60115,-8.75882,7,3
37.60992,-8.76127,9,4
37.62746,-8.76619,256,2
37.63624,-8.76864,9,0
37.64501,-8.7711,78,9
37.65378,-8.77356,330,52
37.66255,-8.77602,338,63
37.6801,-8.78094,9,0
37.96068,-8.86018,2344,689
37.96945,-8.86267,27,5
38.48622,-9.01128,2,0
38.50373,-9.01637,6,1
38.51248,-9.01892,776,262
38.52123,-9.02147,2633,571
38.52999,-9.02402,1550,218
38.53874,-9.02657,1512,480
38.54749,-9.02912,2141,442
38.55624,-9.03168,317,64
38.56499,-9.03423,2631,310
38.57374,-9.03679,2087,448
38.58249,-9.03934,368,77
38.59125,-9.0419,732,139
38.64375,-9.05726,8891,2483
38.65249,-9.05982,9874,2607
38.66124,-9.06239,8557,2175
38.78371,-9.09839,7146,1014
38.79246,-9.10097,5234,995
38.8012,-9.10355,2425,240
38.80995,-9.10613,3838,1226
38.81869,-9.10871,2513,655
38.82744,-9.11129,1657,349
38.83618,-9.11388,109,25
38.84493,-9.11646,1,0
38.85367,-9.11905,178,24
38.86242,-9.12163,320,72
38.87116,-9.12422,1728,363
38.88865,-9.1294,1,0
38.89739,-9.13199,8,1
38.90614,-9.13458,136,33
38.91488,-9.13717,263,78
38.92362,-9.13976,153,36
38.93237,-9.14236,1,0
38.94111,-9.14495,39,14
38.94985,-9.14755,106,30
38.95859,-9.15015,117,27
38.96734,-9.15274,1,0
38.97608,-9.15534,63,16
38.98482,-9.15794,8,2
38.99356,-9.16054,27,3
39.0023,-9.16314,60,20
39.01104,-9.16575,30,10
39.01978,-9.16835,13,3
39.02852,-9.17095,33,5
39.03726,-9.17356,77,20
39.046,-9.17617,46,15
39.06348,-9.18138,86,17
39.07222,-9.18399,155,30
39.08096,-9.1866,29,6
39.0897,-9.18921,47,18
39.09844,-9.19183,144,35
39.11592,-9.19705,382,108
39.12466,-9.19967,8,0
39.1334,-9.20228,84,22
39.14213,-9.2049,146,36
39.16835,-9.21276,3,0
39.18582,-9.218,19,0
39.19456,-9.22062,122,5
39.20329,-9.22325,293,101
39.21203,-9.22587,21,8
39.22077,-9.2285,4,0
39.2295,-9.23113,156,52
39.24697,-9.23638,96,21
39.25571,-9.23901,72,27
39.27318,-9.24427,4,1
39.28191,-9.24691,113,40
39.29065,-9.24954,15,3
39.32559,-9.26009,32,10
39.33432,-9.26272,507,154
39.34305,-9.26536,38,12
39.36052,-9.27065,4,1
39.36925,-9.27329,8,2
39.37798,-9.27593,67,11
39.38672,-9.27858,56,30
37.13807,-8.61907,8,0
37.14685,-8.62147,27,10
37.15564,-8.62388,147,15
37.16442,-8.62629,25,9
37.17321,-8.6287,11,7
37.18199,-8.63111,14,4
37.19077,-8.63352,6,0
37.21712,-8.64075,41,7
37.2259,-8.64317,15,5
37.23469,-8.64558,15,10
37.24347,-8.648,8,0
37.25225,-8.65042,4,0
37.26103,-8.65283,12,4
37.26981,-8.65525,7,4
37.28737,-8.66009,2,0
37.30494,-8.66493,72,28
37.31372,-8.66736,216,80
37.3225,-8.66978,7,2
37.35761,-8.67949,9,1
37.39273,-8.6892,4,2
37.40151,-8.69163,3,1
37.41906,-8.6965,11,1
37.42784,-8.69894,8,2
37.4805,-8.71356,1,1
37.48928,-8.716,46,5
37.49806,-8.71844,39,11
37.50683,-8.72088,92,19
37.51561,-8.72333,2,1
37.52438,-8.72577,4,2
37.55071,-8.73311,5,3
37.57703,-8.74045,40,8
37.58581,-8.7429,83,15
37.59458,-8.74536,4,1
37.6209,-8.75271,55,0
37.62967,-8.75517,3,0
37.64722,-8.76008,37,6
37.65599,-8.76254,276,44
37.66477,-8.765,4,0
37.69985,-8.77484,3,0
37.72617,-8.78223,2016,481
37.73494,-8.7847,252,44
37.74371,-8.78716,96,23
37.75248,-8.78963,49,5
37.95414,-8.84663,277,20
37.9629,-8.84912,433,68
37.97167,-8.85161,12,3
37.98044,-8.8541,11,3
38.49722,-9.00268,7,0
38.50597,-9.00523,13,5
38.51473,-9.00777,201,54
38.52348,-9.01032,59,29
38.53223,-9.01287,1744,117
38.54098,-9.01542,1902,365
38.54974,-9.01797,1534,402
38.55849,-9.02052,669,135
38.57599,-9.02563,53,14
38.58474,-9.02818,199,52
38.59349,-9.03074,179,76
38.61974,-9.03841,98,20
38.62849,-9.04097,905,167
38.63724,-9.04353,3791,765
38.64599,-9.04609,4713,840
38.65474,-9.04866,11604,2309
38.66349,-9.05122,10854,3018
38.82095,-9.09752,6687,1633
38.82969,-9.1001,4697,1247
38.83844,-9.10268,3358,801
38.84719,-9.10526,172,34
38.85593,-9.10785,793,177
38.86467,-9.11043,77,27
38.87342,-9.11302,41,8
38.88216,-9.1156,25,5
38.89091,-9.11819,2,2
38.89965,-9.12078,1401,365
38.9084,-9.12337,450,96
38.91714,-9.12596,114,23
38.92588,-9.12855,20,6
38.93463,-9.13115,88,26
38.94337,-9.13374,123,22
38.95211,-9.13633,674,147
38.96085,-9.13893,27,4
38.97834,-9.14412,235,44
38.98708,-9.14672,35,3
38.99582,-9.14932,22,3
39.00456,-9.15192,376,84
39.01331,-9.15452,831,153
39.02205,-9.15712,1957,423
39.03079,-9.15973,82,29
39.03953,-9.16233,5,2
39.04827,-9.16494,64,26
39.05701,-9.16754,14,6
39.07449,-9.17276,36,12
39.08323,-9.17537,93,27
39.09197,-9.17798,36,14
39.10071,-9.18059,87,26
39.10945,-9.1832,11,4
39.11819,-9.18581,92,15
39.12693,-9.18843,216,58
39.13566,-9.19104,246,91
39.19683,-9.20937,22,6
39.20557,-9.21199,4,4
39.2143,-9.21462,21,4
39.22304,-9.21724,16,8
39.23178,-9.21987,48,21
39.24051,-9.22249,11,3
39.24925,-9.22512,559,163
39.25798,-9.22775,84,20
39.27545,-9.23301,68,24
39.28419,-9.23564,42,8
39.29292,-9.23827,76,20
39.30166,-9.24091,218,49
39.3366,-9.25145,3,3
39.35406,-9.25673,4,0
39.37153,-9.26201,5,2
39.389,-9.26729,12,1
37.14026,-8.60812,18,4
37.14905,-8.61053,71,26
37.15783,-8.61293,1130,301
37.16661,-8.61534,130,44
37.1754,-8.61775,32,12
37.18418,-8.62015,8,5
37.19296,-8.62256,1,1
37.21931,-8.6298,8,0
37.24566,-8.63704,6,3
37.26323,-8.64187,7,1
37.28957,-8.64912,6,2
37.30713,-8.65397,2,2
37.31591,-8.65639,4,1
37.35981,-8.66851,2,2
37.36859,-8.67094,5,3
37.39493,-8.67822,1,0
37.42127,-8.68552,10,2
37.43004,-8.68795,2,2
37.49148,-8.705,2,1
37.50026,-8.70744,25,7
37.50904,-8.70989,1999,317
37.51781,-8.71233,478,66
37.52659,-8.71477,52,7
37.53536,-8.71721,43,6
37.54414,-8.71966,5,0
37.55292,-8.7221,31,4
37.56169,-8.72455,4,0
37.57047,-8.727,13,4
37.57924,-8.72945,111,10
37.58801,-8.73189,39,10
37.59679,-8.73434,6,0
37.61434,-8.73925,3,1
37.6582,-8.75152,67,1
37.66698,-8.75398,3,0
37.67575,-8.75643,9,5
37.68452,-8.75889,2,0
37.72838,-8.7712,414,61
37.73715,-8.77366,827,97
37.74592,-8.77613,134,25
37.75469,-8.7786,57,10
37.76346,-8.78106,54,9
37.77223,-8.78353,4,0
37.781,-8.786,4,1
37.94759,-8.83308,11,4
37.95636,-8.83556,8,0
37.96513,-8.83805,35,13
37.97389,-8.84054,32,7
37.98266,-8.84303,17,0
38.49946,-8.99153,18,4
38.50822,-8.99408,14,3
38.51697,-8.99663,18,5
38.52572,-8.99917,261,84
38.53447,-9.00172,583,94
38.54323,-9.00427,814,140
38.55198,-9.00682,336,84
38.56073,-9.00937,9,2
38.56948,-9.01192,20,8
38.57824,-9.01447,262,32
38.58699,-9.01703,423,93
38.59574,-9.01958,728,143
38.60449,-9.02213,172,69
38.61324,-9.02469,399,112
38.62199,-9.02725,1379,308
38.63074,-9.02981,3280,636
38.63949,-9.03236,1859,317
38.64824,-9.03492,5875,1283
38.83195,-9.0889,3742,730
38.8407,-9.09148,4928,1075
38.84944,-9.09406,921,166
38.85819,-9.09665,440,107
38.86693,-9.09923,533,51
38.87568,-9.10181,17,5
38.88442,-9.1044,344,103
38.89317,-9.10699,197,62
38.90191,-9.10957,607,118
38.91065,-9.11216,21,3
38.9194,-9.11475,10,0
38.93689,-9.11993,11,2
38.94563,-9.12253,34,6
38.95437,-9.12512,455,92
38.96311,-9.12771,39,10
38.97186,-9.13031,62,11
38.9806,-9.1329,58,14
38.98934,-9.1355,68,17
39.00683,-9.1407,99,23
39.01557,-9.1433,256,55
39.02431,-9.1459,292,61
39.03305,-9.1485,70,17
39.04179,-9.1511,42,14
39.05053,-9.15371,66,23
39.05927,-9.15631,4,1
39.06801,-9.15892,370,127
39.07675,-9.16152,178,46
39.08549,-9.16413,96,28
39.09423,-9.16674,135,44
39.12919,-9.17718,4,2
39.13793,-9.1798,361,143
39.14667,-9.18241,13,7
39.17289,-9.19026,8,3
39.18162,-9.19288,72,12
39.1991,-9.19812,1,1
39.21657,-9.20336,13,0
39.22531,-9.20598,48,18
39.23405,-9.20861,61,19
39.24278,-9.21123,8,0
39.25152,-9.21386,96,25
39.26026,-9.21649,15,9
39.26899,-9.21912,7,0
39.27773,-9.22174,186,62
39.28646,-9.22437,243,45
39.2952,-9.227,32,2
39.30393,-9.22964,38,6
39.31267,-9.23227,2,0
39.3214,-9.2349,230,57
39.33014,-9.23754,539,156
39.33887,-9.24017,97,24
39.37381,-9.25073,5,2
39.38254,-9.25337,17,1
39.40001,-9.25865,9,3
37.13367,-8.59477,894,389
37.15123,-8.59958,1,0
37.16002,-8.60198,519,175
37.1688,-8.60439,452,69
37.17759,-8.6068,15,5
37.18637,-8.6092,31,10
37.19516,-8.61161,28,11
37.21272,-8.61643,9,3
37.23907,-8.62366,14,3
37.24785,-8.62608,1,0
37.28298,-8.63574,3,3
37.29176,-8.63816,11,7
37.30055,-8.64058,65,34
37.30933,-8.643,3,0
37.31811,-8.64542,5,0
37.36201,-8.65753,5,4
37.37079,-8.65996,2,2
37.37957,-8.66238,2,1
37.38835,-8.66481,2,1
37.40591,-8.66967,8,0
37.47613,-8.68913,14,6
37.48491,-8.69157,4,0
37.49369,-8.69401,1,1
37.50246,-8.69645,67,13
37.51124,-8.69889,564,78
37.52002,-8.70133,48,9
37.54634,-8.70865,10,0
37.55512,-8.7111,6,2
37.5639,-8.71354,2,0
37.57267,-8.71599,24,8
37.58145,-8.71844,202,27
37.59022,-8.72088,4,0
37.60777,-8.72578,6,0
37.61654,-8.72823,12,0
37.64286,-8.73559,1,0
37.66918,-8.74295,2,0
37.67796,-8.74541,7,0
37.68673,-8.74787,7,2
37.6955,-8.75033,7,0
37.73059,-8.76017,10,1
37.73936,-8.76263,243,36
37.74813,-8.7651,90,20
37.7569,-8.76756,44,13
37.76567,-8.77003,45,8
37.80075,-8.7799,54,18
37.80952,-8.78237,12,7
37.81829,-8.78484,15,4
37.94105,-8.81953,7,3
37.94981,-8.82201,8,2
37.95858,-8.8245,7,6
37.96735,-8.82698,25,7
38.5017,-8.98039,17,3
38.51046,-8.98293,6,2
38.51921,-8.98548,5,1
38.52796,-8.98802,469,130
38.53672,-8.99057,1257,370
38.54547,-8.99312,327,78
38.55422,-8.99566,99,24
38.56297,-8.99821,12,5
38.57173,-9.00076,148,45
38.58923,-9.00587,757,114
38.59798,-9.00842,1227,322
38.60673,-9.01097,276,69
38.61549,-9.01353,239,92
38.62424,-9.01608,508,161
38.63299,-9.01864,311,103
38.64174,-9.0212,634,158
38.65049,-9.02376,5789,858
38.84295,-9.08028,2401,763
38.8517,-9.08286,3913,823
38.86044,-9.08545,1842,311
38.86919,-9.08803,4278,316
38.87793,-9.09061,3953,523
38.88668,-9.09319,64,15
38.89542,-9.09578,26,8
38.90417,-9.09837,461,163
38.91291,-9.10095,18,6
38.92166,-9.10354,28,2
38.9304,-9.10613,62,15
38.93914,-9.10872,254,68
38.94789,-9.11131,197,60
38.95663,-9.1139,27,14
38.96537,-9.1165,182,44
38.97412,-9.11909,89,15
38.98286,-9.12168,49,15
38.9916,-9.12428,4,3
39.00034,-9.12688,78,17
39.00909,-9.12947,45,8
39.01783,-9.13207,225,60
39.02657,-9.13467,15,3
39.03531,-9.13727,83,8
39.04405,-9.13987,127,33
39.0528,-9.14248,105,31
39.06154,-9.14508,87,31
39.07028,-9.14768,136,44
39.07902,-9.15029,13,7
39.08776,-9.1529,207,43
39.0965,-9.1555,2,0
39.11398,-9.16072,339,81
39.12272,-9.16333,104,23
39.13146,-9.16594,50,21
39.1402,-9.16855,53,16
39.14894,-9.17117,39,6
39.16641,-9.17639,2,0
39.17515,-9.17901,33,7
39.18389,-9.18163,202,63
39.19263,-9.18425,396,122
39.22758,-9.19473,62,17
39.23632,-9.19735,26,6
39.24505,-9.19997,56,19
39.25379,-9.2026,129,34
39.26253,-9.20522,69,17
39.28,-9.21048,76,26
39.28873,-9.21311,572,217
39.29747,-9.21574,35,17
39.30621,-9.21837,502,123
39.31494,-9.221,285,55
39.32368,-9.22363,70,22
39.33241,-9.22626,254,64
39.34115,-9.2289,72,21
39.38482,-9.24209,16,0
37.12707,-8.58143,734,162
37.13585,-8.58383,249,60
37.14464,-8.58623,898,236
37.15342,-8.58863,6,3
37.16221,-8.59103,122,17
37.17978,-8.59584,9,0
37.18856,-8.59825,173,125
37.19735,-8.60066,35,8
37.20613,-8.60306,13,1
37.21491,-8.60547,8,2
37.2237,-8.60788,22,8
37.23248,-8.61029,18,6
37.24126,-8.6127,31,8
37.25005,-8.61512,14,8
37.25883,-8.61753,5,1
37.29396,-8.62719,20,12
37.30274,-8.62961,31,17
37.36421,-8.64655,3,3
37.38177,-8.6514,6,4
37.39055,-8.65383,6,2
37.39933,-8.65626,7,3
37.41688,-8.66111,2,2
37.42566,-8.66354,9,1
37.43444,-8.66597,5,4
37.46078,-8.67327,15,5
37.46955,-8.6757,34,14
37.47833,-8.67814,5,2
37.48711,-8.68057,3,1
37.49589,-8.68301,11,0
37.50466,-8.68545,4,1
37.52222,-8.69033,1,0
37.53099,-8.69277,2,2
37.53977,-8.69521,2,1
37.54855,-8.69765,4,2
37.5661,-8.70254,3,0
37.57487,-8.70498,32,6
37.58365,-8.70743,8,2
37.59242,-8.70987,2,2
37.62752,-8.71967,2,1
37.67139,-8.73193,151,1
37.71526,-8.74422,7,1
37.72403,-8.74668,2,0
37.7328,-8.74914,71,14
37.74157,-8.7516,273,70
37.75034,-8.75406,435,113
37.75911,-8.75653,60,8
37.80297,-8.76886,84,24
37.81174,-8.77132,1,0
37.82051,-8.77379,2,1
37.82928,-8.77626,4,0
37.83805,-8.77874,5,0
37.84682,-8.78121,16,0
37.85558,-8.78368,185,43
37.86435,-8.78616,2,2
37.96956,-8.81592,30,7
38.50394,-8.96924,19,8
38.5127,-8.97178,106,37
38.52145,-8.97433,11,6
38.5302,-8.97687,25,17
38.53896,-8.97942,27,0
38.54771,-8.98196,309,107
38.55646,-8.98451,291,56
38.56522,-8.98706,37,9
38.57397,-8.98961,36,17
38.59147,-8.99471,35,2
38.60023,-8.99726,208,53
38.60898,-8.99981,199,74
38.61773,-9.00236,113,22
38.62648,-9.00492,86,14
38.63523,-9.00747,170,31
38.64398,-9.01003,1579,387
38.65273,-9.01259,2314,305
38.86269,-9.07424,10492,1187
38.87144,-9.07682,4576,887
38.88019,-9.07941,2521,325
38.88893,-9.08199,9,3
38.89768,-9.08457,1,0
38.90642,-9.08716,4,0
38.91517,-9.08974,8,0
38.92391,-9.09233,35,5
38.93266,-9.09492,87,16
38.9414,-9.09751,139,29
38.95014,-9.1001,20,4
38.95889,-9.10269,51,11
38.96763,-9.10528,2,1
38.97637,-9.10787,166,26
38.98512,-9.11046,71,10
38.99386,-9.11306,175,50
39.0026,-9.11565,257,55
39.01135,-9.11825,32,9
39.02009,-9.12085,200,41
39.02883,-9.12344,36,9
39.03757,-9.12604,223,36
39.04631,-9.12864,156,34
39.05506,-9.13124,202,86
39.0638,-9.13385,136,43
39.08128,-9.13905,4,0
39.09002,-9.14166,9,3
39.09876,-9.14426,77,24
39.1075,-9.14687,244,67
39.11624,-9.14948,66,12
39.12498,-9.15209,85,19
39.13372,-9.1547,148,52
39.14246,-9.15731,32,15
39.1512,-9.15992,260,81
39.15994,-9.16253,168,52
39.16868,-9.16515,58,16
39.17742,-9.16776,23,7
39.18616,-9.17038,60,13
39.1949,-9.17299,109,40
39.22985,-9.18347,8,0
39.23858,-9.18609,8,1
39.24732,-9.18871,130,54
39.25606,-9.19134,2,2
39.28227,-9.19921,7,0
39.30848,-9.2071,34,5
39.31721,-9.20973,95,13
39.32595,-9.21236,2,1
39.34342,-9.21762,58,13
39.36089,-9.22289,49,3
39.36962,-9.22553,249,76
39.38709,-9.2308,9,1
39.40456,-9.23608,3,0
37.12925,-8.57048,591,116
37.13804,-8.57288,975,186
37.14682,-8.57528,321,58
37.15561,-8.57768,60,20
37.1644,-8.58009,2,2
37.17318,-8.58249,35,3
37.18197,-8.58489,46,15
37.19075,-8.5873,83,17
37.19953,-8.5897,177,37
37.20832,-8.59211,188,48
37.2171,-8.59452,42,16
37.22589,-8.59692,13,3
37.23467,-8.59933,1,0
37.28737,-8.61381,91,37
37.29615,-8.61622,23,2
37.30493,-8.61864,6,4
37.31371,-8.62105,1,0
37.3225,-8.62347,5,0
37.34884,-8.63073,7,0
37.35762,-8.63315,2,0
37.3664,-8.63557,15,7
37.37518,-8.638,23,11
37.43664,-8.65498,8,6
37.44542,-8.65741,21,5
37.46298,-8.66228,3,0
37.47175,-8.66471,36,9
37.48053,-8.66714,12,5
37.48931,-8.66958,9,0
37.49809,-8.67201,39,14
37.50686,-8.67445,6,2
37.5332,-8.68176,4,0
37.54197,-8.6842,4,0
37.5683,-8.69153,24,3
37.57708,-8.69397,41,11
37.58585,-8.69642,26,10
37.6034,-8.70131,11,3
37.62095,-8.7062,2,2
37.62973,-8.70865,1,0
37.72624,-8.73565,4,2
37.75255,-8.74303,79,23
37.76132,-8.74549,79,11
37.79641,-8.75535,7,0
37.80518,-8.75781,18,6
37.81395,-8.76028,4,3
37.83149,-8.76522,26,8
37.84026,-8.76769,39,10
37.84903,-8.77016,5,0
37.8578,-8.77263,8,5
37.86657,-8.7751,16,4
37.89287,-8.78253,11,1
37.92795,-8.79244,3,0
38.00685,-8.81479,9,0
38.50618,-8.95809,121,32
38.51493,-8.96063,52,17
38.52369,-8.96318,84,31
38.53244,-8.96572,5,0
38.5412,-8.96826,7,0
38.54995,-8.97081,314,76
38.5587,-8.97335,1044,266
38.56746,-8.9759,19,2
38.57621,-8.97845,9,3
38.58496,-8.981,127,46
38.59371,-8.98354,265,75
38.60247,-8.98609,200,39
38.61122,-8.98865,176,60
38.61997,-8.9912,185,44
38.62872,-8.99375,53,16
38.63747,-8.99631,6,2
38.86495,-9.06304,12999,1905
38.87369,-9.06562,2660,603
38.88244,-9.0682,2535,410
38.89118,-9.07078,71,16
38.89993,-9.07336,3,0
38.90868,-9.07595,27,4
38.91742,-9.07853,128,29
38.92617,-9.08112,13,4
38.93491,-9.0837,205,48
38.94365,-9.08629,23,3
38.9524,-9.08888,53,17
38.96989,-9.09406,57,6
38.97863,-9.09665,114,11
38.98737,-9.09924,57,9
38.99612,-9.10183,74,19
39.00486,-9.10443,33,4
39.0136,-9.10702,2,1
39.02235,-9.10962,329,61
39.03109,-9.11222,222,68
39.03983,-9.11481,124,35
39.04857,-9.11741,15,7
39.05732,-9.12001,66,14
39.06606,-9.12261,13,5
39.0748,-9.12521,2,0
39.08354,-9.12782,68,23
39.09228,-9.13042,231,67
39.10102,-9.13303,155,36
39.10976,-9.13563,153,52
39.1185,-9.13824,2,0
39.13599,-9.14345,1,0
39.14473,-9.14606,9,2
39.15347,-9.14867,17,2
39.1622,-9.15128,61,18
39.17968,-9.15651,13,4
39.18842,-9.15912,51,12
39.19716,-9.16174,5,1
39.21464,-9.16697,29,8
39.22338,-9.16959,75,23
39.23211,-9.17221,37,12
39.24085,-9.17483,4,0
39.24959,-9.17745,409,120
39.25833,-9.18007,116,32
39.26706,-9.18269,19,12
39.2758,-9.18532,26,9
39.28454,-9.18794,237,82
39.29327,-9.19057,52,25
39.30201,-9.1932,193,58
39.31075,-9.19582,146,65
39.31948,-9.19845,2,0
39.33695,-9.20371,114,47
39.34569,-9.20635,576,205
39.35442,-9.20898,6,2
39.36316,-9.21161,252,76
39.37189,-9.21425,125,50
39.40683,-9.22479,71,15
39.41557,-9.22743,55,19
39.4243,-9.23007,45,18
37.13144,-8.55954,230,62
37.14022,-8.56194,4751,720
37.14901,-8.56433,2619,311
37.1578,-8.56673,496,115
37.16658,-8.56914,15,2
37.17537,-8.57154,1,1
37.18415,-8.57394,39,17
37.19294,-8.57634,8,5
37.21051,-8.58115,27,11
37.21929,-8.58356,53,19
37.22807,-8.58597,77,22
37.23686,-8.58837,33,9
37.25443,-8.59319,1,1
37.28956,-8.60284,41,21
37.29834,-8.60525,24,11
37.30712,-8.60767,3,2
37.31591,-8.61008,2,2
37.33347,-8.61492,7,4
37.34225,-8.61734,3,1
37.35103,-8.61975,6,3
37.35981,-8.62217,9,7
37.37738,-8.62702,1,0
37.38616,-8.62944,6,4
37.43006,-8.64157,4,0
37.43884,-8.64399,18,9
37.44761,-8.64642,17,5
37.45639,-8.64885,3,0
37.47395,-8.65372,7,1
37.49151,-8.65858,4,1
37.50029,-8.66101,15,1
37.52662,-8.66832,2,0
37.5354,-8.67076,6,2
37.56173,-8.67808,1,1
37.5705,-8.68052,1,0
37.57928,-8.68296,1,0
37.58805,-8.6854,15,3
37.59683,-8.68785,57,15
37.60561,-8.69029,134,27
37.61438,-8.69274,3,3
37.64948,-8.70253,1,0
37.65825,-8.70498,1,0
37.66703,-8.70743,19,5
37.6758,-8.70988,1,1
37.7109,-8.7197,3,0
37.72844,-8.72461,2,2
37.75476,-8.73199,32,6
37.76353,-8.73445,23,5
37.81616,-8.74924,1,1
37.82493,-8.7517,1,1
37.8337,-8.75417,54,12
37.84247,-8.75664,10,1
37.86001,-8.76158,12,3
37.86878,-8.76405,37,12
37.87755,-8.76652,2,2
37.89509,-8.77147,13,2
37.93016,-8.78138,28,13
37.9477,-8.78634,18,3
37.95646,-8.78882,19,6
37.96523,-8.7913,18,6
37.974,-8.79378,2,1
38.0003,-8.80124,4,0
38.00907,-8.80372,3,3
38.50842,-8.94695,26,0
38.52593,-8.95203,15,1
38.54343,-8.95711,9,2
38.55219,-8.95965,18,4
38.56094,-8.9622,637,143
38.5697,-8.96474,16,2
38.57845,-8.96729,7,0
38.5872,-8.96984,36,10
38.60471,-8.97493,92,18
38.61346,-8.97748,40,9
38.62221,-8.98003,127,27
38.63096,-8.98258,63,14
38.63972,-8.98514,180,33
38.66597,-8.9928,65,14
38.67472,-8.99536,12,0
38.70973,-9.00559,51,14
38.71848,-9.00815,2295,432
38.87594,-9.05442,6061,1211
38.88469,-9.057,9,3
38.89344,-9.05958,114,32
38.90218,-9.06216,24,8
38.91967,-9.06732,38,8
38.92842,-9.06991,252,74
38.93716,-9.07249,98,23
38.94591,-9.07508,18,2
38.95465,-9.07766,254,70
38.9634,-9.08025,14,1
38.97214,-9.08284,135,8
38.98089,-9.08543,987,101
38.98963,-9.08802,179,30
38.99837,-9.09061,475,94
39.00712,-9.0932,54,10
39.01586,-9.0958,58,10
39.0246,-9.09839,54,9
39.03335,-9.10099,81,27
39.04209,-9.10358,77,12
39.05083,-9.10618,15,5
39.06832,-9.11138,6,4
39.07706,-9.11398,95,8
39.0858,-9.11658,56,18
39.09454,-9.11918,388,113
39.10328,-9.12179,79,16
39.11202,-9.12439,2,0
39.12077,-9.12699,183,55
39.12951,-9.1296,6,2
39.14699,-9.13482,126,42
39.19069,-9.14787,3,0
39.2169,-9.15571,26,5
39.22564,-9.15833,27,14
39.23438,-9.16095,32,8
39.25186,-9.16619,257,53
39.26059,-9.16881,279,86
39.26933,-9.17143,3,3
39.27807,-9.17405,57,19
39.29554,-9.1793,89,19
39.31302,-9.18455,122,31
39.32175,-9.18718,15,0
39.33922,-9.19244,6,1
39.34796,-9.19507,29,6
39.3567,-9.1977,3,2
39.42657,-9.21878,29,11
37.12483,-8.5462,1856,429
37.13362,-8.54859,6565,1114
37.14241,-8.55099,2915,696
37.15119,-8.55339,1729,520
37.15998,-8.55579,645,204
37.16877,-8.55819,85,21
37.17755,-8.56059,7,1
37.18634,-8.56299,36,16
37.22148,-8.5726,27,10
37.23026,-8.57501,7,2
37.23905,-8.57741,5,4
37.28296,-8.58946,2,1
37.29175,-8.59187,58,18
37.30053,-8.59428,23,8
37.30931,-8.5967,12,5
37.33566,-8.60394,5,0
37.35322,-8.60878,3,0
37.36201,-8.6112,3,1
37.38835,-8.61846,3,2
37.43225,-8.63058,1,0
37.44103,-8.633,4,3
37.4937,-8.64758,21,12
37.50248,-8.65002,51,8
37.52004,-8.65488,5,1
37.53759,-8.65976,3,0
37.5727,-8.66951,346,26
37.58148,-8.67195,450,65
37.59025,-8.67439,255,67
37.59903,-8.67684,38,5
37.60781,-8.67928,2,1
37.61658,-8.68172,1,0
37.64291,-8.68906,1,0
37.65168,-8.69151,19,4
37.66046,-8.69396,1,0
37.66923,-8.69641,9,1
37.67801,-8.69886,56,24
37.68678,-8.70131,61,22
37.7131,-8.70867,2,2
37.73065,-8.71358,6,1
37.74819,-8.7185,1,0
37.80083,-8.73326,3,0
37.81837,-8.73819,5,0
37.82714,-8.74066,57,23
37.83591,-8.74312,6,1
37.84468,-8.74559,11,2
37.86222,-8.75053,8,3
37.95868,-8.77775,18,2
37.96745,-8.78023,17,5
37.97621,-8.78271,19,4
38.52816,-8.94087,7,1
38.53692,-8.94341,4,1
38.54567,-8.94596,25,5
38.56318,-8.95104,1412,141
38.57193,-8.95358,624,41
38.58069,-8.95613,345,22
38.58944,-8.95867,75,20
38.59819,-8.96122,21,3
38.6157,-8.96632,10,2
38.62445,-8.96887,21,8
38.63321,-8.97142,42,9
38.64196,-8.97397,112,36
38.65071,-8.97652,360,128
38.65946,-8.97907,364,100
38.66821,-8.98163,928,219
38.67696,-8.98418,931,193
38.71197,-8.99441,1173,131
38.72072,-8.99697,1078,206
38.72947,-8.99953,43,2
38.88694,-9.04579,4419,465
38.89569,-9.04837,3038,649
38.90443,-9.05095,8048,1240
38.91318,-9.05353,431,84
38.92193,-9.05611,66,19
38.93067,-9.05869,155,51
38.93942,-9.06128,195,42
38.94816,-9.06386,33,7
38.95691,-9.06645,108,17
38.96565,-9.06903,67,8
38.9744,-9.07162,198,112
38.98314,-9.07421,1622,336
38.99188,-9.0768,2385,339
39.00063,-9.07939,1020,118
39.00937,-9.08198,154,25
39.01812,-9.08457,53,14
39.02686,-9.08716,122,52
39.0356,-9.08976,126,45
39.04435,-9.09235,4,3
39.05309,-9.09495,81,25
39.06183,-9.09755,213,68
39.07057,-9.10014,52,8
39.07932,-9.10274,41,9
39.08806,-9.10534,79,27
39.0968,-9.10794,253,64
39.10554,-9.11055,121,36
39.11428,-9.11315,7,0
39.12303,-9.11575,110,34
39.14925,-9.12357,147,38
39.15799,-9.12618,3,0
39.16673,-9.12879,10,3
39.17547,-9.13139,38,10
39.22791,-9.14707,8,1
39.23664,-9.14969,120,33
39.24538,-9.15231,33,4
39.25412,-9.15492,306,88
39.26286,-9.15754,2130,502
39.2716,-9.16016,2396,565
39.28033,-9.16278,6,4
39.28907,-9.16541,89,29
39.29781,-9.16803,173,51
39.30655,-9.17065,3,0
39.31528,-9.17328,7,6
39.32402,-9.1759,339,88
39.33276,-9.17853,121,33
39.34149,-9.18116,32,6
39.35023,-9.18379,359,106
39.35896,-9.18642,8,1
39.37644,-9.19168,11,2
39.38517,-9.19431,205,41
39.41138,-9.20222,136,45
39.42011,-9.20486,104,28
39.42884,-9.20749,117,60
39.43758,-9.21013,753,220
37.12702,-8.53525,4992,1196
37.1358,-8.53765,8183,2158
37.14459,-8.54004,8439,1681
37.15338,-8.54244,1853,391
37.16216,-8.54484,55,22
37.17095,-8.54723,112,29
37.17974,-8.54963,3,3
37.21488,-8.55924,2,2
37.22366,-8.56164,17,6
37.24123,-8.56645,13,2
37.25002,-8.56886,5,2
37.2588,-8.57126,11,0
37.26759,-8.57367,1,0
37.27637,-8.57608,7,3
37.28515,-8.57849,26,13
37.29394,-8.5809,93,27
37.30272,-8.58331,50,9
37.3115,-8.58573,28,12
37.32029,-8.58814,4,0
37.33785,-8.59297,8,1
37.34663,-8.59538,4,0
37.35541,-8.5978,3,2
37.3642,-8.60022,2,0
37.44322,-8.62201,8,0
37.46078,-8.62687,5,0
37.47834,-8.63172,4,1
37.48712,-8.63415,15,1
37.4959,-8.63658,2,0
37.50468,-8.63902,3,2
37.51346,-8.64145,2,0
37.52223,-8.64388,2,0
37.53101,-8.64632,4,1
37.56612,-8.65606,4,0
37.5749,-8.6585,220,25
37.58368,-8.66094,792,163
37.59245,-8.66338,355,90
37.65388,-8.68049,25,11
37.66266,-8.68294,50,16
37.67143,-8.68538,3,0
37.68021,-8.68783,2,0
37.68898,-8.69028,100,27
37.76794,-8.71238,2,1
37.80303,-8.72222,1,0
37.8118,-8.72468,2,0
37.82058,-8.72714,1,0
37.83812,-8.73207,12,5
37.84689,-8.73454,13,3
37.88197,-8.74442,4,0
37.94335,-8.76173,4,2
37.96089,-8.76669,7,1
37.96966,-8.76916,15,10
37.97843,-8.77164,11,2
38.0398,-8.78903,1,0
38.04856,-8.79152,1,0
38.05733,-8.794,1713,453
38.06609,-8.79649,51,23
38.52164,-8.92718,2,2
38.5304,-8.92972,79,30
38.54791,-8.9348,30,8
38.55666,-8.93734,17,3
38.56542,-8.93988,1722,455
38.57417,-8.94242,2339,204
38.58292,-8.94497,120,10
38.59168,-8.94751,44,10
38.60043,-8.95006,106,36
38.60918,-8.9526,47,16
38.61794,-8.95515,154,29
38.62669,-8.9577,98,72
38.63544,-8.96025,205,67
38.6442,-8.9628,455,68
38.65295,-8.96535,49,12
38.6617,-8.9679,65,9
38.67045,-8.97045,327,99
38.71421,-8.98323,4241,905
38.72296,-8.98579,167,35
38.73171,-8.98835,3,1
38.88919,-9.03458,1797,415
38.89794,-9.03716,9771,2688
38.90668,-9.03974,3702,801
38.91543,-9.04232,112,33
38.92418,-9.0449,2,1
38.94167,-9.05006,14,6
38.95041,-9.05264,32,10
38.95916,-9.05523,347,101
38.9679,-9.05781,79,21
38.97665,-9.0604,241,45
38.98539,-9.06299,9,3
38.99414,-9.06557,232,14
39.00288,-9.06816,61,0
39.01163,-9.07075,34,4
39.02037,-9.07334,34,8
39.02911,-9.07594,42,9
39.03786,-9.07853,71,31
39.0466,-9.08112,75,15
39.05534,-9.08372,10,1
39.06409,-9.08631,198,41
39.07283,-9.08891,35,16
39.08157,-9.09151,253,73
39.09032,-9.0941,51,13
39.09906,-9.0967,133,45
39.1078,-9.0993,221,60
39.11654,-9.10191,7,2
39.14277,-9.10972,117,22
39.15151,-9.11232,220,70
39.16025,-9.11493,144,45
39.16899,-9.11753,22,8
39.17773,-9.12014,152,47
39.18647,-9.12275,135,34
39.21269,-9.13059,21,4
39.22143,-9.1332,21,11
39.23891,-9.13843,95,47
39.24765,-9.14104,187,62
39.25638,-9.14366,58,12
39.26512,-9.14628,3,1
39.27386,-9.1489,14,6
39.2826,-9.15152,197,76
39.29134,-9.15414,45,16
39.30007,-9.15676,741,181
39.30881,-9.15938,70,45
39.31755,-9.16201,97,25
39.32629,-9.16463,151,38
39.33502,-9.16726,26,6
39.34376,-9.16988,486,132
39.3525,-9.17251,9,1
39.36123,-9.17514,4,0
39.36997,-9.17777,5,0
39.3787,-9.1804,128,29
39.38744,-9.18303,236,59
39.40491,-9.1883,9,6
39.41365,-9.19093,75,26
39.42238,-9.19357,317,105
39.43111,-9.1962,127,26
39.43985,-9.19884,4,1
39.44858,-9.20148,3,2
37.12041,-8.52191,511,188
37.1292,-8.52431,339,94
37.13798,-8.5267,87,23
37.14677,-8.52909,100,26
37.15556,-8.53149,344,79
37.16435,-8.53389,1575,296
37.17313,-8.53628,236,79
37.20828,-8.54588,4,1
37.21706,-8.54828,43,11
37.22585,-8.55068,11,7
37.24342,-8.55549,8,4
37.27855,-8.56511,1,1
37.28734,-8.56752,105,26
37.29612,-8.56993,252,82
37.30491,-8.57234,59,22
37.31369,-8.57475,28,5
37.32247,-8.57716,13,6
37.33126,-8.57958,9,4
37.34004,-8.58199,7,4
37.34882,-8.58441,2,0
37.3576,-8.58682,2,0
37.39273,-8.59649,3,1
37.43664,-8.6086,1,0
37.4542,-8.61345,1,0
37.46298,-8.61587,6,1
37.48054,-8.62073,5,0
37.48931,-8.62316,19,5
37.49809,-8.62559,2,0
37.52443,-8.63288,4,1
37.53321,-8.63531,23,10
37.55954,-8.64262,5,0
37.58587,-8.64993,1,1
37.59465,-8.65237,168,27
37.60343,-8.65481,83,24
37.65608,-8.66947,3,0
37.66486,-8.67191,7,2
37.68241,-8.67681,7,2
37.69996,-8.68171,18,6
37.71751,-8.68661,1,0
37.84032,-8.72103,2,1
37.8491,-8.72349,1,0
37.86664,-8.72842,5,3
37.9368,-8.74819,4,1
37.94557,-8.75067,2,0
37.97187,-8.7581,20,3
37.98941,-8.76305,1,0
37.99818,-8.76553,2,0
38.05078,-8.78044,1278,251
38.05954,-8.78292,3721,884
38.06831,-8.78541,923,201
38.07708,-8.7879,1,1
38.08584,-8.79039,4,0
38.52387,-8.91603,1059,334
38.53263,-8.91857,59,25
38.54139,-8.92111,1,1
38.55014,-8.92364,7,3
38.5589,-8.92618,15,2
38.56765,-8.92872,174,53
38.57641,-8.93127,99,19
38.58516,-8.93381,16,2
38.59391,-8.93635,297,72
38.60267,-8.93889,529,163
38.61142,-8.94144,131,39
38.62018,-8.94399,67,17
38.62893,-8.94653,57,12
38.63768,-8.94908,601,120
38.64643,-8.95163,525,119
38.65519,-8.95418,148,24
38.66394,-8.95673,100,23
38.67269,-8.95928,67,25
38.68144,-8.96183,803,227
38.6902,-8.96439,84,17
38.7077,-8.9695,6701,1644
38.71645,-8.97205,3743,597
38.7252,-8.97461,491,47
38.73395,-8.97717,1022,153
38.90018,-9.02595,24,15
38.90893,-9.02853,253,62
38.91768,-9.03111,2491,350
38.92642,-9.03368,7,5
38.93517,-9.03626,83,31
38.94392,-9.03884,46,22
38.95266,-9.04143,992,183
38.96141,-9.04401,170,41
38.97015,-9.04659,131,24
38.9789,-9.04918,55,12
38.98764,-9.05176,66,16
38.99639,-9.05435,68,19
39.00513,-9.05694,13,5
39.01388,-9.05953,40,4
39.02262,-9.06212,69,13
39.03137,-9.06471,50,12
39.04011,-9.0673,210,68
39.04886,-9.06989,105,45
39.0576,-9.07248,30,6
39.06634,-9.07508,26,5
39.07509,-9.07767,89,33
39.08383,-9.08027,93,19
39.09257,-9.08287,86,17
39.11006,-9.08806,15,2
39.1188,-9.09066,341,107
39.12754,-9.09326,64,17
39.13628,-9.09587,181,58
39.14502,-9.09847,14,4
39.15377,-9.10107,11,3
39.16251,-9.10368,10,3
39.17999,-9.10889,135,36
39.18873,-9.1115,616,237
39.19747,-9.11411,12,0
39.21495,-9.11933,4,4
39.22369,-9.12194,296,119
39.23243,-9.12455,34,8
39.24117,-9.12717,40,12
39.24991,-9.12978,105,32
39.25865,-9.1324,111,39
39.27612,-9.13763,2,0
39.28486,-9.14025,24,8
39.2936,-9.14287,4,0
39.30234,-9.14549,74,20
39.31108,-9.14811,27,4
39.31981,-9.15073,41,7
39.32855,-9.15335,484,119
39.33729,-9.15598,148,30
39.34603,-9.1586,75,11
39.35476,-9.16123,663,135
39.3635,-9.16386,30,8
39.37224,-9.16649,7,0
39.38097,-9.16911,136,52
39.38971,-9.17174,53,10
39.39844,-9.17438,1,1
39.40718,-9.17701,30,7
39.41591,-9.17964,494,134
39.42465,-9.18228,252,82
39.43338,-9.18491,74,14
39.44212,-9.18755,25,13
39.45085,-9.19018,58,19
39.45959,-9.19282,165,74
39.46832,-9.19546,53,28
37.1138,-8.50858,162,47
37.12259,-8.51097,425,144
37.13138,-8.51336,2083,422
37.14016,-8.51575,2303,491
37.15774,-8.52054,121,33
37.16653,-8.52293,10,4
37.19289,-8.53012,40,14
37.20167,-8.53252,75,25
37.21924,-8.53732,22,7
37.22803,-8.53972,88,27
37.23682,-8.54212,8,4
37.2456,-8.54453,1,0
37.26317,-8.54934,9,7
37.27196,-8.55174,42,16
37.28074,-8.55415,47,25
37.28952,-8.55655,43,18
37.29831,-8.55896,24,11
37.30709,-8.56137,209,71
37.31588,-8.56378,210,58
37.32466,-8.56619,68,14
37.33344,-8.5686,20,6
37.34223,-8.57101,7,5
37.39492,-8.58551,5,1
37.43005,-8.59519,1,1
37.44761,-8.60003,6,4
37.45639,-8.60245,4,2
37.46517,-8.60488,4,0
37.47395,-8.6073,9,2
37.48273,-8.60973,2,2
37.49151,-8.61216,4,0
37.51785,-8.61945,3,0
37.5354,-8.62431,3,2
37.58807,-8.63892,1,0
37.59685,-8.64135,1802,440
37.60562,-8.64379,155,58
37.64073,-8.65356,2,0
37.64951,-8.656,2,0
37.67583,-8.66334,82,21
37.71093,-8.67313,59,22
37.71971,-8.67558,18,3
37.82499,-8.70505,3,3
37.8513,-8.71244,16,9
37.86007,-8.7149,47,18
37.86884,-8.71737,171,71
37.87762,-8.71984,12,1
37.93901,-8.73713,4,0
37.99162,-8.75198,9,3
38.03546,-8.76439,4,2
38.05299,-8.76935,3,2
38.06176,-8.77184,754,180
38.07052,-8.77433,33,19
38.07929,-8.77681,27,5
38.08806,-8.7793,6,1
38.09682,-8.78179,6,1
38.10559,-8.78428,8,3
38.11435,-8.78677,156,47
38.52611,-8.90488,8011,2043
38.53486,-8.90742,149,69
38.54362,-8.90995,55,28
38.55237,-8.91249,11,3
38.56113,-8.91503,22,4
38.56988,-8.91757,872,159
38.57864,-8.92011,76,27
38.58739,-8.92265,441,133
38.59615,-8.92519,682,179
38.6049,-8.92773,258,63
38.61366,-8.93027,196,43
38.62241,-8.93282,84,29
38.63116,-8.93536,108,17
38.63992,-8.93791,118,33
38.64867,-8.94046,139,32
38.65742,-8.94301,61,7
38.66618,-8.94556,17,3
38.67493,-8.94811,63,10
38.70994,-8.95832,6294,567
38.71869,-8.96087,1275,107
38.72744,-8.96343,124,15
38.73619,-8.96598,930,153
38.91993,-9.01989,2139,391
38.92867,-9.02247,545,154
38.93742,-9.02505,896,197
38.94617,-9.02763,187,23
38.95491,-9.03021,112,25
38.96366,-9.03279,199,50
38.9724,-9.03537,215,36
38.98115,-9.03796,195,70
38.9899,-9.04054,73,17
38.99864,-9.04313,130,27
39.00739,-9.04571,107,32
39.01613,-9.0483,10,6
39.02488,-9.05089,54,19
39.03362,-9.05348,129,38
39.04236,-9.05607,110,32
39.05111,-9.05866,45,11
39.05985,-9.06125,85,20
39.0686,-9.06384,98,20
39.07734,-9.06644,78,24
39.08608,-9.06903,162,56
39.09483,-9.07163,80,23
39.10357,-9.07422,194,77
39.11231,-9.07682,21,4
39.12105,-9.07942,382,121
39.1298,-9.08202,97,48
39.13854,-9.08462,139,29
39.14728,-9.08722,13,0
39.15602,-9.08982,40,6
39.16476,-9.09243,28,6
39.17351,-9.09503,76,29
39.18225,-9.09764,135,59
39.19099,-9.10024,45,19
39.19973,-9.10285,40,15
39.20847,-9.10546,29,11
39.21721,-9.10807,157,33
39.23469,-9.11329,79,24
39.24343,-9.1159,285,97
39.25217,-9.11852,30,5
39.26091,-9.12113,17,6
39.26965,-9.12374,74,12
39.28712,-9.12898,161,68
39.29586,-9.1316,216,55
39.3046,-9.13422,60,31
39.31334,-9.13684,155,50
39.32208,-9.13946,113,27
39.33081,-9.14208,55,16
39.33955,-9.1447,162,38
39.34829,-9.14732,100,22
39.35703,-9.14995,116,34
39.36576,-9.15258,221,60
39.3745,-9.1552,12,6
39.38324,-9.15783,398,82
39.39197,-9.16046,101,51
39.40071,-9.16309,100,26
39.40945,-9.16572,181,39
39.41818,-9.16835,334,53
39.42692,-9.17098,293,84
39.44439,-9.17625,85,38
39.45312,-9.17889,147,42
39.47059,-9.18416,33,10
37.10719,-8.49525,32,20
37.11598,-8.49763,27,8
37.12477,-8.50002,26,2
37.13355,-8.50241,192,39
37.14234,-8.5048,2450,422
37.15113,-8.5072,108,22
37.19507,-8.51917,2,0
37.20385,-8.52157,10,5
37.21264,-8.52396,1,0
37.23021,-8.52876,5,1
37.26535,-8.53837,2,0
37.27414,-8.54077,5,1
37.28292,-8.54318,12,7
37.29171,-8.54558,14,5
37.30049,-8.54799,19,9
37.30928,-8.5504,135,34
37.31806,-8.55281,1820,559
37.32684,-8.55522,122,41
37.33563,-8.55763,51,16
37.34441,-8.56004,18,7
37.38833,-8.57211,2,0
37.44102,-8.58662,14,6
37.4498,-8.58904,15,2
37.45858,-8.59146,13,1
37.46736,-8.59388,3,2
37.4937,-8.60116,3,2
37.51126,-8.60601,2,1
37.56393,-8.6206,2,2
37.57271,-8.62303,6,0
37.58149,-8.62547,4,1
37.59027,-8.6279,35,10
37.59904,-8.63034,71,8
37.60782,-8.63278,6,1
37.66926,-8.64986,36,12
37.67803,-8.65231,19,6
37.70436,-8.65965,9,2
37.71313,-8.6621,473,183
37.72191,-8.66455,172,70
37.76578,-8.6768,1,0
37.77455,-8.67926,9,3
37.78333,-8.68171,4,3
37.7921,-8.68417,19,6
37.80087,-8.68663,50,19
37.80965,-8.68908,110,44
37.81842,-8.69154,2,0
37.82719,-8.694,1,1
37.86228,-8.70385,47,26
37.87105,-8.70632,9,3
37.87982,-8.70878,7,3
37.88859,-8.71125,4,0
37.94121,-8.72606,76,19
37.98506,-8.73843,5,1
37.99383,-8.74091,175,48
38.0026,-8.74339,23,11
38.01137,-8.74587,3,0
38.02013,-8.74835,2,0
38.04644,-8.75579,88,12
38.0552,-8.75827,314,42
38.06397,-8.76076,133,65
38.07274,-8.76324,41,21
38.0815,-8.76573,70,31
38.09027,-8.76822,22,7
38.09904,-8.7707,124,51
38.1078,-8.77319,58,22
38.12533,-8.77817,29,13
38.1341,-8.78066,31,15
38.52834,-8.89373,8013,2469
38.53709,-8.89626,10629,3071
38.54585,-8.8988,1160,265
38.55461,-8.90133,126,59
38.56336,-8.90387,498,155
38.57212,-8.90641,2136,548
38.58087,-8.90894,617,137
38.58963,-8.91148,134,20
38.59838,-8.91402,129,40
38.60714,-8.91657,78,20
38.61589,-8.91911,572,80
38.62465,-8.92165,1494,146
38.6334,-8.9242,1838,361
38.64215,-8.92674,160,31
38.65091,-8.92929,103,22
38.65966,-8.93183,204,43
38.66841,-8.93438,246,76
38.67717,-8.93693,591,156
38.68592,-8.93948,249,76
38.69467,-8.94203,102,32
38.70342,-8.94458,2910,199
38.71218,-8.94713,1478,244
38.72093,-8.94969,23,8
38.72968,-8.95224,70,15
38.73843,-8.9548,106,26
38.74718,-8.95735,1644,163
38.93967,-9.01383,456,119
38.94841,-9.01641,291,70
38.95716,-9.01899,594,116
38.96591,-9.02157,135,36
38.97465,-9.02415,124,48
38.9834,-9.02673,25,6
38.99214,-9.02932,6,5
39.00089,-9.0319,22,5
39.00964,-9.03449,32,11
39.01838,-9.03707,15,2
39.02713,-9.03966,19,2
39.03587,-9.04225,74,21
39.04461,-9.04483,138,41
39.05336,-9.04742,72,10
39.0621,-9.05001,204,44
39.07085,-9.05261,116,32
39.07959,-9.0552,58,20
39.08834,-9.05779,336,123
39.09708,-9.06039,459,137
39.10582,-9.06298,526,148
39.11457,-9.06558,46,7
39.12331,-9.06818,91,29
39.13205,-9.07077,1,0
39.14079,-9.07337,111,55
39.14954,-9.07597,51,5
39.15828,-9.07857,13,5
39.1845,-9.08638,128,50
39.19324,-9.08899,44,12
39.20199,-9.09159,61,12
39.21947,-9.09681,54,11
39.22821,-9.09942,30,4
39.23695,-9.10203,1046,226
39.24569,-9.10464,1346,311
39.25443,-9.10725,46,10
39.26317,-9.10986,116,42
39.27191,-9.11248,135,44
39.28065,-9.11509,138,56
39.28938,-9.11771,12,0
39.29812,-9.12032,53,7
39.30686,-9.12294,159,58
39.3156,-9.12556,148,56
39.32434,-9.12818,16,2
39.33308,-9.1308,12,2
39.34182,-9.13342,65,29
39.35055,-9.13605,41,6
39.35929,-9.13867,7,1
39.36803,-9.14129,23,6
39.37676,-9.14392,24,3
39.3855,-9.14655,33,10
39.39424,-9.14917,547,142
39.40297,-9.1518,847,177
39.41171,-9.15443,809,176
39.42045,-9.15706,49,15
39.42918,-9.15969,134,27
39.43792,-9.16232,50,9
39.44665,-9.16496,9,3
39.45539,-9.16759,1,1
39.48159,-9.1755,5,3
37.10937,-8.4843,258,103
37.11815,-8.48669,130,53
37.12694,-8.48908,88,55
37.13573,-8.49147,20,7
37.14452,-8.49386,821,179
37.15331,-8.49625,28,6
37.20603,-8.51061,38,10
37.21482,-8.51301,17,11
37.22361,-8.5154,3,0
37.24118,-8.5202,1,1
37.29389,-8.53461,3,2
37.30268,-8.53702,10,1
37.31146,-8.53943,44,12
37.32024,-8.54183,56,23
37.32903,-8.54424,51,17
37.33781,-8.54665,6,4
37.3466,-8.54906,10,5
37.37295,-8.55629,1,1
37.38173,-8.55871,5,2
37.39051,-8.56112,1,0
37.42564,-8.57079,1,0
37.43442,-8.57321,6,2
37.46955,-8.58289,5,2
37.49589,-8.59016,1,0
37.54857,-8.60473,3,2
37.59246,-8.61689,71,26
37.60124,-8.61933,58,19
37.61879,-8.6242,4,2
37.62757,-8.62664,2,1
37.67145,-8.63884,11,7
37.69778,-8.64617,9,1
37.70656,-8.64862,13,2
37.71533,-8.65106,143,41
37.72411,-8.65351,281,28
37.74166,-8.65841,13,7
37.75043,-8.66086,21,6
37.75921,-8.66331,4,2
37.76798,-8.66576,3,0
37.77675,-8.66822,2,0
37.78553,-8.67067,15,6
37.7943,-8.67313,548,158
37.80307,-8.67558,1201,357
37.81185,-8.67804,105,45
37.82062,-8.6805,17,5
37.82939,-8.68296,4,1
37.84694,-8.68787,5,3
37.85571,-8.69034,6,2
37.87325,-8.69526,7,1
37.88203,-8.69772,21,11
37.8908,-8.70019,10,6
37.91711,-8.70759,3,2
37.98727,-8.72736,4,3
37.99604,-8.72984,133,43
38.00481,-8.73231,36,7
38.01357,-8.73479,58,16
38.02234,-8.73727,15,3
38.04865,-8.74471,57,25
38.05741,-8.74719,59,32
38.06618,-8.74967,200,71
38.07495,-8.75216,130,34
38.08372,-8.75464,18,11
38.09248,-8.75713,3,2
38.10125,-8.75961,49,12
38.11002,-8.7621,55,16
38.11878,-8.76459,15,7
38.12755,-8.76708,13,4
38.13631,-8.76957,43,17
38.53057,-8.88257,11593,2758
38.53932,-8.88511,3905,1040
38.54808,-8.88764,167,70
38.55684,-8.89017,473,138
38.56559,-8.89271,330,112
38.57435,-8.89525,2323,585
38.5831,-8.89778,189,69
38.59186,-8.90032,37,5
38.60061,-8.90286,208,55
38.60937,-8.9054,42,18
38.61812,-8.90794,431,64
38.62688,-8.91048,6420,1047
38.63563,-8.91303,10395,1729
38.64439,-8.91557,237,25
38.65314,-8.91811,74,20
38.66189,-8.92066,313,82
38.67065,-8.92321,406,94
38.6794,-8.92575,413,96
38.68815,-8.9283,40,7
38.69691,-8.93085,513,54
38.70566,-8.9334,363,70
38.71441,-8.93595,96,26
38.72317,-8.93851,5,0
38.73192,-8.94106,31,8
38.74067,-8.94361,6,2
38.74942,-8.94617,820,50
38.95066,-9.00519,1591,204
38.95941,-9.00777,470,70
38.96815,-9.01035,260,52
38.9769,-9.01293,144,45
38.98565,-9.01551,343,90
38.99439,-9.01809,58,10
39.00314,-9.02067,38,6
39.01188,-9.02326,21,8
39.02063,-9.02584,68,22
39.02937,-9.02843,113,24
39.03812,-9.03101,51,11
39.04686,-9.0336,24,6
39.05561,-9.03619,144,35
39.06435,-9.03878,27,6
39.0731,-9.04137,140,36
39.08184,-9.04396,121,28
39.09059,-9.04655,47,6
39.09933,-9.04915,41,4
39.10807,-9.05174,140,33
39.11682,-9.05433,43,11
39.12556,-9.05693,1,0
39.14305,-9.06213,152,63
39.15179,-9.06472,461,161
39.16053,-9.06732,181,37
39.16927,-9.06992,2,2
39.1955,-9.07773,50,22
39.20424,-9.08034,246,79
39.21298,-9.08294,9,9
39.22172,-9.08555,333,87
39.23046,-9.08816,145,45
39.2392,-9.09077,28,8
39.24795,-9.09338,13,0
39.26543,-9.0986,69,20
39.27417,-9.10121,257,63
39.2829,-9.10382,2,0
39.29164,-9.10644,20,10
39.30038,-9.10905,242,60
39.30912,-9.11167,78,30
39.31786,-9.11429,95,29
39.3266,-9.1169,31,9
39.33534,-9.11952,133,57
39.34408,-9.12214,110,17
39.35281,-9.12476,11,5
39.36155,-9.12739,14,2
39.37029,-9.13001,681,159
39.37903,-9.13263,352,47
39.38777,-9.13526,326,104
39.3965,-9.13789,1381,282
39.40524,-9.14051,9783,2492
39.41398,-9.14314,4794,692
39.42271,-9.14577,37,6
39.43145,-9.1484,209,69
39.44018,-9.15103,489,131
39.44892,-9.15366,14,2
39.48386,-9.1642,2,0
39.4926,-9.16684,31,14
37.10275,-8.47097,618,190
37.11154,-8.47336,283,83
37.12033,-8.47574,63,20
37.12912,-8.47813,37,21
37.13791,-8.48052,43,7
37.1467,-8.48291,1243,343
37.15548,-8.4853,8,5
37.16427,-8.48769,20,6
37.19064,-8.49486,1,0
37.19942,-8.49726,9,3
37.20821,-8.49965,40,15
37.217,-8.50205,29,12
37.22578,-8.50444,6,5
37.23457,-8.50684,20,8
37.24336,-8.50924,8,4
37.25214,-8.51164,8,4
37.29607,-8.52364,5,0
37.30486,-8.52605,12,6
37.31364,-8.52845,12,5
37.32243,-8.53086,91,29
37.33121,-8.53327,31,10
37.34,-8.53567,1,1
37.34878,-8.53808,13,8
37.37513,-8.54531,11,2
37.41026,-8.55497,2,0
37.41904,-8.55738,3,2
37.42783,-8.5598,7,3
37.43661,-8.56222,14,8
37.44539,-8.56463,1,0
37.54198,-8.59129,2,1
37.57709,-8.60101,5,1
37.62099,-8.61318,3,0
37.6561,-8.62293,3,3
37.67365,-8.62781,1,0
37.69998,-8.63514,17,6
37.70875,-8.63759,6,0
37.71753,-8.64003,2,0
37.7263,-8.64248,4,3
37.73508,-8.64493,2,1
37.74385,-8.64737,5,1
37.75263,-8.64982,8,5
37.7614,-8.65227,4,0
37.77018,-8.65472,37,13
37.77895,-8.65718,6,3
37.78773,-8.65963,19,9
37.7965,-8.66208,141,63
37.80527,-8.66454,20,5
37.81405,-8.66699,5,2
37.82282,-8.66945,4,2
37.83159,-8.67191,5,2
37.84037,-8.67436,9,0
37.87546,-8.68421,4,0
37.893,-8.68913,3,2
37.91054,-8.69406,6,2
37.91931,-8.69653,30,14
37.92809,-8.69899,4,1
37.98948,-8.71629,2,0
37.99825,-8.71876,39,16
38.00701,-8.72124,44,18
38.01578,-8.72371,16,4
38.02455,-8.72619,2,0
38.04209,-8.73115,1,0
38.05086,-8.73363,2,0
38.06839,-8.73859,44,18
38.07716,-8.74107,5,4
38.08593,-8.74356,28,15
38.09469,-8.74604,18,6
38.10346,-8.74852,11,5
38.11223,-8.75101,9,4
38.12099,-8.7535,9,2
38.12976,-8.75599,23,7
38.13853,-8.75847,34,18
38.52404,-8.86889,13029,2655
38.53279,-8.87142,13299,2481
38.54155,-8.87395,2513,377
38.55031,-8.87648,313,55
38.55907,-8.87902,540,87
38.56782,-8.88155,2247,385
38.57658,-8.88409,1534,325
38.58533,-8.88662,289,118
38.59409,-8.88916,67,22
38.60284,-8.8917,584,95
38.6116,-8.89423,615,135
38.62036,-8.89677,201,53
38.62911,-8.89931,296,93
38.63786,-8.90186,341,45
38.64662,-8.9044,96,21
38.65537,-8.90694,14,1
38.66413,-8.90949,44,15
38.67288,-8.91203,120,32
38.68164,-8.91458,153,32
38.69039,-8.91712,113,26
38.69914,-8.91967,93,18
38.7079,-8.92222,1885,314
38.71665,-8.92477,24,7
38.7254,-8.92732,18,2
38.73415,-8.92987,15,6
38.74291,-8.93243,48,13
38.75166,-8.93498,3,0
38.96165,-8.99655,453,79
38.9704,-8.99913,40,12
38.97914,-9.00171,139,33
38.98789,-9.00429,112,35
38.99664,-9.00687,68,15
39.00538,-9.00945,168,46
39.01413,-9.01203,90,24
39.02288,-9.01461,103,37
39.03162,-9.0172,25,6
39.04037,-9.01978,70,14
39.04911,-9.02237,55,12
39.05786,-9.02495,616,41
39.0666,-9.02754,131,19
39.07535,-9.03013,52,16
39.08409,-9.03272,251,70
39.09284,-9.03531,3,0
39.11032,-9.0405,1,0
39.11907,-9.04309,10,2
39.12781,-9.04568,25,4
39.13656,-9.04828,129,46
39.1453,-9.05088,624,194
39.15404,-9.05347,7,2
39.18901,-9.06387,47,15
39.19775,-9.06648,204,82
39.2065,-9.06908,22,4
39.21524,-9.07168,137,36
39.22398,-9.07429,314,70
39.23272,-9.0769,160,46
39.24146,-9.0795,17,4
39.2502,-9.08211,8,5
39.25894,-9.08472,42,10
39.26768,-9.08733,9,2
39.27642,-9.08994,377,118
39.28516,-9.09255,9,2
39.2939,-9.09517,105,32
39.30264,-9.09778,68,18
39.31138,-9.10039,29,4
39.32012,-9.10301,35,12
39.32886,-9.10563,62,13
39.3376,-9.10825,6,1
39.34634,-9.11086,207,54
39.35508,-9.11348,101,23
39.36381,-9.1161,62,22
39.37255,-9.11873,612,136
39.38129,-9.12135,451,107
39.39003,-9.12397,203,47
39.39876,-9.1266,1423,337
39.4075,-9.12922,3643,987
39.41624,-9.13185,1176,226
39.42498,-9.13448,296,90
39.43371,-9.13711,164,37
39.44245,-9.13974,10,3
39.45118,-9.14237,91,31
39.45992,-9.145,209,72
39.46866,-9.14763,38,14
39.47739,-9.15026,6,0
39.48613,-9.1529,54,24
39.49486,-9.15553,629,236
37.10492,-8.46003,182,51
37.11371,-8.46241,232,57
37.1225,-8.4648,46,7
37.13129,-8.46718,24,4
37.14008,-8.46957,75,14
37.14887,-8.47196,14,3
37.15766,-8.47435,4,0
37.16645,-8.47673,11,4
37.17524,-8.47912,6,1
37.18402,-8.48151,35,16
37.19281,-8.48391,19,9
37.21039,-8.48869,7,3
37.21917,-8.49109,2,0
37.24554,-8.49827,6,5
37.25432,-8.50067,8,3
37.29825,-8.51267,12,5
37.31582,-8.51748,8,2
37.32461,-8.51988,32,8
37.33339,-8.52229,24,9
37.34218,-8.5247,11,1
37.35096,-8.5271,4,2
37.40366,-8.54156,11,0
37.41245,-8.54398,7,1
37.42123,-8.54639,7,4
37.43001,-8.54881,2,2
37.45636,-8.55606,1,0
37.50905,-8.57058,3,2
37.51783,-8.57301,16,11
37.52661,-8.57543,8,2
37.65829,-8.61191,7,2
37.67584,-8.61679,2,0
37.7285,-8.63145,3,2
37.73728,-8.63389,2,2
37.74605,-8.63634,3,2
37.7636,-8.64123,5,1
37.78115,-8.64613,2,2
37.81625,-8.65595,5,1
37.86889,-8.67069,6,4
37.87766,-8.67315,7,2
37.90397,-8.68054,2,0
37.91275,-8.683,3,0
37.92152,-8.68546,16,5
37.93029,-8.68793,4,0
37.97414,-8.70027,1,1
38.00045,-8.70769,3,0
38.00922,-8.71016,41,13
38.01799,-8.71264,56,18
38.02676,-8.71511,90,31
38.03553,-8.71759,20,9
38.0443,-8.72007,46,12
38.0706,-8.7275,26,16
38.07937,-8.72999,8,2
38.08814,-8.73247,1,0
38.0969,-8.73495,18,7
38.10567,-8.73743,14,6
38.13197,-8.74489,1,0
38.14074,-8.74738,26,14
38.1495,-8.74987,2,1
38.2021,-8.76482,16,0
38.51751,-8.85521,742,187
38.52626,-8.85774,2086,610
38.53502,-8.86027,3479,277
38.54378,-8.8628,637,19
38.55254,-8.86533,8,4
38.56129,-8.86786,12,10
38.57005,-8.87039,74,12
38.57881,-8.87292,323,86
38.58756,-8.87546,37,2
38.59632,-8.87799,25,5
38.60507,-8.88053,77,18
38.61383,-8.88307,440,129
38.62259,-8.88561,276,58
38.63134,-8.88814,219,67
38.6401,-8.89068,99,45
38.64885,-8.89323,63,6
38.65761,-8.89577,33,6
38.67511,-8.90085,2,1
38.68387,-8.9034,33,7
38.69262,-8.90595,40,10
38.70138,-8.90849,10,4
38.71013,-8.91104,127,28
38.71888,-8.91359,162,27
38.72764,-8.91614,2,2
38.73639,-8.91869,4,4
38.96389,-8.98533,1782,378
38.97264,-8.98791,2443,297
38.98139,-8.99048,10,2
38.99014,-8.99306,13,4
38.99888,-8.99564,14,2
39.00763,-8.99822,291,27
39.01638,-9.0008,63,10
39.02512,-9.00338,39,8
39.03387,-9.00597,63,4
39.04261,-9.00855,642,75
39.05136,-9.01113,1938,502
39.06011,-9.01372,381,37
39.06885,-9.01631,62,18
39.0776,-9.01889,71,19
39.08634,-9.02148,248,67
39.09509,-9.02407,509,137
39.10383,-9.02666,57,7
39.11257,-9.02925,69,23
39.13006,-9.03444,237,80
39.13881,-9.03703,62,6
39.14755,-9.03963,54,17
39.16504,-9.04482,2,2
39.20001,-9.05522,19,11
39.20875,-9.05782,43,17
39.21749,-9.06042,22,5
39.22623,-9.06303,15,4
39.23497,-9.06563,479,170
39.24372,-9.06824,1,0
39.25246,-9.07085,99,22
39.2612,-9.07345,166,45
39.26994,-9.07606,11,5
39.27868,-9.07867,163,48
39.29616,-9.08389,28,12
39.3049,-9.08651,19,8
39.31364,-9.08912,48,18
39.32238,-9.09173,15,5
39.33112,-9.09435,61,19
39.33986,-9.09697,131,35
39.3486,-9.09958,72,38
39.35733,-9.1022,139,26
39.36607,-9.10482,46,15
39.37481,-9.10744,4,2
39.38355,-9.11006,21,8
39.39229,-9.11269,292,62
39.40103,-9.11531,208,34
39.40976,-9.11793,1061,204
39.4185,-9.12056,704,140
39.42724,-9.12318,449,91
39.43597,-9.12581,162,44
39.44471,-9.12844,578,155
39.45345,-9.13107,63,17
39.46218,-9.1337,512,137
39.47092,-9.13633,369,102
39.48839,-9.1416,10,2
39.49713,-9.14423,88,35
37.0983,-8.4467,136,56
37.1071,-8.44909,92,36
37.11589,-8.45147,74,31
37.12468,-8.45385,59,18
37.13346,-8.45624,3633,726
37.14225,-8.45862,755,65
37.15104,-8.46101,60,13
37.15983,-8.46339,3,1
37.16862,-8.46578,3,1
37.17741,-8.46817,8,3
37.1862,-8.47056,7,4
37.19499,-8.47295,87,26
37.21256,-8.47773,1,0
37.2565,-8.48971,3,2
37.26529,-8.4921,8,3
37.27407,-8.4945,4,1
37.30043,-8.5017,9,4
37.30922,-8.5041,5,1
37.318,-8.50651,7,1
37.32679,-8.50891,7,1
37.33557,-8.51131,38,8
37.36193,-8.51853,1,0
37.41463,-8.53299,12,5
37.42341,-8.5354,5,3
37.4322,-8.53782,3,0
37.47611,-8.5499,7,4
37.48489,-8.55232,12,2
37.57269,-8.57656,2,0
37.62537,-8.59114,3,0
37.66926,-8.60332,6,2
37.72192,-8.61797,2,0
37.7307,-8.62041,25,9
37.73947,-8.62286,5,1
37.74825,-8.6253,8,0
37.7658,-8.63019,11,4
37.8009,-8.63999,2,0
37.80967,-8.64245,3,0
37.81845,-8.6449,4,0
37.85354,-8.65472,1,0
37.87109,-8.65963,2,0
37.87986,-8.66209,1,1
37.90618,-8.66948,1,0
37.92372,-8.6744,7,1
37.98512,-8.69167,203,54
37.99389,-8.69414,58,16
38.00266,-8.69661,122,56
38.01143,-8.69909,1060,423
38.0202,-8.70156,1235,359
38.02897,-8.70403,50,16
38.03773,-8.70651,17,6
38.0465,-8.70899,86,38
38.05527,-8.71146,1,0
38.06404,-8.71394,19,12
38.07281,-8.71642,64,32
38.08158,-8.7189,63,24
38.09034,-8.72138,24,7
38.09911,-8.72386,51,17
38.10788,-8.72634,3,1
38.11665,-8.72883,2,0
38.12541,-8.73131,2,2
38.13418,-8.7338,18,3
38.14295,-8.73628,61,25
38.15172,-8.73877,22,8
38.18678,-8.74873,7,0
38.51973,-8.84406,755,94
38.52849,-8.84658,261,54
38.53725,-8.84911,1043,201
38.546,-8.85164,1841,151
38.56352,-8.8567,2,1
38.57228,-8.85923,9,3
38.58103,-8.86176,9,1
38.58979,-8.86429,40,4
38.59855,-8.86683,20,5
38.6073,-8.86936,49,16
38.61606,-8.8719,126,37
38.62481,-8.87444,254,72
38.63357,-8.87697,508,200
38.64233,-8.87951,6,1
38.67735,-8.88968,4,0
38.70361,-8.89731,8,3
38.71236,-8.89986,212,57
38.72112,-8.9024,54,6
38.75613,-8.9126,6,0
38.94864,-8.96896,9,1
38.97488,-8.97668,342,15
38.98363,-8.97926,48,17
38.99238,-8.98184,158,4
39.00113,-8.98441,56,7
39.00987,-8.98699,15,1
39.01862,-8.98957,815,165
39.02737,-8.99215,784,112
39.03611,-8.99473,256,46
39.04486,-8.99732,3362,355
39.05361,-8.9999,870,160
39.06235,-9.00248,109,29
39.0711,-9.00507,35,13
39.07984,-9.00765,63,13
39.10608,-9.01542,39,4
39.11482,-9.01801,308,91
39.13231,-9.02319,23,4
39.14106,-9.02578,124,31
39.1498,-9.02838,277,56
39.15854,-9.03097,5,1
39.16729,-9.03357,7,0
39.21974,-9.04916,286,151
39.22849,-9.05177,114,33
39.23723,-9.05437,169,75
39.26345,-9.06219,10,0
39.27219,-9.06479,37,8
39.28967,-9.07001,27,11
39.29841,-9.07262,50,12
39.30716,-9.07523,11,4
39.3159,-9.07784,74,32
39.32464,-9.08046,134,36
39.33337,-9.08307,60,11
39.34211,-9.08569,118,46
39.35085,-9.0883,29,7
39.35959,-9.09092,88,47
39.36833,-9.09354,22,3
39.37707,-9.09616,33,4
39.38581,-9.09878,22,2
39.39455,-9.1014,54,14
39.40329,-9.10402,227,73
39.41202,-9.10664,109,36
39.42076,-9.10927,215,52
39.4295,-9.11189,186,44
39.43824,-9.11452,35,5
39.44697,-9.11714,57,18
39.45571,-9.11977,30,8
39.46445,-9.1224,101,25
39.47318,-9.12503,52,11
39.49939,-9.13292,339,78
37.09168,-8.43338,47,20
37.10047,-8.43576,62,25
37.10927,-8.43814,137,44
37.11806,-8.44052,36,9
37.12685,-8.4429,56,13
37.13564,-8.44529,1521,323
37.14443,-8.44767,24,4
37.15322,-8.45006,15,7
37.162,-8.45244,42,11
37.17958,-8.45722,15,5
37.18837,-8.4596,19,5
37.19716,-8.46199,6,0
37.26746,-8.48114,9,3
37.28504,-8.48593,2,2
37.30261,-8.49073,2,0
37.32018,-8.49553,17,6
37.32897,-8.49793,44,23
37.33775,-8.50034,2,0
37.39046,-8.51477,1,1
37.39924,-8.51718,2,1
37.40803,-8.51959,8,1
37.41681,-8.522,7,2
37.43438,-8.52683,10,5
37.44316,-8.52924,1,0
37.45194,-8.53165,4,2
37.46951,-8.53648,3,0
37.49585,-8.54374,2,2
37.5661,-8.56312,1,1
37.61878,-8.57769,2,1
37.69778,-8.59961,3,0
37.75922,-8.61671,2,0
37.76799,-8.61915,8,3
37.77677,-8.6216,2,0
37.78554,-8.62405,6,2
37.79432,-8.6265,6,4
37.80309,-8.62895,1,0
37.81187,-8.6314,5,0
37.82064,-8.63385,2,1
37.82942,-8.6363,2,0
37.86451,-8.64612,2,0
37.87328,-8.64858,4,2
37.88206,-8.65104,2,1
37.96978,-8.67566,2,2
37.98732,-8.6806,28,3
37.99609,-8.68307,8,2
38.00486,-8.68554,131,25
38.01363,-8.68801,1324,320
38.0224,-8.69048,1954,324
38.03117,-8.69295,40,14
38.03994,-8.69543,7,6
38.04871,-8.6979,3,2
38.06625,-8.70286,38,16
38.07502,-8.70533,9,4
38.08378,-8.70781,3,2
38.09255,-8.71029,5,3
38.10132,-8.71277,4,0
38.11009,-8.71525,1,1
38.11886,-8.71774,17,6
38.12762,-8.72022,120,37
38.13639,-8.7227,30,7
38.14516,-8.72519,326,126
38.15392,-8.72767,135,52
38.16269,-8.73016,74,33
38.17146,-8.73265,11,2
38.18022,-8.73514,9,2
38.18899,-8.73762,7,2
38.29417,-8.76757,46,10
38.30293,-8.77007,143,28
38.31169,-8.77257,82,16
38.32922,-8.77758,7,1
38.34675,-8.78259,38,15
38.35551,-8.7851,11,3
38.37303,-8.79011,97,34
38.52195,-8.8329,1195,353
38.53071,-8.83543,27,6
38.53947,-8.83795,334,40
38.54823,-8.84048,352,39
38.55699,-8.84301,139,37
38.56574,-8.84554,29,6
38.5745,-8.84807,44,2
38.58326,-8.8506,8,1
38.59202,-8.85313,4,0
38.60077,-8.85566,15,1
38.60953,-8.8582,128,36
38.61829,-8.86073,148,49
38.62704,-8.86327,169,40
38.67082,-8.87596,22,0
38.67957,-8.8785,16,0
38.70584,-8.88613,15,6
38.7321,-8.89377,56,13
38.81088,-8.91673,24,3
38.82838,-8.92184,4,0
38.98587,-8.96804,1231,85
38.99462,-8.97061,4859,1031
39.00337,-8.97319,150,29
39.01212,-8.97576,103,20
39.02086,-8.97834,6805,865
39.02961,-8.98092,1464,184
39.03836,-8.9835,719,157
39.0471,-8.98608,444,75
39.05585,-8.98866,84,22
39.0646,-8.99125,88,13
39.07334,-8.99383,264,41
39.08209,-8.99642,290,77
39.09083,-8.999,11,3
39.12581,-9.00935,135,26
39.13456,-9.01194,69,23
39.1433,-9.01454,913,214
39.15205,-9.01713,14,2
39.16954,-9.02232,7,4
39.22199,-9.0379,52,12
39.23074,-9.0405,21,8
39.24822,-9.04571,17,9
39.25696,-9.04831,254,82
39.2657,-9.05092,91,33
39.27445,-9.05352,66,30
39.28319,-9.05613,165,35
39.29193,-9.05874,82,32
39.30067,-9.06135,149,45
39.30941,-9.06396,118,36
39.31815,-9.06657,215,61
39.32689,-9.06918,15,7
39.33563,-9.07179,13,7
39.34437,-9.07441,148,56
39.35311,-9.07702,55,40
39.36185,-9.07964,68,19
39.37059,-9.08225,99,29
39.37933,-9.08487,2,0
39.38807,-9.08749,23,7
39.39681,-9.09011,35,13
39.40554,-9.09273,81,15
39.41428,-9.09535,203,58
39.42302,-9.09797,154,67
39.43176,-9.1006,322,89
39.4405,-9.10322,226,67
39.44923,-9.10585,151,53
39.45797,-9.10847,72,19
39.46671,-9.1111,13,4
39.47544,-9.11373,21,9
39.48418,-9.11636,10,0
39.49292,-9.11899,21,3
39.51039,-9.12425,162,41
39.51913,-9.12689,874,240
37.09385,-8.42244,54,15
37.10264,-8.42482,64,22
37.11143,-8.4272,73,11
37.12023,-8.42958,26,11
37.12902,-8.43196,41,10
37.13781,-8.43434,34,9
37.1466,-8.43672,63,13
37.15539,-8.43911,29,13
37.16418,-8.44149,57,8
37.17297,-8.44387,477,122
37.18175,-8.44626,60,15
37.19054,-8.44865,1828,383
37.19933,-8.45104,4,2
37.26964,-8.47017,4,4
37.33114,-8.48696,123,50
37.33993,-8.48936,9,4
37.39264,-8.50379,1,1
37.41021,-8.5086,5,3
37.42778,-8.51342,4,0
37.43656,-8.51583,1,0
37.44534,-8.51825,2,0
37.58585,-8.55696,1,1
37.67364,-8.58127,28,7
37.68242,-8.58371,3,1
37.71753,-8.59346,2,2
37.74386,-8.60078,4,0
37.75263,-8.60322,5,1
37.76141,-8.60567,80,26
37.77019,-8.60811,39,13
37.77896,-8.61056,17,4
37.78774,-8.61301,16,7
37.79651,-8.61545,1,1
37.82284,-8.6228,1,0
37.83161,-8.62525,4,0
37.88426,-8.63998,11,2
37.89303,-8.64243,11,5
37.9018,-8.64489,1,0
37.91935,-8.64981,4,3
37.92812,-8.65227,4,0
37.95444,-8.65966,1,1
37.96321,-8.66213,2,0
37.97198,-8.66459,9,4
38.00706,-8.67446,2,2
38.01583,-8.67693,21,9
38.0246,-8.6794,41,17
38.03337,-8.68187,3,1
38.04214,-8.68435,2,2
38.07722,-8.69425,7,3
38.09476,-8.6992,9,2
38.15613,-8.71657,21,12
38.1649,-8.71906,37,8
38.17367,-8.72155,17,4
38.18243,-8.72403,16,4
38.30515,-8.75895,10,1
38.32267,-8.76395,14,8
38.37525,-8.77898,53,14
38.38401,-8.78149,225,67
38.39277,-8.784,21,2
38.52418,-8.82175,1186,302
38.53294,-8.82427,201,45
38.54169,-8.8268,50,13
38.55045,-8.82932,32,11
38.55921,-8.83185,138,43
38.56797,-8.83438,638,172
38.57673,-8.83691,252,120
38.58548,-8.83944,108,12
38.59424,-8.84197,27,1
38.603,-8.8445,92,33
38.61175,-8.84703,52,10
38.62051,-8.84956,97,30
38.62927,-8.8521,127,27
38.67305,-8.86478,43,14
38.70807,-8.87495,29,8
38.73433,-8.88258,3,2
38.76935,-8.89277,2,0
38.83061,-8.91064,10,4
38.97937,-8.95424,2,0
38.99686,-8.95938,2,2
39.00561,-8.96196,311,138
39.01436,-8.96453,57,14
39.02311,-8.96711,3084,212
39.03185,-8.96969,168,36
39.0406,-8.97227,284,75
39.04935,-8.97485,84,4
39.05809,-8.97743,439,125
39.06684,-8.98001,55,18
39.07559,-8.98259,16,5
39.08433,-8.98518,76,13
39.09308,-8.98776,1,1
39.10182,-8.99035,64,2
39.11057,-8.99293,698,193
39.11932,-8.99552,28,11
39.12806,-8.99811,22,2
39.13681,-9.0007,115,20
39.25921,-9.03705,66,11
39.2767,-9.04225,180,55
39.28544,-9.04486,141,42
39.29418,-9.04747,14,3
39.30292,-9.05007,486,146
39.31166,-9.05268,37,11
39.3204,-9.05529,246,103
39.32914,-9.0579,8,3
39.34662,-9.06313,3,1
39.35536,-9.06574,68,13
39.3641,-9.06835,120,35
39.37284,-9.07097,21,6
39.38158,-9.07358,82,33
39.39032,-9.0762,88,34
39.39906,-9.07882,83,23
39.4078,-9.08144,48,13
39.41654,-9.08406,78,21
39.42528,-9.08668,40,1
39.43402,-9.0893,81,23
39.44275,-9.09193,25,3
39.45149,-9.09455,45,12
39.46023,-9.09717,194,70
39.46897,-9.0998,166,54
39.4777,-9.10243,181,47
39.48644,-9.10506,205,76
39.49518,-9.10768,374,122
39.50391,-9.11031,295,72
39.51265,-9.11294,102,19
39.52139,-9.11558,16,9
39.53012,-9.11821,217,60
37.09602,-8.4115,61,16
37.10481,-8.41387,71,18
37.1136,-8.41625,62,16
37.12239,-8.41863,78,23
37.13118,-8.42101,27,7
37.13998,-8.42339,84,16
37.14877,-8.42577,86,16
37.15756,-8.42815,57,13
37.16635,-8.43054,71,19
37.17514,-8.43292,229,80
37.18393,-8.4353,869,241
37.19271,-8.43769,2469,585
37.2015,-8.44008,220,63
37.21908,-8.44485,5,2
37.24545,-8.45202,4,0
37.25424,-8.45441,2,2
37.26302,-8.45681,4,1
37.27181,-8.4592,4,0
37.33332,-8.47598,1,1
37.39482,-8.4928,7,3
37.4036,-8.49521,11,2
37.43874,-8.50484,10,1
37.44752,-8.50725,1,1
37.509,-8.52415,2,0
37.54413,-8.53383,2,0
37.57047,-8.5411,6,0
37.57925,-8.54352,2,0
37.59681,-8.54837,7,6
37.63193,-8.55808,1,1
37.64071,-8.56051,1,0
37.66705,-8.56781,3,0
37.67583,-8.57024,7,2
37.68461,-8.57268,4,2
37.71094,-8.57999,11,5
37.7636,-8.59463,4,2
37.77238,-8.59707,2,1
37.78115,-8.59952,4,2
37.78993,-8.60196,3,0
37.81626,-8.6093,12,3
37.82503,-8.61175,9,6
37.84258,-8.61665,3,0
37.86013,-8.62156,2,0
37.87768,-8.62646,6,2
37.88645,-8.62892,30,11
37.89523,-8.63138,24,12
38.0268,-8.66832,4,1
38.03558,-8.67079,26,8
38.04435,-8.67327,3,0
38.07065,-8.68068,9,1
38.08819,-8.68564,3,2
38.09696,-8.68811,2,2
38.10573,-8.69059,5,0
38.12327,-8.69555,1,1
38.1408,-8.70051,4,0
38.14957,-8.70299,8,2
38.15834,-8.70548,30,8
38.16711,-8.70796,15,1
38.17587,-8.71044,9,4
38.18464,-8.71293,8,4
38.30736,-8.74783,649,162
38.31612,-8.75033,7,2
38.32489,-8.75283,38,13
38.33365,-8.75533,10,1
38.39499,-8.77287,84,24
38.53516,-8.81312,221,60
38.55267,-8.81816,119,45
38.56143,-8.82069,8,2
38.57019,-8.82322,115,40
38.57895,-8.82574,47,18
38.58771,-8.82827,61,18
38.59646,-8.8308,31,6
38.60522,-8.83333,38,9
38.61398,-8.83586,14,3
38.67527,-8.85361,143,38
38.83285,-8.89944,4,0
38.8591,-8.90711,2,0
38.9991,-8.94816,59,7
39.00785,-8.95073,191,36
39.02535,-8.95588,7,1
39.03409,-8.95846,331,94
39.04284,-8.96103,162,33
39.05159,-8.96361,10,1
39.06034,-8.96619,12,2
39.09532,-8.97652,90,1
39.10407,-8.9791,87,34
39.11281,-8.98169,97,11
39.12156,-8.98427,57,18
39.15654,-8.99463,2,1
39.20026,-9.00759,3,0
39.22649,-9.01538,15,1
39.23524,-9.01798,10,0
39.26146,-9.02578,20,2
39.27021,-9.02838,11,6
39.27895,-9.03098,126,61
39.28769,-9.03359,58,17
39.29643,-9.03619,96,26
39.30517,-9.0388,115,29
39.31391,-9.04141,110,32
39.32266,-9.04401,370,135
39.3314,-9.04662,38,12
39.34014,-9.04923,140,38
39.34888,-9.05184,201,67
39.35762,-9.05446,147,32
39.36636,-9.05707,70,18
39.3751,-9.05968,25,6
39.38384,-9.0623,49,10
39.39258,-9.06491,31,7
39.40132,-9.06753,59,16
39.41006,-9.07015,22,6
39.4188,-9.07277,70,19
39.42753,-9.07539,195,53
39.43627,-9.07801,53,14
39.44501,-9.08063,108,24
39.45375,-9.08325,144,57
39.46249,-9.08587,76,19
39.47123,-9.0885,72,32
39.47996,-9.09112,61,22
39.4887,-9.09375,47,9
39.49744,-9.09638,539,161
39.50617,-9.09901,282,100
39.51491,-9.10164,73,25
39.52365,-9.10427,8,0
39.53238,-9.1069,24,9
37.09819,-8.40055,1,0
37.10698,-8.40293,67,15
37.11577,-8.4053,78,28
37.12456,-8.40768,161,52
37.13335,-8.41006,51,11
37.14214,-8.41244,54,21
37.15093,-8.41482,48,11
37.15972,-8.4172,61,19
37.16851,-8.41958,53,18
37.1773,-8.42197,66,18
37.18609,-8.42435,40,7
37.19488,-8.42673,902,209
37.20367,-8.42912,524,139
37.22125,-8.43389,3,2
37.23004,-8.43628,15,4
37.23883,-8.43867,4,3
37.24762,-8.44106,2,0
37.25641,-8.44345,5,1
37.34428,-8.4674,1,0
37.38821,-8.47941,5,2
37.39699,-8.48181,12,6
37.40578,-8.48422,52,20
37.44092,-8.49385,3,0
37.45848,-8.49867,2,2
37.49362,-8.50832,2,2
37.51118,-8.51315,2,0
37.53753,-8.5204,5,0
37.55509,-8.52524,4,0
37.58144,-8.53251,2,2
37.59022,-8.53493,3,1
37.599,-8.53735,2,0
37.62534,-8.54463,2,2
37.63412,-8.54706,15,5
37.68679,-8.56165,6,1
37.69557,-8.56408,11,0
37.70435,-8.56652,24,5
37.71313,-8.56895,28,12
37.72191,-8.57139,6,2
37.78335,-8.58847,5,1
37.80967,-8.59581,10,7
37.8711,-8.61295,5,3
37.87987,-8.61541,9,2
37.9062,-8.62277,4,0
38.01146,-8.65231,3,0
38.03778,-8.65971,18,1
38.04655,-8.66218,5,2
38.05532,-8.66465,6,2
38.06409,-8.66713,3,1
38.07286,-8.6696,9,2
38.08163,-8.67207,1,0
38.0904,-8.67455,18,11
38.09917,-8.67702,7,5
38.12547,-8.68445,3,2
38.13424,-8.68693,4,0
38.14301,-8.68941,13,3
38.15178,-8.69189,3,1
38.16054,-8.69438,38,14
38.16931,-8.69686,9,2
38.17808,-8.69934,13,5
38.20438,-8.7068,6,1
38.26574,-8.72423,3,0
38.27451,-8.72672,496,12
38.3008,-8.73421,1,1
38.30957,-8.73671,4,0
38.31833,-8.7392,3,0
38.3972,-8.76173,5,3
38.56365,-8.80953,106,16
38.57241,-8.81205,97,11
38.58993,-8.81711,88,25
38.59869,-8.81964,88,23
38.60744,-8.82216,93,21
38.6162,-8.82469,34,14
38.80882,-8.88058,9,1
38.81757,-8.88313,2,0
38.84383,-8.89079,4,3
38.94009,-8.91895,1,0
38.97509,-8.92922,2,2
38.99259,-8.93436,2,0
39.03633,-8.94722,34,15
39.04508,-8.9498,3,1
39.05383,-8.95238,8,1
39.10631,-8.96786,49,12
39.11506,-8.97044,4,0
39.20251,-8.99633,66,23
39.21125,-8.99892,214,67
39.22,-9.00152,13,3
39.22874,-9.00411,64,26
39.23748,-9.00671,140,47
39.27245,-9.01711,195,63
39.2812,-9.01971,382,129
39.28994,-9.02231,14,4
39.29868,-9.02492,54,21
39.30742,-9.02752,73,21
39.31617,-9.03013,8,1
39.35987,-9.04317,35,10
39.36861,-9.04578,71,25
39.37735,-9.0484,55,18
39.38609,-9.05101,129,40
39.39483,-9.05362,81,25
39.40357,-9.05624,128,47
39.41231,-9.05886,88,25
39.42979,-9.06409,62,22
39.43853,-9.06671,102,37
39.44727,-9.06933,91,28
39.45601,-9.07195,15,6
39.46474,-9.07457,69,20
39.47348,-9.0772,66,19
39.48222,-9.07982,22,0
39.49096,-9.08245,234,56
39.4997,-9.08507,82,17
39.50843,-9.0877,3,0
39.51717,-9.09033,129,41
39.52591,-9.09296,33,5
39.53464,-9.09559,3,3
39.54338,-9.09822,15,0
37.10914,-8.39198,145,30
37.11793,-8.39436,97,18
37.12673,-8.39673,659,144
37.13552,-8.39911,93,32
37.14431,-8.40149,45,14
37.16189,-8.40625,28,12
37.17068,-8.40863,79,28
37.17947,-8.41101,27,10
37.18826,-8.41339,40,13
37.19705,-8.41577,8,1
37.20584,-8.41816,55,16
37.25858,-8.43248,2,0
37.36403,-8.46122,2,1
37.3816,-8.46602,3,0
37.39038,-8.46842,4,3
37.39917,-8.47083,12,8
37.40796,-8.47323,1,1
37.42553,-8.47804,2,1
37.44309,-8.48285,10,8
37.45188,-8.48526,6,5
37.46066,-8.48767,13,9
37.46945,-8.49008,8,2
37.48701,-8.4949,182,49
37.4958,-8.49732,315,165
37.50458,-8.49973,3,0
37.51336,-8.50214,2,2
37.55728,-8.51423,2,1
37.56606,-8.51665,6,1
37.57484,-8.51907,7,1
37.58362,-8.52149,5,2
37.60996,-8.52876,3,3
37.61874,-8.53119,3,0
37.6363,-8.53604,2,0
37.6802,-8.54819,17,4
37.68898,-8.55062,90,39
37.69776,-8.55305,10,4
37.70654,-8.55548,12,2
37.71532,-8.55792,6,0
37.72409,-8.56035,2,0
37.7592,-8.57011,2,1
37.76798,-8.57255,20,3
37.79431,-8.57987,7,1
37.80309,-8.58232,8,1
37.81186,-8.58476,7,2
37.87329,-8.6019,7,7
37.88207,-8.60435,10,2
37.89084,-8.6068,5,2
38.03998,-8.64863,7,1
38.06629,-8.65604,9,3
38.07506,-8.65851,6,1
38.0926,-8.66346,183,66
38.10137,-8.66593,2,0
38.11014,-8.66841,4,1
38.11891,-8.67088,1,1
38.12767,-8.67336,7,1
38.14521,-8.67832,1,1
38.15398,-8.68079,10,7
38.16275,-8.68328,17,11
38.17152,-8.68576,13,8
38.18028,-8.68824,13,5
38.18905,-8.69072,11,2
38.25042,-8.70813,6,3
38.55711,-8.79585,134,45
38.56587,-8.79837,42,14
38.57463,-8.80089,170,17
38.59215,-8.80594,27,8
38.60091,-8.80847,75,16
38.60967,-8.811,100,21
38.61842,-8.81352,48,12
38.7235,-8.84394,1,0
38.86357,-8.8847,12,0
38.88982,-8.89237,8,1
38.89857,-8.89493,27,6
38.90732,-8.89749,4,2
38.93358,-8.90517,3,0
38.94233,-8.90773,5,2
38.95983,-8.91286,5,0
39.03857,-8.93599,863,137
39.1173,-8.95919,4,4
39.14354,-8.96695,2,1
39.18726,-8.97989,40,11
39.2135,-8.98766,37,15
39.22224,-8.99026,42,8
39.23099,-8.99285,53,18
39.23973,-8.99545,34,12
39.2747,-9.00584,3,1
39.28345,-9.00844,11,3
39.29219,-9.01104,18,7
39.30093,-9.01364,30,9
39.30967,-9.01625,29,9
39.31841,-9.01885,72,20
39.32716,-9.02146,2,1
39.3359,-9.02406,16,11
39.34464,-9.02667,4,0
39.35338,-9.02928,6,1
39.36212,-9.03189,113,56
39.37086,-9.0345,12,1
39.3796,-9.03711,142,69
39.38834,-9.03972,67,13
39.39708,-9.04233,56,18
39.40582,-9.04495,123,34
39.41456,-9.04756,77,29
39.4233,-9.05018,72,27
39.43204,-9.0528,37,18
39.44078,-9.05541,96,33
39.44952,-9.05803,96,26
39.45826,-9.06065,127,37
39.467,-9.06327,137,33
39.47574,-9.0659,151,45
39.48448,-9.06852,301,97
39.49321,-9.07114,92,30
39.50195,-9.07377,252,93
39.51069,-9.07639,3,0
39.51943,-9.07902,18,9
39.52816,-9.08165,117,30
39.5369,-9.08428,588,153
39.54564,-9.08691,19,5
39.55438,-9.08954,71,17
37.11131,-8.38104,89,53
37.1201,-8.38341,58,19
37.12889,-8.38579,22,8
37.13768,-8.38816,28,2
37.14647,-8.39054,94,24
37.15527,-8.39292,80,23
37.16406,-8.39529,59,20
37.17285,-8.39767,63,23
37.18164,-8.40005,23,15
37.19043,-8.40243,44,21
37.19922,-8.40482,28,8
37.20801,-8.4072,141,44
37.2168,-8.40958,18,1
37.3662,-8.45024,7,3
37.37499,-8.45263,2,0
37.38377,-8.45503,8,4
37.39256,-8.45744,4,2
37.40134,-8.45984,6,1
37.41892,-8.46464,3,0
37.46284,-8.47667,2,2
37.48041,-8.48149,4,0
37.48919,-8.4839,42,22
37.49798,-8.48631,17,6
37.55946,-8.50322,3,0
37.56824,-8.50564,1,0
37.5858,-8.51048,5,3
37.59458,-8.5129,3,3
37.60336,-8.51532,2,0
37.61214,-8.51774,11,4
37.62971,-8.52259,2,0
37.68239,-8.53716,4,2
37.69117,-8.53959,43,19
37.69994,-8.54202,6,2
37.75261,-8.55663,16,5
37.76139,-8.55907,32,15
37.77017,-8.5615,106,37
37.77895,-8.56394,69,20
37.78772,-8.56638,12,2
37.7965,-8.56883,9,2
37.81405,-8.57371,5,0
37.84038,-8.58105,1,0
37.88426,-8.59329,5,2
37.90181,-8.59819,39,9
37.91058,-8.60065,3,0
37.99832,-8.62522,3,1
38.01586,-8.63015,17,8
38.06849,-8.64495,71,38
38.07726,-8.64742,22,12
38.08603,-8.64989,28,7
38.0948,-8.65237,20,3
38.10357,-8.65484,1,1
38.11234,-8.65731,3,3
38.12111,-8.65979,7,0
38.12988,-8.66226,4,2
38.15618,-8.6697,4,1
38.16495,-8.67217,10,2
38.17372,-8.67465,1,1
38.18249,-8.67714,2,1
38.23509,-8.69204,3,3
38.24386,-8.69453,12,2
38.25263,-8.69702,47,23
38.26139,-8.69951,2,2
38.41039,-8.74196,17,0
38.55933,-8.78468,70,23
38.56809,-8.78721,175,42
38.57685,-8.78973,86,37
38.58561,-8.79225,62,16
38.59437,-8.79478,70,16
38.60313,-8.7973,114,47
38.61189,-8.79983,79,16
38.62064,-8.80235,46,30
38.74324,-8.83783,7,0
38.9008,-8.88371,40,10
38.90956,-8.88627,236,57
38.92706,-8.89139,927,144
38.97081,-8.9042,1,1
39.04081,-8.92476,21,5
39.04956,-8.92733,9,2
39.11954,-8.94795,2,1
39.12828,-8.95053,2,0
39.18076,-8.96604,9,3
39.18951,-8.96863,94,27
39.19825,-8.97122,48,17
39.21574,-8.9764,51,16
39.22449,-8.97899,43,9
39.23323,-8.98159,365,121
39.24197,-8.98418,4,2
39.27695,-8.99457,34,7
39.28569,-8.99717,56,10
39.29444,-8.99977,309,83
39.30318,-9.00237,158,49
39.31192,-9.00497,152,30
39.32066,-9.00757,147,53
39.32941,-9.01018,127,28
39.33815,-9.01278,16,4
39.34689,-9.01539,115,39
39.35563,-9.01799,19,4
39.36437,-9.0206,31,12
39.37311,-9.02321,47,10
39.38185,-9.02582,62,22
39.39059,-9.02843,132,52
39.39934,-9.03104,85,20
39.40808,-9.03366,76,20
39.41682,-9.03627,18,7
39.42556,-9.03888,106,35
39.4343,-9.0415,26,7
39.44304,-9.04412,69,17
39.45177,-9.04673,242,64
39.46051,-9.04935,54,12
39.46925,-9.05197,80,13
39.47799,-9.05459,103,33
39.48673,-9.05721,70,23
39.49547,-9.05984,75,16
39.50421,-9.06246,159,42
39.51295,-9.06508,71,23
39.52168,-9.06771,173,52
39.53042,-9.07034,10,4
39.53916,-9.07296,28,11
39.5479,-9.07559,120,29
39.55663,-9.07822,87,19
37.11347,-8.37009,135,29
37.12226,-8.37246,157,30
37.13105,-8.37484,86,21
37.13985,-8.37721,40,11
37.14864,-8.37959,65,23
37.15743,-8.38196,60,11
37.16622,-8.38434,160,42
37.17501,-8.38672,30,11
37.1838,-8.3891,49,10
37.19259,-8.39148,66,16
37.20139,-8.39386,43,17
37.21018,-8.39624,76,23
37.21897,-8.39862,104,36
37.34201,-8.43206,1,1
37.3508,-8.43446,6,1
37.37716,-8.44165,20,6
37.38594,-8.44405,4,0
37.40352,-8.44885,4,3
37.42987,-8.45606,5,4
37.44745,-8.46086,6,1
37.49137,-8.4729,1,0
37.50894,-8.47772,93,53
37.51772,-8.48013,31,10
37.54407,-8.48738,1,1
37.55285,-8.48979,1,0
37.57042,-8.49462,1,1
37.58798,-8.49946,11,5
37.59676,-8.50188,1,1
37.60554,-8.5043,2,2
37.61433,-8.50672,17,7
37.62311,-8.50915,1,0
37.63189,-8.51157,4,2
37.64945,-8.51642,6,0
37.77236,-8.55046,3,1
37.80747,-8.56022,3,1
37.81624,-8.56266,2,2
37.82502,-8.5651,2,0
37.8338,-8.56755,5,0
37.89523,-8.58468,2,2
37.904,-8.58713,244,104
37.91278,-8.58958,6,2
37.95665,-8.60185,1,1
37.97419,-8.60677,5,1
38.00928,-8.61661,11,3
38.01806,-8.61907,212,72
38.07068,-8.63387,9,4
38.07946,-8.63633,7,1
38.08823,-8.6388,196,61
38.097,-8.64128,29,5
38.13208,-8.65117,2,1
38.14085,-8.65364,2,1
38.14962,-8.65612,3,1
38.15838,-8.6586,8,2
38.18469,-8.66603,13,8
38.19346,-8.66851,9,6
38.20223,-8.67099,2,1
38.2636,-8.68839,3,0
38.27237,-8.69088,50,23
38.54403,-8.76849,17,5
38.55279,-8.771,203,66
38.56155,-8.77352,226,60
38.57031,-8.77604,318,113
38.57907,-8.77856,234,52
38.58783,-8.78109,99,18
38.59659,-8.78361,26,7
38.60535,-8.78613,171,31
38.6141,-8.78866,122,35
38.62286,-8.79118,16,2
38.73671,-8.8241,2,1
38.74546,-8.82664,4,0
38.87678,-8.86484,2,1
38.90303,-8.8725,72,22
38.91179,-8.87506,242,69
38.92054,-8.87761,1905,319
38.92929,-8.88017,2057,451
38.93804,-8.88273,41,16
38.96429,-8.89042,4,1
38.9818,-8.89554,4,0
39.04304,-8.91352,4,0
39.05179,-8.91609,54,0
39.06054,-8.91866,7,0
39.06929,-8.92124,14,5
39.13052,-8.93928,5,2
39.13927,-8.94186,2,2
39.183,-8.95478,14,1
39.19175,-8.95737,108,22
39.20049,-8.95996,410,93
39.20924,-8.96255,828,130
39.21798,-8.96514,12,5
39.22673,-8.96773,13,3
39.23547,-8.97032,338,6
39.26171,-8.9781,5,0
39.30542,-8.99109,10,2
39.31417,-8.99369,5,0
39.32291,-8.99629,85,16
39.33165,-8.9989,19,6
39.34039,-9.0015,24,4
39.34914,-9.0041,103,35
39.35788,-9.00671,84,28
39.37536,-9.01192,41,11
39.3841,-9.01453,33,21
39.39284,-9.01714,109,27
39.40159,-9.01975,101,37
39.41033,-9.02236,56,17
39.41907,-9.02498,117,31
39.42781,-9.02759,194,44
39.43655,-9.0302,126,30
39.44529,-9.03282,121,41
39.45403,-9.03543,56,12
39.46277,-9.03805,125,30
39.47151,-9.04067,106,29
39.48025,-9.04329,109,40
39.48898,-9.04591,124,45
39.49772,-9.04853,67,22
39.50646,-9.05115,186,35
39.5152,-9.05377,84,19
39.52394,-9.0564,179,62
39.54141,-9.06165,51,13
39.55015,-9.06428,108,31
39.55889,-9.0669,158,43
39.56763,-9.06953,102,31
39.57636,-9.07216,10,1
37.10684,-8.35677,2776,515
37.11563,-8.35914,143,49
37.12442,-8.36151,67,24
37.13322,-8.36389,29,6
37.14201,-8.36626,17,3
37.15959,-8.37101,4,0
37.16838,-8.37339,79,24
37.17718,-8.37576,12,7
37.18597,-8.37814,45,15
37.19476,-8.38052,16,9
37.20355,-8.3829,13,3
37.21234,-8.38528,33,10
37.22113,-8.38766,111,33
37.22992,-8.39004,3,1
37.2475,-8.39481,1,0
37.35297,-8.42348,2,0
37.37054,-8.42827,25,7
37.37933,-8.43066,15,7
37.38812,-8.43306,2,0
37.3969,-8.43546,1,0
37.40569,-8.43786,2,2
37.43205,-8.44506,113,49
37.44083,-8.44746,22,10
37.47597,-8.45708,4,0
37.51111,-8.46672,83,21
37.5199,-8.46913,6,3
37.54625,-8.47637,3,0
37.56381,-8.48119,6,2
37.59016,-8.48844,111,50
37.59894,-8.49086,1,0
37.60772,-8.49328,4,1
37.61651,-8.4957,2,0
37.64285,-8.50297,2,2
37.65163,-8.50539,3,2
37.67797,-8.51267,3,0
37.68675,-8.5151,3,2
37.69553,-8.51752,3,0
37.72187,-8.52481,33,2
37.73943,-8.52968,3,0
37.82721,-8.55405,7,0
37.83598,-8.5565,10,2
37.87109,-8.56627,3,1
37.89742,-8.57362,16,9
37.90619,-8.57607,15,8
37.95884,-8.59078,5,0
37.97639,-8.5957,1,0
37.98516,-8.59815,4,1
38.0027,-8.60307,3,1
38.01148,-8.60553,3,0
38.02025,-8.60799,11,1
38.06411,-8.62031,1,0
38.08165,-8.62525,9,0
38.09042,-8.62771,3,0
38.09919,-8.63018,1,1
38.13428,-8.64007,1,0
38.18689,-8.65493,3,3
38.19566,-8.65741,24,13
38.20443,-8.65989,14,8
38.23073,-8.66733,1,1
38.2395,-8.66982,2,0
38.2658,-8.67727,7,2
38.27457,-8.67976,5,2
38.3184,-8.69221,2,0
38.555,-8.75984,151,44
38.56376,-8.76236,41,21
38.57252,-8.76488,154,29
38.58128,-8.7674,141,31
38.59004,-8.76992,57,26
38.5988,-8.77244,182,89
38.60756,-8.77497,269,50
38.61632,-8.77749,145,37
38.65136,-8.78759,4,2
38.66012,-8.79012,9,6
38.67763,-8.79518,3,0
38.7039,-8.80277,4,0
38.73017,-8.81038,8,0
38.89651,-8.85873,4,1
38.90526,-8.86129,46,11
38.91402,-8.86384,93,26
38.92277,-8.8664,564,147
38.93152,-8.86895,5076,786
38.94027,-8.87151,1374,426
39.06278,-8.90743,196,62
39.07152,-8.91,123,36
39.08027,-8.91257,135,29
39.08902,-8.91515,43,4
39.11527,-8.92287,17,1
39.12401,-8.92545,30,9
39.13276,-8.92803,210,51
39.14151,-8.93061,94,19
39.15026,-8.93319,64,17
39.1765,-8.94094,1,0
39.18524,-8.94353,4,2
39.20273,-8.9487,35,10
39.21148,-8.95129,56,15
39.22897,-8.95646,32,5
39.23772,-8.95906,8,2
39.24646,-8.96165,3,0
39.29893,-8.97722,110,30
39.30767,-8.97981,24,8
39.31641,-8.98241,114,32
39.32515,-8.98501,124,28
39.34264,-8.99022,34,8
39.35138,-8.99282,39,5
39.36013,-8.99542,150,27
39.36887,-8.99803,74,18
39.37761,-9.00064,38,12
39.38635,-9.00324,65,23
39.39509,-9.00585,47,14
39.40383,-9.00846,199,45
39.41257,-9.01107,43,16
39.42132,-9.01368,109,28
39.43006,-9.01629,253,80
39.4388,-9.01891,130,27
39.44754,-9.02152,164,47
39.45628,-9.02413,103,31
39.46502,-9.02675,106,27
39.47376,-9.02937,118,34
39.4825,-9.03198,80,15
39.49124,-9.0346,62,18
39.49998,-9.03722,254,70
39.50871,-9.03984,272,64
39.51745,-9.04247,46,9
39.52619,-9.04509,137,48
39.53493,-9.04771,14,2
39.54367,-9.05034,53,10
39.55241,-9.05296,95,34
39.56988,-9.05822,19,3
39.57862,-9.06084,4,2
39.58736,-9.06347,54,13
39.59609,-9.0661,1795,485
39.60483,-9.06874,4235,1222
39.61357,-9.07137,582,108
39.6223,-9.074,4,1
37.109,-8.34583,10,6
37.11779,-8.3482,192,39
37.12658,-8.35057,1015,143
37.13538,-8.35294,175,56
37.14417,-8.35531,43,13
37.15296,-8.35768,62,24
37.16175,-8.36006,2,0
37.17055,-8.36243,88,30
37.17934,-8.36481,24,10
37.18813,-8.36718,31,10
37.19692,-8.36956,6,1
37.20571,-8.37194,11,2
37.2145,-8.37432,30,10
37.2233,-8.3767,72,28
37.23209,-8.37908,40,15
37.24088,-8.38146,7,0
37.35514,-8.41249,2,2
37.36392,-8.41489,5,2
37.37271,-8.41728,15,2
37.3815,-8.41968,6,1
37.46058,-8.44128,5,2
37.5045,-8.4533,6,2
37.53964,-8.46294,3,1
37.56599,-8.47018,8,0
37.60112,-8.47984,45,7
37.61868,-8.48468,2,0
37.64503,-8.49194,4,1
37.65381,-8.49437,4,0
37.68893,-8.50407,9,0
37.69771,-8.50649,9,2
37.70649,-8.50892,1,0
37.71527,-8.51135,126,18
37.72405,-8.51378,2,0
37.76795,-8.52594,2,0
37.80306,-8.53568,5,5
37.81184,-8.53812,12,2
37.82062,-8.54056,3,0
37.82939,-8.543,2,2
37.89083,-8.56011,6,4
37.90838,-8.565,3,0
38.08385,-8.61416,1,1
38.1277,-8.6265,3,2
38.16278,-8.63639,8,0
38.18909,-8.64382,6,6
38.19786,-8.6463,4,4
38.2154,-8.65126,3,0
38.22417,-8.65374,2,2
38.57474,-8.75372,24,4
38.60102,-8.76127,79,19
38.60978,-8.7638,224,58
38.61854,-8.76632,172,36
38.64482,-8.77389,5,3
38.65357,-8.77642,80,30
38.66233,-8.77894,73,17
38.67109,-8.78147,10,5
38.67985,-8.784,13,2
38.70612,-8.79159,8,0
38.72364,-8.79666,3,0
38.74115,-8.80172,1,0
38.83746,-8.82967,46,0
38.88123,-8.84241,2,2
38.88998,-8.84497,4,0
38.89874,-8.84752,119,35
38.90749,-8.85007,129,39
38.91624,-8.85262,100,24
38.925,-8.85518,206,51
38.93375,-8.85774,2047,241
38.9425,-8.86029,604,86
38.99501,-8.87565,2,2
39.06501,-8.89619,42,14
39.07376,-8.89876,194,54
39.08251,-8.90133,170,36
39.09126,-8.9039,74,17
39.10001,-8.90648,65,14
39.10875,-8.90905,20,3
39.1175,-8.91163,60,12
39.12625,-8.9142,145,38
39.135,-8.91678,381,96
39.14375,-8.91936,149,30
39.15249,-8.92194,146,19
39.16124,-8.92452,18,6
39.16999,-8.9271,3,0
39.20497,-8.93744,5,0
39.21372,-8.94002,75,17
39.22246,-8.94261,14,2
39.23121,-8.9452,14,0
39.23996,-8.94779,342,117
39.2487,-8.95038,29,9
39.28368,-8.96075,7,0
39.29242,-8.96334,40,8
39.30117,-8.96594,131,60
39.30991,-8.96854,10,0
39.31866,-8.97114,23,11
39.36237,-8.98414,22,5
39.37111,-8.98674,8,3
39.37986,-8.98935,121,30
39.3886,-8.99195,5,0
39.39734,-8.99456,31,4
39.40608,-8.99717,173,57
39.41482,-8.99978,361,104
39.42356,-9.00239,166,44
39.4323,-9.005,154,50
39.44105,-9.00761,97,18
39.44979,-9.01022,154,57
39.45853,-9.01283,24,6
39.46727,-9.01545,91,32
39.47601,-9.01806,458,148
39.48475,-9.02068,15,6
39.49349,-9.0233,57,12
39.50223,-9.02592,120,29
39.51097,-9.02853,119,27
39.5197,-9.03115,65,15
39.52844,-9.03378,53,16
39.53718,-9.0364,354,133
39.54592,-9.03902,59,12
39.55466,-9.04165,11,4
39.59835,-9.05478,236,44
39.60708,-9.05741,1699,310
39.61582,-9.06004,635,85
37.10236,-8.33251,5,2
37.11116,-8.33488,53,16
37.11995,-8.33725,1269,292
37.12874,-8.33962,373,85
37.13754,-8.34199,29,11
37.14633,-8.34436,158,56
37.15512,-8.34673,20,6
37.16391,-8.3491,57,20
37.17271,-8.35147,243,88
37.1815,-8.35385,68,12
37.19029,-8.35622,43,8
37.19908,-8.3586,67,6
37.20788,-8.36098,25,9
37.21667,-8.36335,43,20
37.22546,-8.36573,100,40
37.23425,-8.36811,7,5
37.33094,-8.39434,1,1
37.33973,-8.39673,3,1
37.3573,-8.40151,13,3
37.36609,-8.4039,1,1
37.37488,-8.4063,4,0
37.38367,-8.40869,11,4
37.39245,-8.41109,2,0
37.40124,-8.41348,2,2
37.44518,-8.42547,6,0
37.48032,-8.43508,1,1
37.50667,-8.4423,8,1
37.55938,-8.45676,1,1
37.56816,-8.45917,5,4
37.57695,-8.46158,15,1
37.58573,-8.464,9,1
37.59451,-8.46641,6,1
37.6033,-8.46883,4,0
37.62964,-8.47608,2,1
37.65599,-8.48334,4,0
37.66477,-8.48576,3,0
37.67355,-8.48819,3,0
37.69111,-8.49303,12,7
37.69989,-8.49546,14,3
37.70867,-8.49789,1,0
37.73501,-8.50517,9,1
37.76135,-8.51246,10,5
37.77013,-8.5149,10,1
37.80524,-8.52464,12,4
37.84913,-8.53683,1,0
37.87546,-8.54416,1,0
37.88424,-8.5466,5,0
37.89302,-8.54905,9,6
37.90179,-8.55149,5,4
37.91934,-8.55639,1,0
37.96322,-8.56864,3,0
37.99832,-8.57846,3,0
38.05095,-8.59321,3,1
38.0685,-8.59814,2,2
38.11236,-8.61047,7,1
38.12113,-8.61293,12,4
38.1299,-8.6154,5,0
38.19129,-8.63272,2,1
38.20006,-8.63519,7,6
38.2176,-8.64015,3,2
38.57695,-8.74255,4,0
38.60323,-8.75011,137,55
38.61199,-8.75263,149,37
38.62075,-8.75515,77,36
38.64703,-8.76271,30,8
38.65579,-8.76524,48,17
38.66455,-8.76776,115,25
38.67331,-8.77029,9,3
38.68207,-8.77282,31,15
38.69082,-8.77535,13,3
38.69958,-8.77788,5,0
38.7171,-8.78294,1,0
38.74337,-8.79054,4,0
38.90096,-8.8363,9,2
38.92722,-8.84396,68,16
38.93598,-8.84652,24,10
38.94473,-8.84907,19,0
38.99724,-8.86442,1,0
39.05849,-8.88238,9,3
39.06724,-8.88495,66,15
39.07599,-8.88752,55,6
39.08474,-8.89009,98,58
39.09349,-8.89266,83,11
39.10224,-8.89523,26,4
39.11099,-8.8978,72,8
39.11974,-8.90038,32,5
39.12848,-8.90295,142,35
39.13723,-8.90553,1336,393
39.14598,-8.90811,255,56
39.15473,-8.91069,73,18
39.16348,-8.91327,62,13
39.24219,-8.93652,4,3
39.25094,-8.93911,2,0
39.26843,-8.94429,2,0
39.27718,-8.94688,1,0
39.28592,-8.94948,1,0
39.29467,-8.95207,8,0
39.30341,-8.95466,1,1
39.31215,-8.95726,151,41
39.3209,-8.95986,53,11
39.36462,-8.97285,10,4
39.37336,-8.97546,8,1
39.3821,-8.97806,129,29
39.39084,-8.98066,171,40
39.39959,-8.98327,295,93
39.40833,-8.98587,175,51
39.41707,-8.98848,554,127
39.42581,-8.99109,123,29
39.43455,-8.9937,271,77
39.44329,-8.99631,93,34
39.46077,-9.00153,13,1
39.46952,-9.00414,95,30
39.47826,-9.00676,78,22
39.487,-9.00937,103,20
39.49574,-9.01199,31,7
39.50448,-9.01461,178,47
39.51322,-9.01722,154,33
39.52196,-9.01984,201,55
39.53069,-9.02246,8,1
39.53943,-9.02508,114,56
39.54817,-9.02771,166,43
39.55691,-9.03033,82,8
39.56565,-9.03295,35,6
39.58313,-9.0382,16,1
39.59186,-9.04083,3,1
39.63555,-9.05398,1,0
37.09572,-8.3192,230,38
37.10452,-8.32156,129,26
37.11331,-8.32393,10,2
37.12211,-8.3263,50,16
37.1309,-8.32867,61,22
37.13969,-8.33103,61,7
37.14849,-8.3334,32,7
37.15728,-8.33577,94,26
37.16607,-8.33815,36,13
37.17487,-8.34052,138,40
37.18366,-8.34289,36,9
37.19245,-8.34526,38,12
37.20124,-8.34764,22,2
37.21004,-8.35001,7,1
37.21883,-8.35239,59,23
37.22762,-8.35477,95,29
37.23641,-8.35715,12,3
37.2452,-8.35952,16,4
37.30673,-8.3762,2,0
37.3331,-8.38336,26,9
37.34189,-8.38575,15,4
37.35068,-8.38814,3,0
37.36826,-8.39292,3,1
37.37705,-8.39531,3,2
37.38583,-8.3977,12,3
37.39462,-8.4001,4,3
37.4122,-8.40489,2,0
37.43856,-8.41208,4,1
37.44735,-8.41448,2,0
37.45613,-8.41688,1,1
37.48249,-8.42408,4,3
37.50885,-8.43129,17,1
37.5352,-8.43851,5,0
37.55277,-8.44333,1,0
37.56155,-8.44574,18,6
37.57034,-8.44815,23,9
37.57912,-8.45057,8,3
37.5879,-8.45298,4,2
37.60547,-8.45781,6,1
37.61425,-8.46022,3,1
37.62304,-8.46264,4,1
37.63182,-8.46506,1,0
37.65817,-8.47231,10,1
37.66695,-8.47473,5,2
37.67573,-8.47716,21,8
37.68451,-8.47958,4,0
37.69329,-8.482,50,23
37.70207,-8.48443,270,112
37.71085,-8.48685,21,1
37.74597,-8.49656,2,0
37.75475,-8.49899,4,1
37.80743,-8.51359,4,0
37.81621,-8.51602,5,0
37.82498,-8.51846,5,2
37.83376,-8.5209,8,5
37.84254,-8.52333,71,24
37.8952,-8.53798,4,0
37.90398,-8.54043,21,4
37.91275,-8.54287,4,1
37.93031,-8.54777,1,1
37.95663,-8.55512,4,1
37.99173,-8.56493,1,0
38.00051,-8.56738,23,4
38.07946,-8.58951,3,0
38.08824,-8.59198,1,1
38.12332,-8.60184,76,31
38.13209,-8.60431,9,2
38.14087,-8.60678,3,2
38.15841,-8.61172,4,0
38.20226,-8.62408,4,2
38.27241,-8.64392,1,0
38.4039,-8.68127,12,6
38.56164,-8.72636,15,4
38.57916,-8.73139,4,0
38.60545,-8.73894,114,42
38.61421,-8.74146,113,25
38.62297,-8.74398,2,0
38.63173,-8.7465,290,62
38.64049,-8.74902,11,3
38.64925,-8.75154,47,17
38.65801,-8.75406,29,10
38.66677,-8.75659,45,7
38.67552,-8.75911,3,2
38.68428,-8.76164,32,7
38.69304,-8.76416,38,10
38.7018,-8.76669,36,2
38.71056,-8.76922,5,3
38.71932,-8.77175,2,0
38.72807,-8.77428,4,0
38.74559,-8.77934,5,0
38.92945,-8.83274,9,1
38.94695,-8.83785,5,4
38.95571,-8.8404,3,0
38.97321,-8.84552,3,1
39.06947,-8.87371,4239,768
39.07822,-8.87627,1008,217
39.08697,-8.87884,130,32
39.09572,-8.88141,32,9
39.10447,-8.88399,13,2
39.11322,-8.88656,730,255
39.12197,-8.88913,33,8
39.13072,-8.8917,46,16
39.13947,-8.89428,974,197
39.14821,-8.89686,146,20
39.15696,-8.89943,4,1
39.16571,-8.90201,31,7
39.27067,-8.93302,8,0
39.27942,-8.93561,11,4
39.28816,-8.9382,211,55
39.29691,-8.94079,228,45
39.30565,-8.94339,43,3
39.31439,-8.94598,235,52
39.32314,-8.94858,212,47
39.33188,-8.95117,35,5
39.34063,-8.95377,540,136
39.34937,-8.95637,84,16
39.35811,-8.95897,71,12
39.36686,-8.96157,123,36
39.3756,-8.96417,29,8
39.38434,-8.96677,26,12
39.39309,-8.96937,36,4
39.40183,-8.97198,213,40
39.41057,-8.97458,193,44
39.41931,-8.97719,613,181
39.42806,-8.97979,2563,379
39.4368,-8.9824,305,77
39.44554,-8.98501,69,10
39.45428,-8.98762,95,42
39.46302,-8.99023,81,25
39.47176,-8.99284,85,19
39.4805,-8.99545,66,21
39.48924,-8.99807,147,45
39.49798,-9.00068,81,30
39.50672,-9.0033,225,56
39.51546,-9.00591,66,20
39.5242,-9.00853,135,50
39.53294,-9.01115,77,23
39.54168,-9.01377,80,15
39.55042,-9.01639,376,124
39.55916,-9.01901,317,112
39.5679,-9.02163,187,60
39.58538,-9.02688,1589,475
39.59412,-9.02951,232,34
39.60285,-9.03213,1,0
39.6378,-9.04265,7,1
37.08908,-8.30589,177,47
37.09788,-8.30825,563,108
37.10667,-8.31062,164,38
37.11547,-8.31298,31,6
37.12426,-8.31535,82,39
37.13306,-8.31771,32,3
37.14185,-8.32008,33,12
37.15064,-8.32245,9,3
37.15944,-8.32482,92,17
37.16823,-8.32719,137,21
37.17702,-8.32956,90,18
37.18582,-8.33193,6,1
37.19461,-8.3343,19,6
37.2034,-8.33668,23,8
37.2122,-8.33905,24,8
37.22099,-8.34143,96,50
37.22978,-8.3438,96,28
37.23857,-8.34618,32,13
37.24736,-8.34856,48,18
37.25615,-8.35094,37,17
37.3089,-8.36522,2,0
37.32648,-8.36999,1,1
37.33527,-8.37238,5,3
37.34406,-8.37477,5,3
37.35285,-8.37716,3,0
37.36163,-8.37955,330,145
37.37042,-8.38193,10,3
37.39679,-8.38911,6,2
37.40558,-8.3915,6,2
37.41436,-8.3939,5,0
37.44073,-8.40108,1,0
37.44951,-8.40348,1,0
37.46709,-8.40828,5,2
37.47587,-8.41068,2,0
37.48466,-8.41308,3,1
37.54616,-8.42991,1,1
37.55494,-8.43232,6,4
37.57251,-8.43714,9,4
37.58129,-8.43955,5,3
37.59886,-8.44437,2,1
37.64278,-8.45645,3,0
37.65156,-8.45887,1,1
37.67791,-8.46613,8,4
37.68669,-8.46855,10,4
37.69547,-8.47097,3,1
37.70425,-8.47339,5,2
37.72181,-8.47824,2,0
37.80961,-8.50254,54,21
37.81839,-8.50497,147,36
37.83594,-8.50984,3,0
37.90616,-8.52937,2,1
37.91494,-8.53181,9,3
37.92372,-8.53425,131,31
37.93249,-8.5367,223,96
37.99392,-8.55385,114,64
38.00269,-8.5563,305,126
38.05534,-8.57104,1,1
38.10797,-8.58581,1,0
38.11674,-8.58828,3,0
38.12552,-8.59074,5,0
38.13429,-8.59321,3,1
38.15183,-8.59814,3,0
38.21322,-8.61545,1,1
38.22199,-8.61793,19,11
38.23076,-8.6204,4,2
38.27461,-8.6328,8,2
38.30091,-8.64025,6,4
38.59014,-8.72274,6,1
38.5989,-8.72525,1,0
38.60766,-8.72777,26,8
38.61642,-8.73028,116,26
38.62518,-8.7328,6,2
38.63394,-8.73532,44,6
38.6427,-8.73784,98,18
38.65146,-8.74036,112,33
38.66022,-8.74288,79,12
38.66898,-8.74541,55,35
38.67774,-8.74793,18,1
38.6865,-8.75046,53,14
38.69526,-8.75298,111,19
38.70402,-8.75551,82,13
38.71277,-8.75803,9,0
38.72153,-8.76056,4,0
38.94918,-8.82663,12,2
38.95793,-8.82918,12,10
38.96668,-8.83174,5,2
38.97544,-8.83429,4,0
39.0717,-8.86247,1236,183
39.08045,-8.86503,113,10
39.0892,-8.8676,19,3
39.1067,-8.87274,153,44
39.11545,-8.87531,91,47
39.1242,-8.87788,5,4
39.13295,-8.88045,72,20
39.1417,-8.88303,282,70
39.15045,-8.8856,74,22
39.1592,-8.88818,180,47
39.16794,-8.89075,92,24
39.17669,-8.89333,16,3
39.21168,-8.90365,10,3
39.22043,-8.90623,63,23
39.22918,-8.90882,3,0
39.27291,-8.92175,2,1
39.28165,-8.92434,5,0
39.2904,-8.92693,19,5
39.29914,-8.92952,483,92
39.31663,-8.9347,2,2
39.32538,-8.93729,201,42
39.33412,-8.93989,2598,588
39.34287,-8.94249,1015,231
39.36036,-8.94768,37,3
39.3691,-8.95028,224,52
39.38659,-8.95548,13,2
39.39533,-8.95808,133,35
39.40407,-8.96068,113,27
39.41281,-8.96329,104,23
39.42156,-8.96589,160,34
39.4303,-8.9685,480,108
39.43904,-8.9711,221,47
39.44778,-8.97371,253,51
39.45653,-8.97632,553,99
39.46527,-8.97893,947,152
39.47401,-8.98154,46,12
39.48275,-8.98415,276,54
39.49149,-8.98676,80,16
39.50023,-8.98937,104,31
39.50897,-8.99199,199,42
39.51771,-8.9946,126,39
39.52645,-8.99722,204,68
39.53519,-8.99984,100,36
39.54393,-9.00245,118,32
39.55267,-9.00507,281,75
39.56141,-9.00769,224,65
39.57889,-9.01294,6,0
39.58763,-9.01556,744,217
39.59637,-9.01818,158,33
37.08244,-8.29259,326,92
37.09124,-8.29495,257,80
37.10003,-8.29731,74,13
37.10883,-8.29967,27,6
37.11762,-8.30203,85,29
37.12642,-8.3044,761,153
37.13521,-8.30676,121,59
37.14401,-8.30913,167,11
37.1528,-8.3115,5,1
37.16159,-8.31386,113,83
37.17039,-8.31623,66,12
37.17918,-8.3186,57,22
37.18797,-8.32097,78,15
37.19677,-8.32334,41,6
37.20556,-8.32572,36,6
37.21435,-8.32809,62,16
37.22315,-8.33046,48,25
37.23194,-8.33284,39,8
37.24073,-8.33521,62,19
37.25831,-8.33997,48,13
37.30227,-8.35187,5,0
37.31985,-8.35663,1,1
37.32864,-8.35902,5,1
37.34622,-8.36379,36,9
37.35501,-8.36617,57,19
37.3638,-8.36856,7,0
37.37259,-8.37095,4,2
37.38138,-8.37334,6,1
37.39895,-8.37812,3,2
37.41653,-8.3829,5,2
37.45168,-8.39248,1,0
37.46925,-8.39728,2,0
37.47804,-8.39968,4,1
37.48683,-8.40208,2,2
37.5044,-8.40688,1,0
37.51319,-8.40928,2,1
37.54833,-8.4189,3,0
37.5659,-8.42372,4,0
37.6186,-8.43818,6,0
37.65373,-8.44784,4,1
37.6713,-8.45268,4,1
37.68886,-8.45751,4,0
37.73277,-8.46963,21,1
37.74155,-8.47205,2,2
37.75033,-8.47448,1,0
37.81179,-8.49149,61,28
37.89957,-8.51586,5,1
37.90835,-8.5183,2,1
37.97856,-8.53787,3,0
38.00488,-8.54522,7,2
38.09262,-8.56979,4,0
38.13648,-8.58211,1,0
38.14525,-8.58458,4,0
38.15402,-8.58704,1,1
38.22419,-8.60681,25,9
38.23296,-8.60929,5,2
38.26803,-8.6192,5,0
38.39954,-8.6565,19,8
38.60987,-8.7166,25,11
38.61863,-8.71911,38,12
38.62739,-8.72163,3,1
38.63615,-8.72415,39,7
38.64491,-8.72667,153,38
38.65367,-8.72919,42,12
38.66243,-8.73171,107,35
38.67119,-8.73423,103,17
38.67995,-8.73675,39,15
38.68871,-8.73927,25,2
38.69747,-8.7418,65,11
38.70623,-8.74432,28,7
38.71499,-8.74685,115,12
38.72375,-8.74938,72,8
38.73251,-8.7519,7,0
38.92514,-8.80775,1,0
38.9339,-8.8103,18,6
38.94265,-8.81285,9,0
38.9514,-8.8154,58,17
38.96016,-8.81796,111,15
38.96891,-8.82051,102,25
38.97766,-8.82306,1736,232
38.98641,-8.82562,4,0
39.03893,-8.84097,2,0
39.08268,-8.85379,12,1
39.10018,-8.85892,7,2
39.10893,-8.86149,46,11
39.11768,-8.86406,50,20
39.12643,-8.86663,132,34
39.13518,-8.8692,210,50
39.14393,-8.87177,196,60
39.15268,-8.87435,116,38
39.16143,-8.87692,564,201
39.17018,-8.8795,76,24
39.17892,-8.88207,6,1
39.18767,-8.88465,4,2
39.21392,-8.89239,107,33
39.22266,-8.89497,539,219
39.23141,-8.89755,6,2
39.25765,-8.9053,56,12
39.2664,-8.90789,7,0
39.28389,-8.91306,77,21
39.29264,-8.91565,94,27
39.30138,-8.91824,85,27
39.31013,-8.92083,1,1
39.31887,-8.92342,37,12
39.32762,-8.92601,736,112
39.33636,-8.92861,2440,414
39.34511,-8.9312,1121,131
39.35385,-8.9338,68,7
39.3626,-8.93639,72,22
39.37134,-8.93899,131,20
39.38008,-8.94159,27,6
39.4238,-8.95459,116,35
39.43254,-8.9572,591,158
39.44129,-8.9598,469,102
39.45003,-8.96241,95,11
39.45877,-8.96502,113,17
39.46751,-8.96762,255,53
39.47625,-8.97023,71,8
39.48499,-8.97284,53,21
39.49374,-8.97545,49,13
39.50248,-8.97806,62,19
39.51122,-8.98068,28,12
39.51996,-8.98329,54,6
39.5287,-8.98591,169,36
39.53744,-8.98852,158,49
39.54618,-8.99114,168,32
39.55492,-8.99376,514,145
39.56366,-8.99637,3,0
39.5724,-8.99899,67,19
39.58114,-9.00161,37,10
39.69473,-9.03577,3,1
37.0846,-8.28164,349,83
37.09339,-8.284,140,33
37.10219,-8.28636,120,27
37.11098,-8.28872,84,21
37.11978,-8.29108,265,70
37.12857,-8.29345,593,92
37.13737,-8.29581,148,31
37.14616,-8.29818,62,8
37.15496,-8.30054,342,58
37.16375,-8.30291,1471,286
37.17254,-8.30528,147,19
37.18134,-8.30764,66,18
37.19013,-8.31001,52,16
37.19892,-8.31238,10,2
37.20772,-8.31475,28,13
37.21651,-8.31713,53,29
37.2253,-8.3195,50,13
37.24289,-8.32425,71,26
37.25168,-8.32662,70,24
37.26047,-8.329,6,3
37.26926,-8.33137,7,3
37.28685,-8.33613,2,0
37.31322,-8.34327,7,1
37.3308,-8.34804,6,3
37.33959,-8.35042,20,6
37.34838,-8.3528,16,4
37.35717,-8.35519,25,9
37.36596,-8.35758,5,0
37.37475,-8.35996,11,4
37.38354,-8.36235,14,3
37.39233,-8.36474,1,1
37.43627,-8.3767,3,1
37.46263,-8.38388,1,0
37.48899,-8.39108,2,1
37.5505,-8.40789,25,11
37.55928,-8.41029,8,5
37.57685,-8.41511,2,0
37.58564,-8.41752,3,0
37.6032,-8.42233,1,0
37.66469,-8.43923,3,2
37.67347,-8.44165,2,1
37.68225,-8.44406,4,0
37.69104,-8.44648,6,0
37.69982,-8.4489,5,2
37.7086,-8.45132,1,0
37.73495,-8.45859,433,164
37.74373,-8.46101,5,1
37.76129,-8.46586,1,0
37.85786,-8.4926,102,38
37.89297,-8.50235,4,2
37.98952,-8.52924,4,0
37.99829,-8.53169,2,1
38.00707,-8.53414,61,20
38.01584,-8.53659,5,0
38.02462,-8.53905,7,1
38.09481,-8.5587,5,2
38.10358,-8.56116,5,0
38.12113,-8.56608,3,2
38.15622,-8.57594,10,5
38.16499,-8.57841,5,2
38.17376,-8.58088,6,1
38.18253,-8.58334,33,8
38.1913,-8.58581,21,10
38.20884,-8.59076,4,0
38.22638,-8.5957,4,0
38.37545,-8.63789,3,2
38.58579,-8.69789,228,69
38.59455,-8.7004,70,15
38.60332,-8.70291,47,17
38.61208,-8.70543,38,12
38.62084,-8.70794,12,4
38.6296,-8.71046,3,2
38.63836,-8.71297,28,7
38.64712,-8.71549,101,48
38.65588,-8.71801,39,8
38.66464,-8.72053,32,7
38.6734,-8.72305,99,30
38.68216,-8.72557,70,14
38.69092,-8.72809,26,6
38.69968,-8.73061,86,13
38.70844,-8.73314,43,11
38.7172,-8.73566,33,0
38.72596,-8.73819,57,14
38.93612,-8.79908,71,10
38.94487,-8.80163,129,40
38.95362,-8.80418,55,5
38.96238,-8.80673,146,26
38.97113,-8.80928,1702,275
38.97989,-8.81184,3444,874
38.98864,-8.81439,36,5
39.08491,-8.84255,1,0
39.09366,-8.84511,4,2
39.10241,-8.84768,4,1
39.11116,-8.85024,8,3
39.11991,-8.85281,18,3
39.12866,-8.85538,257,71
39.13741,-8.85795,173,51
39.14616,-8.86052,154,51
39.15491,-8.86309,46,16
39.16366,-8.86567,9,5
39.17241,-8.86824,217,81
39.18116,-8.87081,287,73
39.1899,-8.87339,29,8
39.19865,-8.87597,59,40
39.21615,-8.88112,28,7
39.2249,-8.8837,46,16
39.23364,-8.88628,2,2
39.24239,-8.88886,175,80
39.25114,-8.89145,24,13
39.25989,-8.89403,473,178
39.27738,-8.8992,4,0
39.28613,-8.90179,13,1
39.29487,-8.90437,155,70
39.30362,-8.90696,28,6
39.32985,-8.91473,376,119
39.3386,-8.91732,5,3
39.34734,-8.91992,15,5
39.35609,-8.92251,194,42
39.36483,-8.9251,5,3
39.37358,-8.9277,54,21
39.38232,-8.9303,27,7
39.39107,-8.9329,72,22
39.42604,-8.9433,29,6
39.43478,-8.9459,158,39
39.44353,-8.9485,230,38
39.45227,-8.95111,183,31
39.46101,-8.95371,47,13
39.46975,-8.95632,200,42
39.4785,-8.95893,54,7
39.48724,-8.96153,97,34
39.49598,-8.96414,10,1
39.50472,-8.96675,23,8
39.51346,-8.96937,378,125
39.5222,-8.97198,123,27
39.53094,-8.97459,31,13
39.53968,-8.97721,443,85
39.54843,-8.97982,2416,584
39.55717,-8.98244,999,240
39.56591,-8.98505,99,23
39.57465,-8.98767,45,17
39.58339,-8.99029,8,1
39.59212,-8.99291,3,1
39.60086,-8.99553,3,3
39.6096,-8.99816,1,0
39.61834,-9.00078,14,1
39.62708,-9.0034,275,94
39.66203,-9.01391,202,61
39.67077,-9.01654,3,0
39.73193,-9.03497,70,1
37.09554,-8.27305,249,55
37.10434,-8.27541,206,46
37.11313,-8.27777,149,31
37.12193,-8.28013,32,8
37.13072,-8.2825,26,4
37.13952,-8.28486,91,7
37.14831,-8.28722,18,7
37.15711,-8.28959,235,50
37.1659,-8.29195,24,11
37.1747,-8.29432,246,77
37.18349,-8.29669,89,30
37.19229,-8.29905,92,23
37.20108,-8.30142,15,5
37.20987,-8.30379,13,2
37.21867,-8.30616,66,19
37.22746,-8.30853,21,3
37.23625,-8.3109,7,0
37.24504,-8.31328,78,36
37.25384,-8.31565,265,115
37.26263,-8.31803,82,28
37.27142,-8.3204,7,3
37.28021,-8.32278,1,0
37.32417,-8.33467,7,5
37.33296,-8.33705,37,20
37.34175,-8.33944,10,6
37.35933,-8.3442,14,8
37.3857,-8.35136,17,14
37.42086,-8.36092,2,1
37.42965,-8.36331,1,1
37.43843,-8.3657,38,19
37.44722,-8.36809,3,0
37.45601,-8.37049,4,0
37.4648,-8.37288,8,5
37.47359,-8.37528,2,1
37.53509,-8.39207,2,0
37.54388,-8.39447,2,0
37.55266,-8.39688,14,1
37.56145,-8.39928,8,2
37.57902,-8.40409,2,0
37.59659,-8.40891,3,0
37.60537,-8.41131,4,0
37.62294,-8.41613,6,0
37.67564,-8.43061,2,0
37.68443,-8.43303,6,5
37.69321,-8.43545,3,0
37.70199,-8.43787,5,0
37.73712,-8.44755,1,0
37.84248,-8.47668,2,1
37.86004,-8.48155,2,1
37.86882,-8.48398,1,0
37.8776,-8.48642,3,1
37.89516,-8.49129,6,3
37.91271,-8.49617,5,0
37.92149,-8.49861,3,2
38.00048,-8.52061,9,5
38.00925,-8.52306,18,8
38.0268,-8.52796,5,2
38.04435,-8.53287,2,2
38.097,-8.54761,4,1
38.10577,-8.55006,14,6
38.13209,-8.55745,4,3
38.16718,-8.5673,121,16
38.17595,-8.56977,2270,732
38.18472,-8.57224,624,164
38.19349,-8.57471,1,0
38.21103,-8.57965,31,11
38.22858,-8.58459,4,2
38.38641,-8.62924,1,1
38.39518,-8.63173,2,2
38.43024,-8.64169,4,4
38.57924,-8.68421,14,7
38.588,-8.68672,503,136
38.59676,-8.68923,104,26
38.60552,-8.69174,200,69
38.61429,-8.69426,2,0
38.63181,-8.69928,4,1
38.64057,-8.7018,1,0
38.67561,-8.71187,21,4
38.68437,-8.71439,116,34
38.69313,-8.71691,60,14
38.70189,-8.71943,191,40
38.71065,-8.72195,52,9
38.71941,-8.72447,88,16
38.72817,-8.727,22,2
38.87705,-8.77005,4,1
38.92083,-8.78277,10,0
38.92958,-8.78531,24,8
38.93834,-8.78786,3,0
38.95585,-8.79296,7,1
38.9646,-8.79551,31,0
38.97335,-8.79806,679,104
38.98211,-8.80061,312,97
39.00837,-8.80827,17,4
39.01712,-8.81082,67,25
39.04338,-8.8185,1,1
39.05213,-8.82105,2,0
39.08714,-8.8313,450,65
39.10464,-8.83643,62,15
39.11339,-8.83899,509,188
39.12214,-8.84156,60,9
39.13089,-8.84413,15,3
39.13964,-8.8467,110,39
39.14839,-8.84927,235,56
39.15714,-8.85184,19,3
39.16589,-8.85441,1,0
39.17464,-8.85698,47,15
39.18339,-8.85955,149,40
39.19214,-8.86213,171,70
39.20088,-8.8647,10,3
39.21838,-8.86986,40,21
39.23588,-8.87501,3,2
39.24462,-8.87759,2,2
39.25337,-8.88018,3,0
39.26212,-8.88276,29,15
39.27087,-8.88534,6,3
39.27961,-8.88792,73,22
39.28836,-8.89051,177,46
39.30585,-8.89568,54,14
39.3146,-8.89827,6,1
39.33209,-8.90345,16,7
39.34958,-8.90863,5,2
39.37582,-8.91641,5,0
39.38456,-8.91901,80,23
39.39331,-8.9216,97,22
39.40205,-8.9242,128,45
39.43702,-8.9346,74,10
39.44577,-8.9372,42,9
39.46325,-8.94241,61,22
39.472,-8.94501,1,0
39.48074,-8.94762,86,23
39.48948,-8.95023,106,31
39.49822,-8.95284,191,40
39.50696,-8.95544,170,40
39.51571,-8.95805,68,17
39.52445,-8.96067,33,7
39.53319,-8.96328,129,45
39.54193,-8.96589,68,18
39.55067,-8.9685,2007,513
39.55941,-8.97112,783,258
39.56815,-8.97373,44,6
39.57689,-8.97635,515,138
39.58563,-8.97897,444,151
39.59437,-8.98159,101,24
39.60311,-8.98421,292,43
39.62933,-8.99207,166,69
39.66428,-9.00257,618,185
39.67302,-9.0052,421,100
37.09769,-8.26211,400,73
37.10649,-8.26447,134,29
37.11528,-8.26682,44,18
37.12408,-8.26918,142,28
37.13288,-8.27154,90,16
37.14167,-8.27391,131,23
37.15047,-8.27627,95,22
37.15926,-8.27863,99,17
37.16806,-8.281,42,12
37.17685,-8.28336,13,1
37.18564,-8.28573,34,5
37.19444,-8.28809,19,6
37.20323,-8.29046,59,34
37.21203,-8.29283,36,16
37.22082,-8.2952,39,19
37.22961,-8.29757,8,3
37.23841,-8.29994,33,7
37.2472,-8.30231,16,5
37.25599,-8.30468,109,44
37.26479,-8.30706,39,19
37.27358,-8.30943,24,7
37.28237,-8.3118,7,3
37.29995,-8.31656,8,3
37.31754,-8.32131,19,4
37.32633,-8.32369,2,1
37.33512,-8.32607,3,0
37.38786,-8.34037,48,24
37.39665,-8.34276,3,1
37.43181,-8.35231,2,2
37.4406,-8.3547,13,9
37.44938,-8.3571,2,0
37.46696,-8.36188,12,7
37.47575,-8.36428,2,1
37.49332,-8.36907,1,1
37.51969,-8.37626,1,1
37.53726,-8.38106,1,1
37.54604,-8.38346,4,1
37.5724,-8.39067,2,0
37.6339,-8.40752,5,0
37.64268,-8.40993,7,3
37.65146,-8.41234,5,1
37.66903,-8.41717,3,2
37.67782,-8.41958,2,0
37.6866,-8.422,6,2
37.83588,-8.46319,5,0
37.89733,-8.48023,63,30
37.90611,-8.48267,26,11
37.92367,-8.48754,2,0
37.95,-8.49486,1,0
37.96755,-8.49975,12,0
38.00266,-8.50953,4,0
38.01144,-8.51198,26,7
38.02899,-8.51688,3,2
38.09918,-8.53651,1,1
38.10796,-8.53897,2,2
38.13428,-8.54635,4,2
38.16937,-8.5562,633,140
38.17814,-8.55867,2591,508
38.18691,-8.56113,660,150
38.19568,-8.5636,449,98
38.20445,-8.56607,24,10
38.21323,-8.56853,90,30
38.222,-8.571,37,10
38.23077,-8.57348,101,31
38.39738,-8.62059,85,34
38.42368,-8.62806,23,8
38.43244,-8.63055,41,19
38.44121,-8.63304,6,1
38.44998,-8.63553,1,0
38.54639,-8.66302,1,0
38.58144,-8.67304,3,1
38.60773,-8.68057,35,6
38.61649,-8.68308,45,9
38.62525,-8.68559,18,6
38.63402,-8.68811,85,25
38.64278,-8.69062,68,21
38.65154,-8.69314,10,1
38.6603,-8.69565,4,0
38.68658,-8.7032,23,0
38.69534,-8.70572,28,3
38.7041,-8.70824,37,7
38.71286,-8.71076,55,16
38.72162,-8.71329,21,5
38.86175,-8.75376,161,33
38.87051,-8.7563,2,0
38.90554,-8.76646,5,2
38.9318,-8.77409,6,0
38.95807,-8.78173,3,0
38.96682,-8.78428,6,0
38.99308,-8.79193,5,0
39.00184,-8.79448,1,1
39.01059,-8.79704,8,2
39.01934,-8.79959,713,180
39.02809,-8.80214,559,136
39.0456,-8.80726,3,0
39.08936,-8.82006,4,2
39.10686,-8.82518,18,0
39.11561,-8.82775,33,4
39.12436,-8.83031,89,23
39.13312,-8.83288,217,60
39.14187,-8.83544,35,10
39.15062,-8.83801,1381,334
39.15937,-8.84058,111,32
39.16812,-8.84315,11,6
39.17687,-8.84572,12,3
39.18561,-8.84829,1,1
39.22061,-8.85859,4,2
39.23811,-8.86375,163,47
39.24686,-8.86633,99,27
39.2556,-8.8689,206,49
39.26435,-8.87149,13,0
39.2731,-8.87407,5,2
39.28185,-8.87665,94,23
39.29059,-8.87923,16,4
39.30809,-8.8844,3,0
39.31683,-8.88699,48,26
39.35182,-8.89734,21,7
39.36056,-8.89994,37,12
39.36931,-8.90253,2,2
39.3868,-8.90771,2,2
39.39554,-8.91031,59,17
39.40429,-8.91291,75,16
39.41303,-8.9155,26,7
39.42178,-8.9181,157,31
39.45675,-8.9285,2,0
39.47424,-8.93371,11,0
39.48298,-8.93631,159,33
39.49172,-8.93892,92,11
39.50046,-8.94153,143,44
39.50921,-8.94413,62,16
39.51795,-8.94674,63,13
39.52669,-8.94935,90,31
39.53543,-8.95196,117,26
39.54417,-8.95457,721,181
39.55291,-8.95719,411,82
39.56165,-8.9598,363,124
39.57039,-8.96241,44,9
39.57914,-8.96503,8,1
39.58788,-8.96765,49,12
39.59662,-8.97026,349,107
39.60536,-8.97288,183,65
39.6141,-8.9755,44,22
39.64905,-8.98599,24,9
39.65779,-8.98861,103,35
39.66653,-8.99124,748,183
39.67527,-8.99386,805,240
37.09984,-8.25116,1527,224
37.10864,-8.25352,231,67
37.11743,-8.25587,138,28
37.12623,-8.25823,320,40
37.13503,-8.26059,127,28
37.14382,-8.26295,139,35
37.15262,-8.26531,38,6
37.16141,-8.26768,24,5
37.17021,-8.27004,82,12
37.179,-8.2724,40,8
37.19659,-8.27713,6,2
37.20539,-8.2795,53,23
37.21418,-8.28186,137,41
37.22297,-8.28423,54,19
37.23177,-8.2866,68,25
37.24056,-8.28897,40,9
37.24935,-8.29134,170,36
37.25815,-8.29371,1370,373
37.26694,-8.29608,137,40
37.27573,-8.29846,3,0
37.28453,-8.30083,7,0
37.29332,-8.30321,32,7
37.30211,-8.30558,10,3
37.3109,-8.30796,9,0
37.31969,-8.31033,24,7
37.32848,-8.31271,6,1
37.33728,-8.31509,6,2
37.34607,-8.31747,1,0
37.38123,-8.327,12,2
37.39002,-8.32938,17,6
37.4076,-8.33416,3,1
37.42518,-8.33893,1,0
37.46033,-8.34849,7,3
37.46912,-8.35088,11,7
37.4867,-8.35567,2,2
37.50427,-8.36046,1,1
37.63606,-8.3965,3,0
37.64485,-8.3989,13,3
37.65363,-8.40132,215,95
37.66242,-8.40373,3,1
37.6712,-8.40614,3,1
37.67998,-8.40855,35,16
37.68877,-8.41097,235,96
37.71512,-8.41821,4,3
37.83806,-8.45214,3,0
37.85562,-8.457,1,0
37.99607,-8.49601,9,6
38.00484,-8.49845,35,16
38.01362,-8.5009,1,0
38.03117,-8.5058,8,4
38.04872,-8.5107,2,0
38.07505,-8.51805,13,8
38.11014,-8.52787,2,0
38.16278,-8.54263,1,1
38.18033,-8.54756,93,18
38.1891,-8.55002,230,89
38.19787,-8.55249,75,15
38.20664,-8.55496,117,25
38.21542,-8.55742,274,87
38.22419,-8.55989,31,13
38.23296,-8.56236,76,26
38.39957,-8.60945,5,2
38.44341,-8.6219,2,2
38.6187,-8.67191,31,13
38.62746,-8.67442,21,4
38.63622,-8.67693,18,6
38.64498,-8.67944,41,9
38.66251,-8.68447,9,3
38.67127,-8.68699,24,5
38.68003,-8.6895,39,2
38.68879,-8.69202,195,31
38.69755,-8.69454,2,0
38.70631,-8.69706,13,5
38.71507,-8.69958,13,5
38.72383,-8.7021,6,3
38.85521,-8.74002,68,14
38.86397,-8.74255,757,193
38.87273,-8.74509,3,1
38.95153,-8.76796,4,0
38.96028,-8.77051,35,7
38.96904,-8.77305,1,0
38.9953,-8.7807,21,2
39.00406,-8.78325,37,8
39.01281,-8.7858,181,31
39.02156,-8.78836,1538,415
39.03032,-8.79091,1568,375
39.03907,-8.79346,3,0
39.04782,-8.79602,7,2
39.10034,-8.81137,16,5
39.10909,-8.81393,289,130
39.11784,-8.8165,159,60
39.12659,-8.81906,269,83
39.13534,-8.82162,208,62
39.14409,-8.82419,3,1
39.15284,-8.82676,70,23
39.16159,-8.82932,41,8
39.17034,-8.83189,400,117
39.17909,-8.83446,39,13
39.19659,-8.83961,17,4
39.20534,-8.84218,63,23
39.21409,-8.84475,233,79
39.23159,-8.8499,9,5
39.24034,-8.85248,41,32
39.24909,-8.85505,10,1
39.25783,-8.85763,138,57
39.26658,-8.86021,16,4
39.27533,-8.86279,64,18
39.28408,-8.86537,171,46
39.29282,-8.86796,71,22
39.30157,-8.87054,80,21
39.31032,-8.87312,31,9
39.31907,-8.87571,1,0
39.35405,-8.88606,11,5
39.3628,-8.88865,102,22
39.37154,-8.89124,198,68
39.38029,-8.89383,38,8
39.40652,-8.90161,67,24
39.41527,-8.90421,227,54
39.42401,-8.9068,202,44
39.46773,-8.9198,1,0
39.47647,-8.9224,3,3
39.48522,-8.92501,16,2
39.49396,-8.92761,10,0
39.51145,-8.93282,15,1
39.52019,-8.93543,2,0
39.52893,-8.93804,216,54
39.53767,-8.94065,78,23
39.54641,-8.94326,454,101
39.55516,-8.94587,138,17
39.5639,-8.94848,62,18
39.57264,-8.95109,133,35
39.59886,-8.95894,127,51
39.6076,-8.96155,66,21
39.61634,-8.96417,19,10
39.62508,-8.96679,44,5
39.63382,-8.96941,2,2
39.6513,-8.97465,50,15
39.66004,-8.97728,100,37
39.66878,-8.9799,42,3
39.67752,-8.98253,426,88
39.68625,-8.98515,24,6
39.69499,-8.98778,169,49
39.70373,-8.99041,165,48
37.09319,-8.23786,3222,396
37.10199,-8.24021,2119,249
37.11078,-8.24257,113,13
37.11958,-8.24492,192,26
37.12838,-8.24728,1404,176
37.13717,-8.24964,118,16
37.14597,-8.252,103,22
37.15477,-8.25436,29,3
37.16356,-8.25672,2133,311
37.17236,-8.25908,183,36
37.18115,-8.26144,39,11
37.18995,-8.26381,9,6
37.19874,-8.26617,13,2
37.20754,-8.26853,92,32
37.21633,-8.2709,21,10
37.22513,-8.27327,64,25
37.23392,-8.27563,32,15
37.24271,-8.278,31,5
37.25151,-8.28037,775,178
37.2603,-8.28274,1063,229
37.26909,-8.28511,30,9
37.27789,-8.28748,11,2
37.28668,-8.28986,29,13
37.29547,-8.29223,12,7
37.30426,-8.2946,2,2
37.31306,-8.29698,1,1
37.33064,-8.30173,22,8
37.36581,-8.31125,2,2
37.38339,-8.31601,17,7
37.39218,-8.31839,2,0
37.41855,-8.32555,5,3
37.42734,-8.32793,4,0
37.43613,-8.33032,1,1
37.45371,-8.3351,11,10
37.46249,-8.33749,8,4
37.48886,-8.34466,2,2
37.56795,-8.36624,2,2
37.57673,-8.36864,2,2
37.5943,-8.37344,5,2
37.60309,-8.37585,1,0
37.62066,-8.38066,12,5
37.63823,-8.38547,52,0
37.64702,-8.38788,51,5
37.6558,-8.39029,34,18
37.68215,-8.39752,5,0
37.69094,-8.39993,7,1
37.72607,-8.40959,37,13
37.73485,-8.41201,102,27
37.74364,-8.41443,9,2
37.75242,-8.41684,174,65
37.7612,-8.41926,11,6
37.83145,-8.43865,2,1
37.84023,-8.44108,23,6
37.85779,-8.44594,6,0
37.89291,-8.45566,5,1
37.99825,-8.48493,100,39
38.00702,-8.48737,21,6
38.0158,-8.48982,5,2
38.02457,-8.49227,4,0
38.03335,-8.49471,9,2
38.0509,-8.49961,3,0
38.06845,-8.50451,1,1
38.07723,-8.50696,1,0
38.16497,-8.53153,2,1
38.17374,-8.53399,28,7
38.18251,-8.53645,63,29
38.20006,-8.54138,13,3
38.20883,-8.54384,1,0
38.2176,-8.54631,40,9
38.22638,-8.54878,123,44
38.23515,-8.55125,55,19
38.40177,-8.59831,10,2
38.46314,-8.61573,6,3
38.59461,-8.65321,533,170
38.60338,-8.65572,6,0
38.64719,-8.66827,7,1
38.67347,-8.6758,29,9
38.68224,-8.67832,12,5
38.691,-8.68084,45,12
38.69976,-8.68335,2,0
38.70852,-8.68587,1,1
38.84867,-8.72627,4,0
38.85743,-8.72881,54,4
38.86618,-8.73134,74,11
38.87494,-8.73388,14,3
38.8837,-8.73641,11,4
38.90121,-8.74149,31,1
38.90997,-8.74403,8,1
38.94499,-8.75419,21,5
38.95375,-8.75674,370,89
38.9625,-8.75928,193,54
38.98001,-8.76437,3,0
38.98877,-8.76692,45,11
38.99752,-8.76947,118,20
39.00627,-8.77202,255,51
39.01503,-8.77457,5,0
39.02378,-8.77712,147,26
39.03254,-8.77967,2,2
39.06755,-8.78989,14,3
39.10256,-8.80012,617,124
39.11131,-8.80268,377,121
39.12006,-8.80525,101,30
39.12881,-8.80781,15,8
39.13756,-8.81037,69,23
39.14632,-8.81294,111,63
39.15507,-8.8155,83,32
39.16382,-8.81807,44,14
39.17257,-8.82063,297,96
39.18132,-8.8232,112,32
39.19007,-8.82577,8,0
39.19882,-8.82834,79,19
39.20757,-8.83091,169,47
39.23382,-8.83863,29,9
39.24257,-8.84121,9,4
39.26006,-8.84636,23,2
39.26881,-8.84894,7,1
39.27756,-8.85152,163,62
39.28631,-8.8541,106,21
39.29505,-8.85668,30,13
39.3038,-8.85926,13,6
39.31255,-8.86184,14,4
39.35628,-8.87477,16,1
39.36503,-8.87736,111,38
39.37378,-8.87995,28,18
39.38252,-8.88254,131,30
39.40001,-8.88772,39,17
39.40876,-8.89031,16,3
39.4175,-8.89291,75,19
39.42625,-8.8955,77,12
39.44374,-8.9007,231,52
39.45248,-8.9033,2,2
39.46997,-8.90849,29,4
39.47871,-8.9111,4,1
39.48746,-8.9137,13,0
39.50494,-8.9189,120,37
39.51368,-8.92151,112,30
39.52243,-8.92411,96,17
39.53117,-8.92672,105,25
39.53991,-8.92933,26,3
39.54865,-8.93194,360,83
39.5574,-8.93455,108,34
39.56614,-8.93716,194,82
39.57488,-8.93977,2,0
39.58362,-8.94238,33,8
39.59236,-8.945,73,24
39.6011,-8.94761,70,19
39.60984,-8.95023,74,33
39.61858,-8.95284,120,60
39.62732,-8.95546,115,37
39.63606,-8.95808,71,27
39.6448,-8.9607,3,0
39.65354,-8.96332,19,5
39.67976,-8.97119,33,13
39.6885,-8.97381,4,0
39.69724,-8.97644,271,82
39.70598,-8.97906,147,50
37.09534,-8.22691,2856,372
37.10413,-8.22926,3055,248
37.11293,-8.23162,322,60
37.12173,-8.23397,847,99
37.13052,-8.23633,1416,265
37.13932,-8.23869,300,78
37.14812,-8.24104,176,31
37.15691,-8.2434,43,8
37.16571,-8.24576,51,10
37.17451,-8.24812,55,23
37.1833,-8.25048,13,5
37.1921,-8.25284,88,30
37.20969,-8.25757,26,9
37.21848,-8.25993,10,3
37.22728,-8.2623,44,14
37.24486,-8.26703,15,2
37.25366,-8.2694,140,54
37.26245,-8.27177,252,28
37.27125,-8.27414,7,0
37.28004,-8.27651,11,3
37.28883,-8.27888,15,5
37.29763,-8.28125,26,10
37.33279,-8.29075,4,2
37.34159,-8.29313,4,3
37.35038,-8.2955,11,1
37.36796,-8.30026,2,2
37.38554,-8.30502,10,9
37.39433,-8.3074,11,5
37.41192,-8.31217,3,2
37.4295,-8.31694,8,4
37.43829,-8.31933,4,2
37.44708,-8.32171,14,2
37.45586,-8.3241,21,7
37.5086,-8.33844,1,0
37.52617,-8.34323,2,2
37.53496,-8.34563,1,0
37.58768,-8.36002,30,16
37.59647,-8.36242,4,1
37.61404,-8.36723,10,1
37.62283,-8.36963,4,1
37.63161,-8.37204,6,3
37.6404,-8.37444,4,0
37.66675,-8.38167,25,10
37.67554,-8.38408,1,1
37.72824,-8.39855,28,21
37.73702,-8.40097,118,40
37.75459,-8.4058,22,8
37.76337,-8.40822,1,0
37.8424,-8.43002,13,5
37.89508,-8.4446,4,1
37.9302,-8.45434,3,2
37.93898,-8.45677,5,0
38.0092,-8.47629,2,0
38.01798,-8.47874,9,6
38.02675,-8.48118,9,3
38.07064,-8.49342,2,2
38.15838,-8.51796,6,0
38.16715,-8.52042,139,53
38.17593,-8.52288,91,43
38.1847,-8.52534,4,2
38.21102,-8.53273,2,0
38.28996,-8.55495,56,24
38.31627,-8.56237,5,0
38.59681,-8.64204,18,2
38.67568,-8.66462,9,4
38.68444,-8.66714,161,34
38.78081,-8.69484,3,1
38.78957,-8.69737,4,0
38.83336,-8.71,12,0
38.84212,-8.71253,5,0
38.85088,-8.71507,13,4
38.85964,-8.7176,49,17
38.86839,-8.72013,22,5
38.87715,-8.72266,15,3
38.88591,-8.7252,24,1
38.90342,-8.73027,20,2
38.91218,-8.73281,51,6
38.92094,-8.73535,40,2
38.95596,-8.74551,1,0
38.97347,-8.7506,1,1
38.98223,-8.75314,322,61
38.99098,-8.75569,124,26
38.99974,-8.75824,273,75
39.00849,-8.76078,184,50
39.01725,-8.76333,131,16
39.026,-8.76588,139,31
39.03475,-8.76843,11,3
39.06102,-8.77609,15,2
39.06977,-8.77865,89,37
39.07852,-8.7812,1,0
39.10478,-8.78887,41,10
39.13104,-8.79656,4,1
39.13979,-8.79912,63,22
39.14854,-8.80168,88,34
39.15729,-8.80424,310,62
39.16604,-8.80681,139,55
39.17479,-8.80938,43,18
39.18354,-8.81194,33,9
39.19229,-8.81451,2,2
39.20979,-8.81965,43,9
39.23604,-8.82736,17,7
39.24479,-8.82994,5,2
39.25354,-8.83251,4,0
39.26229,-8.83509,323,88
39.27979,-8.84024,66,24
39.28854,-8.84282,57,11
39.29728,-8.8454,18,1
39.31478,-8.85056,101,29
39.32353,-8.85314,3,1
39.36726,-8.86607,8,0
39.37601,-8.86866,2,0
39.38475,-8.87125,1,0
39.40225,-8.87643,324,109
39.41099,-8.87902,90,39
39.42848,-8.8842,100,24
39.44597,-8.8894,46,6
39.45472,-8.89199,6,1
39.4722,-8.89719,61,9
39.48095,-8.89979,35,10
39.48969,-8.90239,72,11
39.49844,-8.90499,2,1
39.50718,-8.90759,44,12
39.51592,-8.9102,178,37
39.52467,-8.9128,159,35
39.53341,-8.91541,178,31
39.54215,-8.91801,151,36
39.55964,-8.92323,130,37
39.56838,-8.92584,310,86
39.57712,-8.92845,129,26
39.58586,-8.93106,7,0
39.5946,-8.93367,297,110
39.60334,-8.93628,24,3
39.61208,-8.9389,207,76
39.62083,-8.94151,46,4
39.62957,-8.94413,246,75
39.63831,-8.94675,8,2
39.64705,-8.94937,53,18
39.65579,-8.95198,115,44
39.68201,-8.95985,112,27
39.69074,-8.96247,576,168
39.71696,-8.97035,12,3
39.7257,-8.97297,33,7
37.09748,-8.21596,597,89
37.10628,-8.21831,570,90
37.11508,-8.22067,179,36
37.12387,-8.22302,527,84
37.13267,-8.22538,125,29
37.14147,-8.22773,110,26
37.15026,-8.23009,194,53
37.15906,-8.23244,137,33
37.16786,-8.2348,72,10
37.17665,-8.23716,83,18
37.19424,-8.24188,35,5
37.20304,-8.24424,2,2
37.21184,-8.24661,97,25
37.22063,-8.24897,54,14
37.23822,-8.2537,46,10
37.24701,-8.25606,59,15
37.25581,-8.25843,16,4
37.28219,-8.26554,17,3
37.29098,-8.26791,19,4
37.29978,-8.27028,8,4
37.30857,-8.27265,1,0
37.32616,-8.27739,9,5
37.33495,-8.27977,16,8
37.34374,-8.28214,10,8
37.35253,-8.28452,1,0
37.36132,-8.2869,3,2
37.39649,-8.29641,9,0
37.40528,-8.29879,3,2
37.41407,-8.30118,2,0
37.42286,-8.30356,1,1
37.43165,-8.30594,1,1
37.44044,-8.30833,2,2
37.44923,-8.31071,4,1
37.4756,-8.31787,6,0
37.48439,-8.32026,5,1
37.49318,-8.32265,5,3
37.58984,-8.349,11,9
37.59863,-8.3514,1,1
37.60742,-8.3538,12,5
37.6162,-8.3562,7,2
37.65135,-8.36582,6,1
37.66892,-8.37063,116,37
37.6777,-8.37304,6,4
37.73041,-8.38751,2,1
37.75676,-8.39476,3,0
37.84458,-8.41897,76,39
37.85336,-8.42139,10,4
38.07282,-8.48233,3,1
38.13424,-8.49949,9,0
38.18689,-8.51424,9,2
38.19566,-8.5167,7,1
38.28338,-8.54135,2,2
38.29215,-8.54382,60,20
38.39739,-8.57354,11,0
38.40616,-8.57603,4,3
38.42369,-8.58099,5,1
38.4763,-8.59592,101,26
38.48506,-8.59841,97,34
38.57272,-8.62337,2,1
38.59901,-8.63087,7,1
38.67788,-8.65344,14,0
38.68664,-8.65595,70,25
38.72169,-8.66601,7,1
38.74797,-8.67356,62,7
38.84433,-8.70133,10,2
38.85309,-8.70386,42,9
38.86185,-8.70639,35,5
38.87061,-8.70892,9,4
38.87936,-8.71145,2,1
38.88812,-8.71398,2,2
38.95818,-8.73429,17,4
38.97569,-8.73937,36,15
38.98444,-8.74191,333,93
38.9932,-8.74446,349,80
39.00195,-8.747,324,55
39.01071,-8.74955,302,71
39.01946,-8.7521,233,101
39.02822,-8.75465,147,44
39.03697,-8.7572,43,17
39.08074,-8.76996,4,3
39.11575,-8.78018,15,4
39.13326,-8.7853,2,0
39.14201,-8.78786,33,8
39.15076,-8.79042,634,115
39.15951,-8.79299,4137,846
39.16826,-8.79555,1298,196
39.17701,-8.79812,54,25
39.18577,-8.80068,46,24
39.19452,-8.80325,6,2
39.21202,-8.80838,2,1
39.22077,-8.81095,28,9
39.22952,-8.81352,1,0
39.23827,-8.81609,132,37
39.24702,-8.81867,23,6
39.26452,-8.82381,23,3
39.29076,-8.83154,110,25
39.29951,-8.83412,5,0
39.30826,-8.8367,6,2
39.31701,-8.83928,253,78
39.32576,-8.84186,4,0
39.34325,-8.84702,3,0
39.352,-8.84961,39,13
39.36074,-8.85219,67,13
39.36949,-8.85478,190,51
39.37824,-8.85736,155,53
39.38698,-8.85995,72,13
39.39573,-8.86254,13,3
39.40448,-8.86513,49,5
39.41322,-8.86772,33,11
39.43071,-8.8729,122,30
39.43946,-8.8755,5,2
39.48318,-8.88848,213,36
39.51816,-8.89888,26,10
39.5269,-8.90149,23,6
39.54439,-8.90669,53,14
39.55313,-8.9093,161,30
39.56187,-8.91191,46,9
39.57062,-8.91452,140,40
39.57936,-8.91712,95,26
39.60558,-8.92496,7,0
39.61432,-8.92757,47,20
39.62307,-8.93018,68,38
39.63181,-8.9328,46,9
39.64929,-8.93803,112,35
39.65803,-8.94065,245,78
39.66677,-8.94327,49,13
39.67551,-8.94589,24,10
39.68425,-8.94851,118,31
39.69299,-8.95113,159,20
39.70173,-8.95375,231,40
39.71047,-8.95637,5,0
39.71921,-8.959,1,0
39.72794,-8.96163,28,8
39.73668,-8.96425,86,20
37.09962,-8.20501,86,25
37.10842,-8.20737,325,71
37.11722,-8.20972,524,73
37.12602,-8.21207,160,29
37.13482,-8.21442,37,2
37.15241,-8.21913,123,31
37.16121,-8.22149,242,48
37.17,-8.22384,122,28
37.1788,-8.2262,107,20
37.1876,-8.22856,4,4
37.19639,-8.23092,2,0
37.20519,-8.23328,41,10
37.21398,-8.23564,30,16
37.22278,-8.238,23,5
37.24037,-8.24273,212,67
37.24916,-8.24509,43,23
37.25796,-8.24746,23,10
37.26675,-8.24983,31,9
37.28434,-8.25456,42,19
37.29313,-8.25693,79,21
37.31072,-8.26167,5,0
37.3371,-8.26879,10,3
37.34589,-8.27116,19,9
37.36348,-8.27591,1,1
37.38985,-8.28304,14,8
37.41623,-8.29018,3,3
37.46897,-8.30448,1,1
37.47776,-8.30687,11,9
37.48655,-8.30926,7,1
37.49534,-8.31165,1,1
37.50413,-8.31404,4,2
37.53928,-8.3236,5,1
37.60958,-8.34278,4,0
37.61837,-8.34518,7,0
37.62715,-8.34758,2,1
37.65351,-8.35479,1,0
37.6623,-8.3572,4,1
37.68865,-8.36442,5,0
37.76771,-8.38613,2,0
37.84675,-8.40791,74,23
37.85553,-8.41033,22,5
37.96967,-8.44193,4,0
38.03989,-8.46145,1,0
38.08377,-8.47368,1,0
38.13642,-8.48839,301,105
38.19784,-8.50559,2,2
38.24171,-8.5179,5,2
38.28557,-8.53023,10,4
38.29434,-8.5327,96,36
38.3645,-8.55249,23,2
38.46972,-8.58228,3,1
38.47849,-8.58477,3,0
38.60121,-8.6197,38,12
38.60998,-8.6222,38,14
38.68885,-8.64477,40,6
38.71513,-8.6523,2,1
38.7239,-8.65482,34,4
38.73266,-8.65733,48,13
38.74142,-8.65985,166,63
38.75018,-8.66237,69,22
38.75894,-8.66489,9,4
38.7677,-8.6674,7,2
38.84654,-8.69012,11,0
38.8553,-8.69265,16,1
38.86406,-8.69517,40,8
38.87282,-8.69771,57,26
38.88157,-8.70024,7,2
38.89909,-8.7053,3,0
38.9166,-8.71037,5,1
38.95163,-8.72052,1,0
38.9779,-8.72814,41,20
38.98666,-8.73068,126,27
38.99541,-8.73323,314,79
39.00417,-8.73577,384,112
39.01292,-8.73832,238,66
39.02168,-8.74086,42,14
39.03043,-8.74341,53,17
39.03919,-8.74596,2,0
39.04794,-8.74851,13,2
39.06545,-8.75361,114,36
39.08296,-8.75871,275,100
39.09171,-8.76127,10,2
39.13548,-8.77405,6,2
39.14423,-8.77661,64,18
39.15298,-8.77917,1175,289
39.16173,-8.78173,2718,513
39.17048,-8.78429,497,167
39.17924,-8.78685,29,7
39.18799,-8.78942,9,1
39.19674,-8.79198,3,1
39.21424,-8.79712,5,2
39.22299,-8.79968,248,83
39.23174,-8.80225,36,8
39.24049,-8.80482,21,1
39.24924,-8.80739,11,4
39.25799,-8.80997,102,28
39.26674,-8.81254,12,2
39.27549,-8.81511,93,26
39.28424,-8.81769,80,13
39.29299,-8.82026,203,78
39.30174,-8.82284,15,3
39.32798,-8.83058,133,33
39.33673,-8.83316,46,5
39.34548,-8.83574,40,11
39.35423,-8.83832,23,13
39.38047,-8.84607,22,4
39.38921,-8.84866,53,21
39.39796,-8.85125,45,12
39.40671,-8.85383,18,4
39.41545,-8.85642,193,64
39.43295,-8.8616,101,35
39.45918,-8.86938,9,4
39.46793,-8.87198,16,2
39.48542,-8.87717,132,41
39.49416,-8.87977,114,20
39.50291,-8.88237,36,13
39.54662,-8.89538,19,4
39.55537,-8.89798,309,71
39.56411,-8.90059,24,7
39.57285,-8.90319,73,16
39.5816,-8.9058,253,72
39.59908,-8.91102,158,16
39.60782,-8.91363,17,0
39.61656,-8.91624,3,0
39.62531,-8.91885,6,0
39.63405,-8.92147,21,6
39.66027,-8.92931,70,17
39.66901,-8.93193,182,52
39.67775,-8.93455,15,2
39.68649,-8.93717,39,1
39.69523,-8.93979,198,50
39.70397,-8.94241,722,195
39.71271,-8.94503,110,21
39.72145,-8.94765,3,0
39.73019,-8.95028,62,16
39.73893,-8.9529,394,80
37.10177,-8.19407,246,58
37.11056,-8.19641,238,31
37.11936,-8.19877,91,32
37.12816,-8.20112,41,11
37.15455,-8.20818,44,12
37.16335,-8.21053,39,10
37.17215,-8.21289,209,35
37.18094,-8.21524,127,25
37.18974,-8.2176,52,14
37.19854,-8.21996,102,43
37.20733,-8.22232,147,52
37.21613,-8.22468,52,15
37.23372,-8.2294,56,20
37.24252,-8.23176,159,48
37.25131,-8.23412,3,3
37.2689,-8.23885,37,10
37.28649,-8.24358,4,3
37.29528,-8.24595,2,2
37.30408,-8.24832,22,6
37.31287,-8.25069,1,1
37.38321,-8.26967,27,19
37.39201,-8.27205,19,11
37.4008,-8.27443,13,5
37.42717,-8.28157,7,5
37.43596,-8.28395,3,3
37.44475,-8.28633,2,2
37.45354,-8.28871,4,3
37.46233,-8.2911,4,1
37.49749,-8.30064,249,121
37.50628,-8.30303,10,2
37.54144,-8.31259,2,1
37.55023,-8.31498,2,0
37.58538,-8.32456,2,0
37.62931,-8.33656,2,2
37.65567,-8.34376,7,1
37.66446,-8.34617,3,0
37.83135,-8.39201,1,0
37.8577,-8.39927,1,1
37.93672,-8.42112,4,1
37.97184,-8.43086,6,0
38.00695,-8.44061,8,2
38.12983,-8.47484,1,1
38.19125,-8.49202,4,0
38.29652,-8.52157,2,2
38.3053,-8.52404,3,0
38.36669,-8.54135,1,1
38.66476,-8.62606,21,5
38.67352,-8.62856,4,2
38.68229,-8.63107,4,0
38.69105,-8.63358,5,1
38.70857,-8.6386,9,1
38.71734,-8.64112,4,2
38.7261,-8.64363,17,5
38.73486,-8.64614,11,4
38.74362,-8.64866,1,0
38.75238,-8.65117,25,11
38.76114,-8.65369,29,4
38.76991,-8.65621,41,19
38.86626,-8.68396,19,5
38.87502,-8.68649,104,29
38.88378,-8.68902,76,28
38.89254,-8.69155,2,2
38.92757,-8.70168,4,0
38.98887,-8.71945,40,8
38.99763,-8.72199,133,37
39.00638,-8.72454,92,27
39.01514,-8.72708,81,33
39.02389,-8.72962,76,21
39.0414,-8.73472,37,5
39.05016,-8.73726,29,6
39.05891,-8.73981,19,7
39.07642,-8.74491,8,2
39.09393,-8.75002,22,4
39.10268,-8.75257,4,0
39.1377,-8.76279,11,7
39.14645,-8.76535,17,3
39.1552,-8.76791,20,7
39.16395,-8.77047,479,129
39.1727,-8.77303,568,165
39.18146,-8.77559,97,15
39.19021,-8.77816,5,4
39.20771,-8.78328,34,6
39.21646,-8.78585,71,7
39.22521,-8.78842,45,7
39.23396,-8.79098,23,3
39.24271,-8.79355,144,54
39.25146,-8.79612,5,0
39.26021,-8.79869,38,12
39.26896,-8.80126,21,5
39.27771,-8.80384,11,5
39.30396,-8.81156,15,0
39.33021,-8.81929,31,11
39.33896,-8.82187,47,19
39.34771,-8.82445,29,6
39.3827,-8.83478,8,4
39.39144,-8.83736,16,4
39.40019,-8.83995,136,31
39.40894,-8.84254,27,9
39.41768,-8.84512,15,2
39.42643,-8.84771,102,40
39.43518,-8.8503,16,4
39.45267,-8.85549,2,0
39.46141,-8.85808,161,46
39.47016,-8.86067,188,50
39.4789,-8.86327,158,34
39.48765,-8.86586,24,2
39.49639,-8.86846,49,10
39.50514,-8.87105,90,27
39.51388,-8.87365,44,11
39.5576,-8.88666,45,3
39.56635,-8.88926,388,73
39.57509,-8.89187,11,3
39.58383,-8.89448,246,75
39.59257,-8.89708,35,7
39.60132,-8.89969,1086,319
39.61006,-8.9023,197,35
39.6188,-8.90491,106,28
39.62754,-8.90752,172,44
39.63628,-8.91013,9,3
39.64503,-8.91275,4,0
39.67125,-8.92059,461,121
39.67999,-8.92321,226,40
39.68873,-8.92582,85,19
39.70621,-8.93106,3,1
39.72369,-8.93631,215,28
39.73243,-8.93893,1109,325
39.74117,-8.94155,2345,618
39.74991,-8.94418,1107,266
39.75865,-8.9468,108,15
37.10391,-8.18312,655,155
37.11271,-8.18546,177,56
37.1215,-8.18781,269,78
37.1303,-8.19016,87,22
37.1391,-8.19251,37,0
37.16549,-8.19957,124,34
37.17429,-8.20193,420,96
37.18309,-8.20428,5,3
37.19188,-8.20664,44,14
37.20068,-8.20899,5,1
37.20948,-8.21135,44,14
37.21827,-8.21371,14,7
37.23587,-8.21843,34,8
37.26225,-8.22551,16,11
37.27105,-8.22788,16,4
37.27984,-8.23024,13,3
37.30622,-8.23734,12,4
37.31502,-8.23971,54,17
37.33261,-8.24445,1,0
37.3414,-8.24682,10,4
37.35019,-8.24919,16,4
37.38536,-8.25868,15,6
37.40295,-8.26344,1,1
37.41174,-8.26581,4,3
37.42932,-8.27057,4,3
37.4557,-8.27771,1,1
37.49086,-8.28725,3,1
37.49965,-8.28963,7,3
37.50844,-8.29202,3,0
37.5436,-8.30158,2,0
37.59632,-8.31594,5,2
37.60511,-8.31833,1,0
37.6139,-8.32073,8,4
37.63147,-8.32553,13,3
37.64905,-8.33033,3,3
37.69298,-8.34235,3,0
37.70176,-8.34475,37,12
37.71055,-8.34716,205,81
37.78082,-8.36645,2,0
37.82474,-8.37853,2,1
37.93011,-8.40762,8,0
37.94767,-8.41248,2,0
38.02668,-8.4344,64,12
38.03546,-8.43684,3,2
38.07057,-8.44661,1,1
38.13201,-8.46374,3,0
38.17588,-8.476,5,2
38.18466,-8.47845,3,2
38.21098,-8.48582,22,7
38.21975,-8.48828,7,0
38.34257,-8.5228,3,0
38.35134,-8.52527,7,1
38.37765,-8.53269,54,11
38.38642,-8.53517,15,9
38.41273,-8.5426,7,0
38.4215,-8.54508,5,2
38.66696,-8.61487,322,29
38.67572,-8.61738,2,2
38.68448,-8.61989,271,79
38.69325,-8.6224,77,11
38.71954,-8.62993,8,0
38.7283,-8.63244,2,0
38.73706,-8.63495,5,0
38.74582,-8.63746,10,3
38.75458,-8.63998,9,7
38.78087,-8.64753,1,0
38.79839,-8.65256,4,1
38.86847,-8.67275,12,6
38.87723,-8.67528,73,18
38.88599,-8.67781,10,2
38.89475,-8.68033,2,1
38.90351,-8.68286,30,6
38.91226,-8.6854,25,0
38.92102,-8.68793,43,13
38.92978,-8.69046,4,0
38.9473,-8.69553,5,0
38.95605,-8.69807,4,0
38.96481,-8.7006,14,2
38.99108,-8.70822,129,21
39.00859,-8.7133,1,0
39.01735,-8.71584,7,3
39.0261,-8.71839,34,6
39.03486,-8.72093,220,66
39.04362,-8.72348,21,8
39.05237,-8.72602,342,90
39.06113,-8.72857,252,50
39.09614,-8.73877,12,6
39.1049,-8.74132,172,53
39.11365,-8.74387,2,0
39.13991,-8.75154,2,2
39.14867,-8.75409,31,9
39.15742,-8.75665,2,0
39.16617,-8.75921,84,20
39.17492,-8.76177,1105,321
39.18368,-8.76433,85,9
39.19243,-8.76689,1,0
39.21868,-8.77458,29,4
39.22743,-8.77715,181,62
39.23618,-8.77971,31,13
39.24494,-8.78228,11,4
39.25369,-8.78485,53,18
39.27119,-8.78999,171,51
39.27994,-8.79256,27,10
39.28869,-8.79513,5,0
39.29744,-8.7977,7,1
39.30619,-8.80028,1,0
39.33243,-8.80801,23,7
39.39367,-8.82607,3,0
39.40242,-8.82865,127,38
39.41116,-8.83124,26,0
39.41991,-8.83383,84,33
39.42866,-8.83641,68,21
39.4549,-8.84418,36,34
39.46364,-8.84677,6,0
39.48113,-8.85196,51,11
39.48988,-8.85455,35,2
39.49863,-8.85715,143,22
39.51612,-8.86234,3,0
39.52486,-8.86494,16,3
39.56858,-8.87794,110,22
39.57732,-8.88054,14,3
39.58607,-8.88315,58,4
39.59481,-8.88576,200,25
39.60355,-8.88836,89,9
39.61229,-8.89097,12,0
39.62104,-8.89358,21,5
39.62978,-8.89619,175,45
39.63852,-8.8988,93,32
39.64726,-8.90141,116,36
39.66475,-8.90664,106,21
39.67349,-8.90925,319,74
39.68223,-8.91187,203,71
39.69097,-8.91448,87,19
39.69971,-8.9171,205,54
39.70845,-8.91972,6,1
39.72593,-8.92496,706,99
39.73467,-8.92758,1158,226
39.74341,-8.9302,3401,713
39.75215,-8.93283,2979,600
39.76089,-8.93545,1521,430
39.76963,-8.93807,372,81
39.77837,-8.9407,23,7
37.09725,-8.16982,630,80
37.10605,-8.17217,458,114
37.11485,-8.17451,36,11
37.12364,-8.17686,29,11
37.13244,-8.17921,12,3
37.14124,-8.18156,20,5
37.15004,-8.18391,36,13
37.16763,-8.18861,181,60
37.17643,-8.19097,340,118
37.18523,-8.19332,2,0
37.19403,-8.19567,6,1
37.20282,-8.19803,61,18
37.21162,-8.20039,16,5
37.22042,-8.20274,16,1
37.24681,-8.20982,45,18
37.2556,-8.21218,31,15
37.2644,-8.21454,30,17
37.27319,-8.2169,12,7
37.30837,-8.22636,4,2
37.31717,-8.22873,7,4
37.32596,-8.2311,5,0
37.33475,-8.23346,7,1
37.37872,-8.24532,2,2
37.38751,-8.24769,2,2
37.41389,-8.25482,14,7
37.43147,-8.25957,3,2
37.44906,-8.26433,7,7
37.48422,-8.27386,11,4
37.5018,-8.27863,8,3
37.51059,-8.28101,18,6
37.53696,-8.28817,3,1
37.54575,-8.29056,1,1
37.55454,-8.29295,2,2
37.56333,-8.29534,2,2
37.58091,-8.30013,5,2
37.61606,-8.30971,3,2
37.62484,-8.3121,2,1
37.65121,-8.3193,12,6
37.67757,-8.3265,2,2
37.68635,-8.32891,2,2
37.69514,-8.33131,2,1
37.70392,-8.33372,12,7
37.71271,-8.33612,272,109
37.72149,-8.33853,44,34
37.73028,-8.34094,4,3
37.79177,-8.35781,2,0
37.8269,-8.36748,15,9
37.9235,-8.39412,4,0
37.93228,-8.39655,496,133
37.94106,-8.39898,413,140
37.99374,-8.41357,6,0
38.00252,-8.416,959,310
38.0113,-8.41844,326,88
38.02008,-8.42088,3,0
38.02886,-8.42331,242,70
38.03764,-8.42575,56,34
38.04641,-8.42819,4,0
38.05519,-8.43063,1,0
38.11663,-8.44774,4,0
38.17806,-8.46489,8,5
38.18684,-8.46734,3,0
38.21316,-8.47471,51,21
38.22193,-8.47717,11,6
38.35352,-8.51413,21,4
38.36229,-8.51661,322,73
38.37106,-8.51908,760,222
38.37983,-8.52155,59,9
38.38861,-8.52403,45,6
38.39738,-8.5265,5,1
38.5815,-8.5787,8,3
38.64286,-8.59618,6,2
38.65163,-8.59869,43,18
38.66039,-8.60119,4,0
38.66916,-8.60369,29,5
38.67792,-8.6062,364,70
38.68668,-8.6087,563,84
38.69545,-8.61121,64,22
38.70421,-8.61372,28,8
38.71297,-8.61622,22,4
38.72174,-8.61873,2,0
38.74802,-8.62627,24,8
38.75679,-8.62878,92,30
38.76555,-8.6313,437,243
38.77431,-8.63381,2,0
38.78307,-8.63633,6,0
38.87944,-8.66406,33,8
38.89695,-8.66912,7,1
38.90571,-8.67165,104,31
38.91447,-8.67418,141,38
38.92323,-8.67671,52,11
38.97578,-8.69191,11,0
38.98453,-8.69445,225,70
39.00205,-8.69953,4,0
39.0108,-8.70207,11,3
39.01956,-8.70461,5,2
39.02832,-8.70715,134,44
39.03707,-8.70969,312,69
39.04583,-8.71224,598,136
39.05458,-8.71478,406,92
39.06334,-8.71733,159,35
39.07209,-8.71987,14,4
39.08085,-8.72242,21,4
39.11587,-8.73262,34,18
39.12462,-8.73517,3,2
39.13337,-8.73773,2,1
39.14213,-8.74028,3,1
39.16839,-8.74795,6,0
39.18589,-8.75307,85,22
39.19465,-8.75563,94,19
39.2034,-8.75819,47,7
39.21215,-8.76075,3,0
39.2209,-8.76331,4,0
39.22965,-8.76588,113,41
39.2384,-8.76844,10,0
39.24716,-8.77101,4,0
39.25591,-8.77358,64,22
39.26466,-8.77614,24,1
39.27341,-8.77871,103,30
39.28216,-8.78128,256,80
39.29091,-8.78385,39,6
39.29966,-8.78642,85,30
39.30841,-8.789,43,14
39.31716,-8.79157,98,28
39.32591,-8.79414,82,33
39.34341,-8.7993,205,91
39.35215,-8.80187,16,4
39.38715,-8.81219,99,36
39.3959,-8.81477,12,4
39.40464,-8.81736,12,2
39.41339,-8.81994,330,110
39.42214,-8.82253,81,17
39.43089,-8.82511,36,4
39.44838,-8.83029,154,36
39.45713,-8.83288,46,20
39.49211,-8.84324,16,3
39.50086,-8.84583,218,76
39.5096,-8.84843,26,4
39.51835,-8.85102,6,1
39.52709,-8.85362,4,1
39.53584,-8.85622,27,5
39.54458,-8.85882,8,1
39.57956,-8.86922,253,55
39.5883,-8.87182,189,42
39.59704,-8.87443,311,53
39.60579,-8.87703,231,107
39.61453,-8.87964,3,0
39.62327,-8.88225,253,63
39.63201,-8.88485,86,9
39.64076,-8.88746,152,45
39.6495,-8.89007,326,98
39.66698,-8.8953,196,53
39.67572,-8.89791,381,109
39.68447,-8.90052,345,109
39.69321,-8.90314,445,112
39.70195,-8.90576,645,181
39.71069,-8.90837,430,122
39.71943,-8.91099,36,9
39.72817,-8.91361,1175,287
39.73691,-8.91623,1543,332
39.74565,-8.91885,2909,633
39.75439,-8.92147,2568,503
39.76313,-8.9241,1185,231
39.77187,-8.92672,741,140
39.78061,-8.92934,596,139
39.78935,-8.93197,237,64
39.87673,-8.95828,72,9
37.09059,-8.15653,110,13
37.09939,-8.15887,9,1
37.10818,-8.16122,52,11
37.11698,-8.16356,89,15
37.12578,-8.16591,55,15
37.13458,-8.16825,155,51
37.14338,-8.1706,121,28
37.15218,-8.17295,35,10
37.16978,-8.17765,58,22
37.17857,-8.18,106,24
37.18737,-8.18236,3,0
37.19617,-8.18471,5,2
37.20497,-8.18706,10,2
37.21376,-8.18942,69,30
37.22256,-8.19178,18,0
37.23136,-8.19413,7,3
37.24015,-8.19649,49,25
37.24895,-8.19885,9,2
37.25774,-8.20121,32,12
37.26654,-8.20357,6,0
37.27534,-8.20593,2,2
37.29293,-8.21065,5,0
37.31931,-8.21775,14,2
37.36328,-8.22959,6,1
37.38087,-8.23433,4,4
37.41604,-8.24382,1,1
37.42483,-8.2462,3,1
37.44242,-8.25095,3,2
37.45121,-8.25333,4,4
37.48637,-8.26285,3,2
37.49516,-8.26524,6,4
37.50395,-8.26762,1,1
37.53911,-8.27716,6,5
37.5479,-8.27955,6,4
37.55669,-8.28194,2,1
37.57427,-8.28672,3,1
37.58306,-8.28911,1,0
37.61821,-8.29868,2,1
37.627,-8.30108,2,2
37.63579,-8.30347,6,3
37.65336,-8.30827,12,3
37.67094,-8.31307,2,2
37.67972,-8.31547,29,15
37.68851,-8.31787,3,0
37.70608,-8.32268,2,0
37.71487,-8.32508,4,2
37.77636,-8.34194,2,1
37.80272,-8.34917,8,5
37.8115,-8.35159,2,2
37.82907,-8.35642,2,0
37.93445,-8.38548,318,141
37.94323,-8.38791,391,143
37.98713,-8.40006,7,1
37.99591,-8.40249,37,6
38.00469,-8.40492,416,100
38.06614,-8.42198,94,27
38.07492,-8.42442,79,33
38.11881,-8.43664,2,2
38.2943,-8.48573,158,37
38.30307,-8.48819,10,6
38.35571,-8.503,36,17
38.36448,-8.50547,279,105
38.37325,-8.50794,1794,566
38.38202,-8.51041,506,93
38.39079,-8.51289,440,116
38.39956,-8.51536,310,84
38.42587,-8.52279,30,17
38.46972,-8.53518,2,0
38.50479,-8.54512,3,0
38.65382,-8.5875,54,23
38.66259,-8.59001,121,53
38.67135,-8.59251,97,35
38.68012,-8.59501,56,6
38.68888,-8.59752,14,3
38.69764,-8.60002,14,2
38.70641,-8.60253,3,0
38.7327,-8.61005,13,0
38.75022,-8.61507,17,9
38.75899,-8.61758,26,5
38.76775,-8.6201,229,61
38.77651,-8.62261,3,1
38.85536,-8.64527,3,0
38.89916,-8.6579,35,5
38.90792,-8.66043,91,35
38.91668,-8.66295,82,38
38.94295,-8.67055,9,2
38.97798,-8.68068,7,0
38.98674,-8.68322,102,28
38.9955,-8.68575,54,19
39.00426,-8.68829,65,15
39.01301,-8.69083,10,3
39.03053,-8.69591,190,49
39.03928,-8.69845,329,109
39.04804,-8.70099,947,259
39.05679,-8.70354,278,88
39.06555,-8.70608,267,73
39.07431,-8.70863,3,0
39.10057,-8.71627,531,168
39.10933,-8.71882,75,22
39.12683,-8.72392,6,1
39.14434,-8.72903,8,1
39.1531,-8.73158,3,0
39.16185,-8.73413,4,0
39.17936,-8.73925,8,2
39.18811,-8.7418,257,87
39.19686,-8.74436,421,133
39.20561,-8.74692,49,20
39.21437,-8.74948,316,86
39.22312,-8.75205,211,67
39.23187,-8.75461,38,8
39.24062,-8.75717,14,2
39.25813,-8.7623,73,26
39.26688,-8.76487,135,49
39.27563,-8.76743,75,36
39.28438,-8.77,133,55
39.29313,-8.77257,86,16
39.30188,-8.77514,50,11
39.31063,-8.77771,52,15
39.31938,-8.78029,81,23
39.32813,-8.78286,87,30
39.33688,-8.78543,6,2
39.34563,-8.78801,3,3
39.35438,-8.79058,73,30
39.36313,-8.79316,9,2
39.38937,-8.8009,205,69
39.39812,-8.80348,22,7
39.40687,-8.80606,3,3
39.41562,-8.80864,143,26
39.43311,-8.81381,8,5
39.44186,-8.8164,175,27
39.45061,-8.81898,86,19
39.51183,-8.83711,104,29
39.52058,-8.83971,150,36
39.52932,-8.8423,135,39
39.53807,-8.8449,4,0
39.54681,-8.8475,85,18
39.55556,-8.85009,9,3
39.58179,-8.85789,208,45
39.59053,-8.8605,281,66
39.59928,-8.8631,411,102
39.60802,-8.8657,142,33
39.61676,-8.86831,97,31
39.62551,-8.87091,160,45
39.63425,-8.87352,91,28
39.64299,-8.87613,341,56
39.66922,-8.88396,111,26
39.67796,-8.88657,167,48
39.6867,-8.88918,481,160
39.69544,-8.8918,669,139
39.70419,-8.89441,435,126
39.71293,-8.89703,4,2
39.73041,-8.90226,9,0
39.73915,-8.90488,828,133
39.74789,-8.9075,448,46
39.75663,-8.91012,686,204
39.76537,-8.91274,9,3
39.78285,-8.91799,3,0
39.79159,-8.92061,55,6
39.80033,-8.92324,307,79
39.8615,-8.94164,339,95
39.87023,-8.94428,358,84
39.87897,-8.94691,64,11
37.10152,-8.14792,12,6
37.11032,-8.15026,63,19
37.11912,-8.15261,65,23
37.12792,-8.15495,362,93
37.13672,-8.1573,590,193
37.14552,-8.15965,34,6
37.15432,-8.16199,23,2
37.17191,-8.16669,2,0
37.18071,-8.16904,25,7
37.20711,-8.1761,30,17
37.2159,-8.17845,10,0
37.2335,-8.18316,47,18
37.24229,-8.18552,47,23
37.25109,-8.18788,119,48
37.25989,-8.19024,32,13
37.26868,-8.19259,19,7
37.28627,-8.19731,1,1
37.29507,-8.19968,2,2
37.30387,-8.20204,4,2
37.32146,-8.20677,9,2
37.36543,-8.2186,12,7
37.37422,-8.22097,3,2
37.4006,-8.22808,6,3
37.4094,-8.23045,19,6
37.41819,-8.23283,5,4
37.44457,-8.23995,3,3
37.47094,-8.24709,1,1
37.47973,-8.24947,3,2
37.48852,-8.25185,2,1
37.55006,-8.26853,7,4
37.56764,-8.27331,2,0
37.57643,-8.2757,20,7
37.58521,-8.27809,2,2
37.62037,-8.28766,3,0
37.62916,-8.29005,2,2
37.63795,-8.29245,2,0
37.66431,-8.29964,2,2
37.6731,-8.30204,2,0
37.68188,-8.30444,2,1
37.79609,-8.33571,2,0
37.90149,-8.36471,1,0
37.9454,-8.37683,102,46
37.96296,-8.38169,4,0
37.98052,-8.38654,3,0
37.99808,-8.39141,2,0
38.0332,-8.40114,2,2
38.05076,-8.40601,41,22
38.06831,-8.41089,6,4
38.07709,-8.41333,7,2
38.10343,-8.42065,5,2
38.19997,-8.44757,8,2
38.20874,-8.45003,3,1
38.29648,-8.4746,56,20
38.30526,-8.47707,20,8
38.36666,-8.49433,101,35
38.37543,-8.4968,1288,368
38.3842,-8.49927,28,10
38.39297,-8.50174,6,0
38.59466,-8.55885,6,0
38.65602,-8.57632,81,20
38.66478,-8.57882,88,19
38.67355,-8.58132,135,49
38.68231,-8.58383,212,55
38.69108,-8.58633,28,5
38.72613,-8.59635,1,0
38.75242,-8.60388,4,1
38.77871,-8.61141,6,1
38.83128,-8.6265,5,2
38.90136,-8.64668,139,70
38.91012,-8.64921,138,53
38.91888,-8.65173,152,46
38.92764,-8.65426,4,0
38.9364,-8.65679,9,1
38.98019,-8.66945,1,0
38.98895,-8.67198,2,1
38.99771,-8.67452,11,3
39.00646,-8.67706,4,0
39.03274,-8.68467,6,2
39.04149,-8.68721,378,105
39.05025,-8.68975,452,140
39.059,-8.69229,266,73
39.10278,-8.70502,502,157
39.11154,-8.70757,4,0
39.12029,-8.71012,27,7
39.15531,-8.72032,12,0
39.16406,-8.72287,2,0
39.19032,-8.73054,1393,409
39.19908,-8.7331,139,42
39.20783,-8.73566,22,7
39.21658,-8.73822,116,48
39.22534,-8.74078,26,3
39.23409,-8.74334,28,9
39.24284,-8.7459,7,2
39.26034,-8.75103,92,24
39.26909,-8.75359,115,28
39.27785,-8.75616,42,14
39.2866,-8.75872,74,8
39.29535,-8.76129,42,10
39.3041,-8.76386,67,20
39.31285,-8.76643,23,7
39.3216,-8.769,143,43
39.33035,-8.77157,14,3
39.3391,-8.77415,167,41
39.34785,-8.77672,4,0
39.3566,-8.77929,130,50
39.36535,-8.78187,44,11
39.40034,-8.79218,24,8
39.40909,-8.79476,20,2
39.41784,-8.79734,30,8
39.42659,-8.79992,100,31
39.43534,-8.80251,7,0
39.44408,-8.80509,7,0
39.46158,-8.81026,5,1
39.5228,-8.82839,4,3
39.53155,-8.83099,9,4
39.54029,-8.83358,68,24
39.54904,-8.83618,49,1
39.55778,-8.83877,85,22
39.59276,-8.84917,141,35
39.60151,-8.85177,127,38
39.61025,-8.85437,27,4
39.61899,-8.85698,196,52
39.62774,-8.85958,63,9
39.63648,-8.86219,180,30
39.64522,-8.86479,769,132
39.65397,-8.8674,85,11
39.66271,-8.87001,1,1
39.67145,-8.87262,331,110
39.6802,-8.87523,257,51
39.68894,-8.87784,458,143
39.69768,-8.88045,123,14
39.70642,-8.88307,330,90
39.71516,-8.88568,11,3
39.74139,-8.89353,350,119
39.75013,-8.89615,312,99
39.75887,-8.89877,594,159
39.76761,-8.90139,117,19
39.80257,-8.91188,272,71
39.81131,-8.9145,403,102
39.86374,-8.93027,874,270
39.87248,-8.9329,1699,462
39.88121,-8.93554,253,56
39.91616,-8.94608,120,23
37.08606,-8.13229,32,13
37.09486,-8.13463,28,1
37.10366,-8.13697,241,50
37.11246,-8.13931,75,16
37.12126,-8.14166,404,107
37.13006,-8.144,442,71
37.13886,-8.14634,79,27
37.14766,-8.14869,138,45
37.15645,-8.15104,179,53
37.16525,-8.15338,25,5
37.20045,-8.16278,4,1
37.20924,-8.16513,53,29
37.23564,-8.17219,377,149
37.24443,-8.17455,6,3
37.25323,-8.1769,33,11
37.26203,-8.17926,2,0
37.27082,-8.18162,1,1
37.27962,-8.18398,12,4
37.28842,-8.18634,4,1
37.30601,-8.19106,3,0
37.40275,-8.21709,3,3
37.41154,-8.21946,12,7
37.43792,-8.22658,1,1
37.45551,-8.23133,4,3
37.53463,-8.25275,2,2
37.56979,-8.26229,6,2
37.61373,-8.27424,2,1
37.62252,-8.27663,12,4
37.63131,-8.27902,8,4
37.6401,-8.28142,9,4
37.7104,-8.3006,4,3
37.74554,-8.31021,3,0
37.78069,-8.31984,2,0
37.78947,-8.32225,1,0
37.86853,-8.34397,2,1
37.93,-8.36091,11,2
37.95635,-8.36818,9,5
37.99147,-8.37789,3,0
38.00025,-8.38032,180,87
38.05293,-8.39492,2,2
38.21092,-8.43891,75,27
38.21969,-8.44137,12,5
38.28111,-8.45856,1,0
38.28989,-8.46102,2,1
38.36007,-8.48073,99,27
38.51794,-8.52529,17,0
38.58808,-8.54518,1,0
38.64944,-8.56264,2,0
38.67574,-8.57014,85,12
38.7108,-8.58015,4,0
38.77214,-8.5977,17,4
38.80719,-8.60775,1,1
38.83348,-8.61529,24,11
38.87728,-8.62789,4,0
38.88604,-8.63041,2,0
38.8948,-8.63294,7,1
38.90357,-8.63546,103,40
38.91232,-8.63798,94,32
38.92108,-8.64051,17,6
39.0437,-8.67597,69,8
39.05246,-8.67851,277,76
39.06121,-8.68105,89,22
39.19254,-8.71928,254,24
39.20129,-8.72183,12,3
39.21004,-8.72439,24,3
39.2188,-8.72695,10,3
39.22755,-8.72951,28,3
39.2363,-8.73207,61,13
39.24506,-8.73463,160,23
39.25381,-8.73719,86,32
39.26256,-8.73975,161,44
39.27131,-8.74231,165,43
39.28006,-8.74488,68,25
39.28881,-8.74744,192,47
39.29757,-8.75001,10,3
39.30632,-8.75258,8,1
39.32382,-8.75772,79,31
39.33257,-8.76029,33,5
39.34132,-8.76286,29,11
39.35007,-8.76543,12,5
39.35882,-8.768,173,49
39.36757,-8.77058,12,1
39.37632,-8.77315,13,3
39.40257,-8.78088,11,8
39.41131,-8.78346,54,13
39.42881,-8.78862,100,34
39.43756,-8.7912,9,2
39.44631,-8.79379,46,11
39.45506,-8.79637,4,0
39.4638,-8.79895,15,5
39.54252,-8.82226,2,2
39.55127,-8.82485,10,2
39.56001,-8.82745,159,32
39.56876,-8.83005,8,0
39.5775,-8.83264,44,16
39.59499,-8.83784,81,16
39.60374,-8.84044,356,74
39.61248,-8.84304,5,3
39.62123,-8.84564,268,59
39.62997,-8.84825,616,136
39.63871,-8.85085,108,31
39.64746,-8.85346,14,4
39.6562,-8.85606,425,68
39.66494,-8.85867,302,84
39.67369,-8.86128,308,72
39.68243,-8.86389,392,69
39.69117,-8.8665,2,0
39.69991,-8.86911,106,36
39.70865,-8.87172,383,117
39.7174,-8.87433,133,14
39.74362,-8.88218,79,28
39.75236,-8.88479,61,8
39.7611,-8.88741,15,3
39.76984,-8.89003,335,84
39.77858,-8.89265,217,47
39.79606,-8.89789,53,5
39.8048,-8.90051,44,10
39.81354,-8.90314,171,37
39.83976,-8.91101,110,18
39.8485,-8.91364,365,100
39.85724,-8.91627,36,32
39.86598,-8.9189,170,45
39.87472,-8.92153,511,146
39.88346,-8.92416,63,14
39.89219,-8.92679,6,0
37.08819,-8.12134,573,134
37.09699,-8.12368,328,59
37.10579,-8.12602,852,145
37.11459,-8.12836,276,70
37.12339,-8.1307,218,57
37.13219,-8.13304,115,30
37.14099,-8.13539,86,14
37.14979,-8.13773,102,31
37.15859,-8.14008,125,53
37.16739,-8.14242,14,0
37.20258,-8.15182,5,2
37.22898,-8.15887,25,14
37.24657,-8.16358,62,15
37.25537,-8.16593,9,7
37.29056,-8.17536,28,13
37.31695,-8.18244,14,9
37.36972,-8.19662,7,6
37.41369,-8.20846,1,1
37.44007,-8.21558,7,4
37.44886,-8.21795,1,1
37.45765,-8.22033,2,2
37.47524,-8.22508,2,0
37.49282,-8.22983,3,1
37.5192,-8.23697,3,2
37.52799,-8.23935,8,2
37.53678,-8.24173,2,2
37.54557,-8.24412,4,2
37.55436,-8.2465,1,0
37.59831,-8.25843,11,2
37.6071,-8.26082,16,8
37.61589,-8.26321,2,0
37.65104,-8.27278,6,0
37.66862,-8.27757,3,3
37.71256,-8.28956,2,1
37.73013,-8.29436,2,2
37.75649,-8.30157,198,80
37.76527,-8.30398,160,51
37.80041,-8.31361,4,2
37.94973,-8.35468,4,0
37.99364,-8.36681,1,1
38.21309,-8.4278,28,13
38.22187,-8.43025,10,2
38.36225,-8.46959,2,1
38.3798,-8.47452,8,4
38.57273,-8.52903,2,0
38.75681,-8.58148,10,2
38.76558,-8.58399,14,5
38.77434,-8.5865,88,26
38.7831,-8.58901,5,3
38.79187,-8.59152,3,0
38.83568,-8.60409,8,0
38.90577,-8.62424,62,16
38.91453,-8.62676,24,11
38.93205,-8.63181,4,0
38.94957,-8.63687,2,0
39.01963,-8.65712,8,1
39.02839,-8.65965,160,44
39.03715,-8.66219,9,3
39.05466,-8.66727,32,6
39.06342,-8.66981,2,2
39.14222,-8.6927,508,174
39.2035,-8.71057,26,13
39.22101,-8.71568,1,0
39.22976,-8.71824,20,4
39.23852,-8.72079,180,64
39.24727,-8.72335,447,50
39.25602,-8.72591,220,53
39.26477,-8.72847,116,37
39.27353,-8.73104,82,23
39.28228,-8.7336,31,11
39.29103,-8.73616,116,33
39.29978,-8.73873,149,49
39.30853,-8.74129,96,20
39.31728,-8.74386,10,0
39.32604,-8.74643,49,16
39.33479,-8.749,71,27
39.34354,-8.75157,55,13
39.35229,-8.75414,29,11
39.36104,-8.75671,341,117
39.36979,-8.75928,9,2
39.38729,-8.76443,25,4
39.39604,-8.76701,41,20
39.40479,-8.76958,63,21
39.41354,-8.77216,107,40
39.42228,-8.77474,197,53
39.43103,-8.77732,11,5
39.43978,-8.7799,9,1
39.44853,-8.78248,74,24
39.45728,-8.78506,27,6
39.49227,-8.7954,33,16
39.50102,-8.79799,2,1
39.50976,-8.80058,2,2
39.51851,-8.80317,4,3
39.52726,-8.80576,26,13
39.536,-8.80835,14,5
39.54475,-8.81094,58,14
39.55349,-8.81353,49,20
39.56224,-8.81613,45,7
39.57973,-8.82132,74,15
39.58848,-8.82391,369,84
39.59722,-8.82651,666,115
39.60597,-8.82911,308,56
39.61471,-8.83171,33,2
39.62345,-8.83431,343,88
39.6322,-8.83691,223,59
39.64094,-8.83952,123,29
39.64969,-8.84212,341,54
39.65843,-8.84472,8,2
39.66717,-8.84733,62,11
39.67592,-8.84994,132,40
39.68466,-8.85254,3,1
39.70215,-8.85776,102,25
39.71089,-8.86037,286,80
39.71963,-8.86298,214,55
39.72837,-8.8656,148,45
39.73711,-8.86821,9,1
39.74586,-8.87082,49,6
39.7546,-8.87344,8,0
39.76334,-8.87605,6,0
39.77208,-8.87867,85,14
39.78082,-8.88129,101,33
39.78956,-8.88391,10,0
39.7983,-8.88653,643,175
39.80704,-8.88915,308,97
39.842,-8.89965,190,48
39.85074,-8.90227,229,68
39.85948,-8.9049,204,63
39.86822,-8.90753,206,53
39.87696,-8.91016,208,82
39.8857,-8.91279,7,1
39.89443,-8.91542,3,0
39.90317,-8.91805,3,0
39.91191,-8.92068,3,0
37.08152,-8.10805,656,132
37.09032,-8.11039,507,119
37.09912,-8.11273,163,53
37.10792,-8.11507,203,57
37.11672,-8.11741,263,75
37.12553,-8.11975,184,33
37.13433,-8.12209,36,10
37.15193,-8.12677,45,17
37.16073,-8.12912,177,55
37.16952,-8.13146,26,7
37.21352,-8.1432,10,7
37.23112,-8.1479,31,12
37.25751,-8.15496,15,7
37.26631,-8.15731,71,21
37.2839,-8.16202,5,2
37.2927,-8.16438,40,15
37.31029,-8.1691,17,7
37.31909,-8.17146,13,6
37.41583,-8.19747,11,6
37.451,-8.20695,1,1
37.46859,-8.2117,12,4
37.47738,-8.21407,4,0
37.50376,-8.2212,5,1
37.53893,-8.23072,2,2
37.55651,-8.23548,9,3
37.59167,-8.24502,4,3
37.60046,-8.24741,103,26
37.60925,-8.2498,232,70
37.61804,-8.25219,12,6
37.63562,-8.25697,3,2
37.71471,-8.27852,6,0
37.73228,-8.28332,2,2
37.76743,-8.29293,1,0
37.82893,-8.30978,8,0
37.90798,-8.33151,9,0
38.10994,-8.38736,2,0
38.20649,-8.41423,25,10
38.21526,-8.41668,14,6
38.39075,-8.46585,13,1
38.50477,-8.498,2,0
38.52231,-8.50296,11,9
38.53108,-8.50544,6,3
38.67136,-8.54527,2,2
38.68889,-8.55027,8,1
38.76777,-8.57279,5,4
38.77653,-8.5753,56,12
38.80282,-8.58283,1,0
38.82911,-8.59036,7,5
38.83787,-8.59287,56,17
38.84664,-8.59539,47,13
38.8554,-8.59791,81,17
38.86416,-8.60042,46,17
38.87292,-8.60294,4,0
38.95177,-8.62564,2,1
39.00432,-8.64081,7,0
39.02184,-8.64588,36,10
39.0306,-8.64841,256,87
39.03935,-8.65095,353,115
39.04811,-8.65349,103,28
39.07438,-8.6611,36,3
39.08314,-8.66364,64,25
39.0919,-8.66618,44,10
39.12692,-8.67635,2,2
39.13568,-8.6789,1058,330
39.14443,-8.68145,425,97
39.20572,-8.6993,32,13
39.21447,-8.70185,29,6
39.22322,-8.70441,28,13
39.23198,-8.70696,199,17
39.24073,-8.70952,699,166
39.24948,-8.71208,54,15
39.25824,-8.71464,11,2
39.26699,-8.7172,4,2
39.27574,-8.71976,15,2
39.28449,-8.72232,2,2
39.29325,-8.72488,57,53
39.302,-8.72745,113,26
39.31075,-8.73001,179,69
39.3195,-8.73258,164,43
39.32825,-8.73514,66,14
39.34575,-8.74028,124,50
39.35451,-8.74285,69,17
39.36326,-8.74542,168,40
39.37201,-8.74799,198,91
39.442,-8.7686,122,28
39.4595,-8.77376,35,12
39.46825,-8.77634,55,20
39.48574,-8.7815,15,3
39.49449,-8.78409,11,3
39.50324,-8.78668,7,2
39.51199,-8.78926,33,7
39.52073,-8.79185,53,11
39.52948,-8.79444,75,17
39.53823,-8.79703,28,11
39.54697,-8.79962,24,11
39.58196,-8.80999,31,13
39.5907,-8.81259,112,37
39.59945,-8.81518,2105,453
39.60819,-8.81778,141,46
39.61694,-8.82038,63,15
39.62568,-8.82298,193,68
39.63443,-8.82558,98,29
39.64317,-8.82818,454,108
39.65192,-8.83078,522,88
39.66066,-8.83338,691,113
39.6694,-8.83599,459,100
39.67815,-8.83859,191,54
39.68689,-8.8412,72,20
39.69563,-8.84381,384,96
39.70438,-8.84642,184,48
39.71312,-8.84902,240,72
39.72186,-8.85163,753,166
39.7306,-8.85425,58,17
39.73935,-8.85686,106,36
39.74809,-8.85947,148,13
39.75683,-8.86208,135,37
39.77431,-8.86731,37,0
39.78305,-8.86993,245,36
39.7918,-8.87255,223,29
39.80054,-8.87517,283,102
39.80928,-8.87779,269,71
39.81802,-8.88041,61,6
39.82676,-8.88303,78,16
39.8355,-8.88565,104,9
39.84424,-8.88828,301,79
39.85298,-8.8909,482,126
39.86172,-8.89353,405,119
39.87046,-8.89615,21,4
39.88793,-8.90141,3,0
37.07485,-8.09477,3367,558
37.08365,-8.0971,64,17
37.09245,-8.09944,200,70
37.10125,-8.10178,193,36
37.11006,-8.10411,268,57
37.11886,-8.10645,188,55
37.12766,-8.10879,31,4
37.14526,-8.11347,17,3
37.15406,-8.11582,32,3
37.16286,-8.11816,61,22
37.19806,-8.12754,3,0
37.20686,-8.12988,52,30
37.21565,-8.13223,16,12
37.23325,-8.13693,42,24
37.25965,-8.14398,18,7
37.26844,-8.14634,5,3
37.28604,-8.15105,90,42
37.35641,-8.16991,28,15
37.3652,-8.17228,2,1
37.374,-8.17464,5,4
37.39159,-8.17937,2,0
37.40038,-8.18173,5,3
37.40918,-8.1841,5,2
37.41797,-8.18647,4,4
37.47074,-8.20069,14,4
37.50591,-8.21019,1,1
37.52349,-8.21495,3,2
37.53228,-8.21733,1,0
37.54986,-8.22209,1,0
37.55866,-8.22447,3,0
37.58503,-8.23162,5,0
37.60261,-8.23639,2,1
37.6114,-8.23877,5,3
37.62898,-8.24355,4,0
37.64656,-8.24833,4,1
37.65535,-8.25072,15,6
37.66413,-8.25311,15,2
37.67292,-8.2555,1,0
37.80473,-8.2915,21,14
37.81351,-8.2939,19,10
37.91014,-8.32044,5,0
37.97162,-8.33737,2,0
37.9804,-8.3398,4,0
38.07699,-8.36651,2,2
38.18233,-8.39578,3,0
38.20866,-8.40312,111,34
38.28764,-8.42518,9,2
38.4017,-8.45717,7,1
38.43679,-8.46705,2,1
38.52449,-8.4918,177,104
38.53326,-8.49428,150,59
38.62971,-8.52162,3,2
38.70861,-8.54408,4,0
38.74367,-8.55408,2,1
38.76996,-8.56159,21,10
38.79625,-8.56911,3,2
38.81378,-8.57413,1,1
38.82254,-8.57664,21,8
38.83131,-8.57915,63,18
38.84007,-8.58166,135,47
38.84883,-8.58418,42,17
38.85759,-8.58669,20,6
38.86636,-8.58921,3,0
38.87512,-8.59172,71,24
38.88388,-8.59424,25,10
38.92769,-8.60684,4,1
38.96273,-8.61694,6,1
39.0328,-8.63717,101,19
39.04156,-8.63971,1081,384
39.05032,-8.64224,509,153
39.05907,-8.64478,2,2
39.07659,-8.64985,134,34
39.08535,-8.65239,237,62
39.0941,-8.65493,154,51
39.12037,-8.66255,94,38
39.12913,-8.6651,30,8
39.13788,-8.66764,2,0
39.1554,-8.67273,63,20
39.16415,-8.67528,15,3
39.19042,-8.68293,99,34
39.19917,-8.68548,13,2
39.20793,-8.68803,12,2
39.21668,-8.69058,6,2
39.22543,-8.69314,2841,710
39.23419,-8.69569,5206,979
39.24294,-8.69825,1753,336
39.25169,-8.7008,774,158
39.26045,-8.70336,522,124
39.2692,-8.70592,43,10
39.29546,-8.7136,13,2
39.30421,-8.71616,114,25
39.31296,-8.71873,27,2
39.32172,-8.72129,30,9
39.33047,-8.72386,31,13
39.33922,-8.72642,20,2
39.34797,-8.72899,25,17
39.35672,-8.73156,4,0
39.36547,-8.73413,18,5
39.37422,-8.7367,11,4
39.41797,-8.74956,31,12
39.42672,-8.75214,20,7
39.43547,-8.75471,36,16
39.44422,-8.75729,182,30
39.45297,-8.75987,68,20
39.46172,-8.76245,3,0
39.47047,-8.76503,82,23
39.47922,-8.76761,18,4
39.48796,-8.77019,17,9
39.49671,-8.77278,5,1
39.50546,-8.77536,48,12
39.51421,-8.77795,14,8
39.52296,-8.78053,41,11
39.54045,-8.78571,5,4
39.56669,-8.79348,65,18
39.57544,-8.79607,65,19
39.59293,-8.80126,29,1
39.60167,-8.80385,170,38
39.61042,-8.80645,105,13
39.61916,-8.80905,194,42
39.62791,-8.81164,151,42
39.63665,-8.81424,219,40
39.6454,-8.81684,517,109
39.65414,-8.81944,999,160
39.66289,-8.82204,762,133
39.67163,-8.82465,238,64
39.68038,-8.82725,251,73
39.68912,-8.82986,24,7
39.69786,-8.83246,240,66
39.70661,-8.83507,171,42
39.71535,-8.83768,519,74
39.72409,-8.84028,349,78
39.73284,-8.84289,698,124
39.74158,-8.8455,166,20
39.75032,-8.84812,640,173
39.75906,-8.85073,412,67
39.77655,-8.85596,157,16
39.78529,-8.85857,226,73
39.79403,-8.86119,363,81
39.80277,-8.86381,551,172
39.81151,-8.86642,63,47
39.82025,-8.86904,21,1
39.82899,-8.87166,332,67
39.83773,-8.87429,345,74
39.84647,-8.87691,366,80
39.85521,-8.87953,409,132
39.86395,-8.88216,149,43
39.88143,-8.88741,2,0
39.89017,-8.89003,85,31
39.89891,-8.89266,137,50
39.90765,-8.89529,30,21
37.06818,-8.08149,311,81
37.07698,-8.08382,810,133
37.08578,-8.08616,228,66
37.09458,-8.08849,34,11
37.10338,-8.09083,66,16
37.11219,-8.09316,418,101
37.12099,-8.0955,345,77
37.12979,-8.09784,10,0
37.15619,-8.10486,185,62
37.16499,-8.1072,6,1
37.17379,-8.10954,3,3
37.20899,-8.11892,45,15
37.22659,-8.12361,5,2
37.23539,-8.12596,394,148
37.24418,-8.12831,7,0
37.25298,-8.13066,3,0
37.26178,-8.13301,4,1
37.27058,-8.13536,2,0
37.27938,-8.13771,4,2
37.28817,-8.14007,46,20
37.31457,-8.14713,20,9
37.34975,-8.15657,2,2
37.35855,-8.15893,60,43
37.39373,-8.16838,8,3
37.40253,-8.17074,10,5
37.41132,-8.17311,2,1
37.4465,-8.18258,5,3
37.45529,-8.18494,2,2
37.49926,-8.19681,2,2
37.53443,-8.20631,3,0
37.5608,-8.21345,12,5
37.57838,-8.21821,2,2
37.58718,-8.22059,1,0
37.59597,-8.22298,11,0
37.60476,-8.22536,29,10
37.63992,-8.23491,1,1
37.64871,-8.2373,132,12
37.6575,-8.23969,68,7
37.66628,-8.24208,3,0
37.85081,-8.29248,1,0
37.94743,-8.31903,1,0
38.00891,-8.33599,2,0
38.10549,-8.36272,83,27
38.11427,-8.36516,46,22
38.13183,-8.37003,2,0
38.28104,-8.4116,17,1
38.3951,-8.44356,3,0
38.40388,-8.44603,4,1
38.48282,-8.46826,2,2
38.54421,-8.4856,3,0
38.64067,-8.51293,7,3
38.6582,-8.51792,28,6
38.67573,-8.5229,23,6
38.6845,-8.5254,24,5
38.70203,-8.53039,1,0
38.7108,-8.53288,1,0
38.7371,-8.54038,7,6
38.74586,-8.54288,4,0
38.80721,-8.56041,4,0
38.81598,-8.56292,18,7
38.82474,-8.56543,103,39
38.8335,-8.56794,145,34
38.84226,-8.57045,33,10
38.87731,-8.58051,2,0
38.92988,-8.59561,6,1
38.94741,-8.60066,8,1
38.95617,-8.60318,17,4
38.96493,-8.60571,373,94
38.97369,-8.60823,104,41
38.98245,-8.61076,149,43
38.99121,-8.61328,34,8
38.99997,-8.61581,5,3
39.035,-8.62593,3,0
39.05252,-8.631,110,40
39.06128,-8.63353,15,3
39.07003,-8.63607,67,10
39.07879,-8.6386,109,31
39.08755,-8.64114,63,20
39.11382,-8.64876,32,11
39.12258,-8.6513,224,78
39.13133,-8.65384,12,5
39.14009,-8.65638,2,0
39.14885,-8.65893,18,3
39.1576,-8.66147,9,3
39.16636,-8.66402,62,10
39.21889,-8.67931,26,8
39.22764,-8.68187,3200,986
39.2364,-8.68442,3884,1093
39.24515,-8.68697,3364,641
39.25391,-8.68953,2681,408
39.26266,-8.69208,1122,228
39.27141,-8.69464,539,79
39.28017,-8.6972,314,74
39.28892,-8.69976,6,1
39.29767,-8.70232,221,52
39.30642,-8.70488,44,4
39.31518,-8.70744,22,1
39.32393,-8.71,35,18
39.33268,-8.71257,39,8
39.34143,-8.71513,40,18
39.35018,-8.7177,88,29
39.35894,-8.72026,9,3
39.36769,-8.72283,95,33
39.37644,-8.7254,31,9
39.41144,-8.73568,16,7
39.42019,-8.73826,393,161
39.43769,-8.74341,36,3
39.44644,-8.74598,63,13
39.47269,-8.75372,84,18
39.48144,-8.7563,11,6
39.49893,-8.76146,3,0
39.51643,-8.76663,73,32
39.54267,-8.77439,43,8
39.55142,-8.77697,23,6
39.56891,-8.78215,87,37
39.57766,-8.78474,60,37
39.6039,-8.79252,2,0
39.63013,-8.80031,87,12
39.63888,-8.80291,316,108
39.64763,-8.8055,110,10
39.65637,-8.8081,275,65
39.66511,-8.8107,504,125
39.67386,-8.81331,184,19
39.6826,-8.81591,489,101
39.69135,-8.81851,622,160
39.70009,-8.82112,64,18
39.70883,-8.82372,251,83
39.71758,-8.82633,91,29
39.72632,-8.82893,350,41
39.73506,-8.83154,784,131
39.74381,-8.83415,416,29
39.75255,-8.83676,406,123
39.76129,-8.83937,110,37
39.77878,-8.8446,118,34
39.78752,-8.84721,713,210
39.79626,-8.84983,96,16
39.805,-8.85244,39,14
39.82248,-8.85768,5,1
39.83123,-8.8603,13,3
39.83997,-8.86292,25,4
39.84871,-8.86554,1087,304
39.85745,-8.86816,49,9
39.86619,-8.87078,3,0
39.87493,-8.87341,54,4
39.88367,-8.87603,20,3
39.89241,-8.87866,137,38
39.90115,-8.88128,332,109
39.90989,-8.88391,18,7
39.91862,-8.88654,49,21
39.92736,-8.88917,123,43
37.0615,-8.06821,24,12
37.0703,-8.07054,83,14
37.07911,-8.07287,136,27
37.08791,-8.07521,116,35
37.09671,-8.07754,20,4
37.10551,-8.07987,167,50
37.11432,-8.08221,165,41
37.12312,-8.08454,31,10
37.14072,-8.08922,10,1
37.14952,-8.09156,16,7
37.15832,-8.0939,224,78
37.16712,-8.09624,53,21
37.17592,-8.09858,69,25
37.20232,-8.10561,11,2
37.21112,-8.10795,26,9
37.22872,-8.11264,8,2
37.23752,-8.11499,20,7
37.24632,-8.11734,61,30
37.26392,-8.12204,7,1
37.28151,-8.12674,77,29
37.29031,-8.12909,6,1
37.30791,-8.1338,13,7
37.3167,-8.13615,8,7
37.3343,-8.14086,1,1
37.34309,-8.14322,1,1
37.36948,-8.1503,2,2
37.38707,-8.15502,11,9
37.39587,-8.15738,2,0
37.44864,-8.17157,5,3
37.45743,-8.17394,5,3
37.47502,-8.17868,3,2
37.48381,-8.18105,3,2
37.5014,-8.1858,4,0
37.51019,-8.18817,2,0
37.58053,-8.20719,3,2
37.59811,-8.21195,3,3
37.6069,-8.21434,11,3
37.61569,-8.21672,13,5
37.63327,-8.22149,5,0
37.64206,-8.22388,6,2
37.65085,-8.22626,1305,387
37.65964,-8.22865,101,18
37.8354,-8.2766,4,0
37.84418,-8.27901,1,0
37.94959,-8.30796,3,0
37.95838,-8.31038,1,0
38.01107,-8.3249,5,0
38.10766,-8.35162,61,23
38.11644,-8.35405,95,35
38.27444,-8.39802,30,4
38.28321,-8.40047,11,0
38.38851,-8.42996,80,20
38.39728,-8.43242,112,43
38.40605,-8.43488,9,0
38.51131,-8.46452,3,0
38.59901,-8.48932,1,0
38.64285,-8.50175,48,18
38.65162,-8.50424,197,94
38.66039,-8.50673,63,27
38.67792,-8.51171,96,24
38.68669,-8.51421,116,39
38.81817,-8.55171,22,6
38.82693,-8.55422,63,17
38.83569,-8.55673,36,5
38.92332,-8.58187,48,24
38.95836,-8.59195,191,53
38.96712,-8.59447,228,76
38.97588,-8.597,78,27
38.98464,-8.59952,99,24
38.9934,-8.60205,5,3
39.06348,-8.62229,25,7
39.07224,-8.62482,39,5
39.11602,-8.6375,93,35
39.12478,-8.64004,60,15
39.13354,-8.64258,62,24
39.14229,-8.64513,4,0
39.20359,-8.66294,1,0
39.2211,-8.66804,2,1
39.22985,-8.67059,109,30
39.23861,-8.67315,675,184
39.24736,-8.6757,65,12
39.25611,-8.67825,573,95
39.26487,-8.68081,173,20
39.29988,-8.69104,4,0
39.30864,-8.69359,76,13
39.31739,-8.69616,18,1
39.32614,-8.69872,18,7
39.33489,-8.70128,63,27
39.34365,-8.70384,91,27
39.3524,-8.70641,150,61
39.36115,-8.70897,7,0
39.3699,-8.71154,65,21
39.37865,-8.71411,167,58
39.3874,-8.71667,3,1
39.39615,-8.71924,8,0
39.41366,-8.72438,28,12
39.43991,-8.7321,1201,399
39.44866,-8.73468,193,27
39.4749,-8.74241,11,5
39.4924,-8.74757,6,2
39.50115,-8.75015,2,2
39.5099,-8.75273,9,2
39.51865,-8.75531,47,14
39.54489,-8.76306,119,35
39.55364,-8.76565,190,58
39.58863,-8.77601,10,2
39.59737,-8.7786,45,7
39.60612,-8.78119,214,44
39.61487,-8.78378,514,195
39.62361,-8.78638,239,53
39.6411,-8.79157,91,21
39.64985,-8.79417,116,16
39.65859,-8.79676,100,22
39.66734,-8.79936,82,5
39.67608,-8.80196,239,88
39.68483,-8.80456,176,42
39.69357,-8.80717,230,54
39.70232,-8.80977,109,25
39.71106,-8.81237,26,2
39.71981,-8.81498,288,60
39.72855,-8.81758,166,26
39.73729,-8.82019,1322,82
39.74604,-8.8228,613,108
39.75478,-8.82541,4107,633
39.76352,-8.82802,1797,243
39.77226,-8.83063,902,171
39.78101,-8.83324,54,13
39.78975,-8.83585,50,17
39.79849,-8.83846,150,48
39.80723,-8.84108,24,1
39.81598,-8.84369,43,5
39.82472,-8.84631,196,47
39.83346,-8.84893,525,76
39.8422,-8.85155,69,9
39.85094,-8.85417,193,44
39.85968,-8.85679,17,0
39.86842,-8.85941,179,57
39.87716,-8.86203,275,74
39.8859,-8.86466,125,20
39.90338,-8.8699,2,0
39.91212,-8.87253,53,10
39.92086,-8.87516,125,47
39.9296,-8.87779,10,3
37.05482,-8.05494,47,20
37.06363,-8.05726,37,4
37.07243,-8.05959,128,33
37.08123,-8.06192,56,9
37.09004,-8.06426,139,25
37.09884,-8.06659,628,129
37.10764,-8.06892,124,39
37.11644,-8.07125,6,3
37.14285,-8.07826,15,4
37.15165,-8.0806,94,29
37.16045,-8.08294,131,50
37.16925,-8.08528,9,2
37.17805,-8.08762,135,52
37.18685,-8.08996,33,10
37.20445,-8.09464,2,1
37.21325,-8.09698,51,17
37.24845,-8.10636,13,8
37.27485,-8.11341,16,5
37.28365,-8.11576,4,1
37.38042,-8.14166,3,3
37.39801,-8.14639,4,2
37.4156,-8.15111,2,2
37.43319,-8.15584,5,2
37.44198,-8.1582,6,4
37.48595,-8.17004,2,2
37.51234,-8.17716,202,84
37.60026,-8.20093,6,5
37.60905,-8.20331,10,4
37.63542,-8.21046,4,0
37.64421,-8.21285,9,0
37.653,-8.21523,165,40
37.66179,-8.21762,73,12
37.67058,-8.22001,1,0
37.7321,-8.23675,2,2
37.77604,-8.24873,12,6
37.90783,-8.28481,4,1
38.04836,-8.32352,7,0
38.27661,-8.3869,3,2
38.28538,-8.38935,4,0
38.39945,-8.42128,5,4
38.49595,-8.44841,2,0
38.50472,-8.45089,2,0
38.59242,-8.47566,2,1
38.63627,-8.48808,4,0
38.64504,-8.49057,4,0
38.6538,-8.49306,189,9
38.66257,-8.49555,157,69
38.68011,-8.50053,18,7
38.68887,-8.50302,84,25
38.73271,-8.51549,7,1
38.82036,-8.54051,1,0
38.82912,-8.54301,17,7
38.89923,-8.5631,2,0
38.92551,-8.57065,9,0
38.94304,-8.57568,2,0
38.96056,-8.58072,179,49
38.96932,-8.58324,82,33
39.10947,-8.62371,2,1
39.11823,-8.62625,8,3
39.12698,-8.62879,4,1
39.13574,-8.63133,23,9
39.15326,-8.63641,4,3
39.2233,-8.65677,1,1
39.23206,-8.65932,314,74
39.24081,-8.66187,3,2
39.25832,-8.66698,8,5
39.26708,-8.66953,3,0
39.27583,-8.67208,8,0
39.29334,-8.67719,2,0
39.30209,-8.67975,272,107
39.31085,-8.68231,416,101
39.3196,-8.68487,371,89
39.32835,-8.68743,27,6
39.3371,-8.68999,14,6
39.34586,-8.69255,62,31
39.35461,-8.69511,34,8
39.36336,-8.69768,78,27
39.38962,-8.70538,70,22
39.39837,-8.70794,458,161
39.40712,-8.71051,89,26
39.41587,-8.71308,78,29
39.44212,-8.7208,130,42
39.45087,-8.72337,25,0
39.45962,-8.72594,12,3
39.48587,-8.73367,7,0
39.49462,-8.73625,2,1
39.50337,-8.73883,23,4
39.51212,-8.74141,58,16
39.52087,-8.74399,25,6
39.55586,-8.75433,41,13
39.57335,-8.7595,5,3
39.60834,-8.76986,105,24
39.61709,-8.77245,171,41
39.64333,-8.78023,44,15
39.65207,-8.78283,65,20
39.66082,-8.78542,175,36
39.66956,-8.78802,121,35
39.67831,-8.79062,160,63
39.68705,-8.79322,138,19
39.6958,-8.79582,419,127
39.70454,-8.79842,281,86
39.71329,-8.80102,1003,117
39.72203,-8.80363,2036,261
39.73078,-8.80623,3351,601
39.73952,-8.80884,4780,1197
39.74826,-8.81144,2807,431
39.75701,-8.81405,2838,470
39.76575,-8.81666,1195,274
39.77449,-8.81927,1127,304
39.78324,-8.82188,254,66
39.79198,-8.82449,342,92
39.80072,-8.8271,580,194
39.80946,-8.82971,14,1
39.81821,-8.83233,305,79
39.82695,-8.83494,198,39
39.83569,-8.83756,247,41
39.84443,-8.84018,160,43
39.85317,-8.8428,269,73
39.86191,-8.84541,283,90
39.87065,-8.84803,492,156
39.87939,-8.85066,43,15
39.88813,-8.85328,128,26
39.89687,-8.8559,68,15
39.90561,-8.85853,29,5
39.93183,-8.8664,177,51
39.94057,-8.86903,171,61
37.04814,-8.04166,43,16
37.05695,-8.04399,40,14
37.06575,-8.04632,50,21
37.07456,-8.04865,181,43
37.08336,-8.05097,368,101
37.09216,-8.0533,231,63
37.10096,-8.05564,342,93
37.10977,-8.05797,249,79
37.12737,-8.06263,5,0
37.13617,-8.06497,16,8
37.14498,-8.0673,101,26
37.15378,-8.06964,105,36
37.16258,-8.07198,51,13
37.18018,-8.07665,4,1
37.18898,-8.07899,21,10
37.21538,-8.08601,14,5
37.22418,-8.08836,21,15
37.24178,-8.09304,94,30
37.25058,-8.09539,22,10
37.26818,-8.10008,12,5
37.27698,-8.10243,102,33
37.28578,-8.10478,10,3
37.40894,-8.13775,2,0
37.42653,-8.14248,2,2
37.44412,-8.1472,2,0
37.47051,-8.1543,2,2
37.48809,-8.15904,1,0
37.56723,-8.18039,2,1
37.57603,-8.18277,1,0
37.62878,-8.19705,1,1
37.66394,-8.20659,10,3
37.6991,-8.21614,5,0
37.74304,-8.2281,42,18
37.77819,-8.23768,48,12
37.83092,-8.25208,70,15
37.96269,-8.28822,2,0
37.99783,-8.29789,2,1
38.03295,-8.30758,2,2
38.08564,-8.32213,2,0
38.27,-8.37332,2,1
38.38408,-8.40521,3,0
38.41918,-8.41506,4,1
38.59461,-8.46449,211,114
38.60337,-8.46697,68,35
38.64722,-8.47939,2,0
38.65599,-8.48187,15,4
38.66476,-8.48436,338,113
38.67352,-8.48685,162,40
38.68229,-8.48934,298,79
38.69106,-8.49183,12,3
38.77872,-8.51678,5,1
38.80502,-8.52429,11,3
38.83131,-8.5318,2,1
38.84008,-8.53431,13,3
38.87513,-8.54434,5,0
38.91895,-8.5569,2,0
38.92771,-8.55942,5,1
38.95399,-8.56697,8,7
38.97152,-8.57201,7,2
39.17297,-8.63023,4,0
39.19924,-8.63786,78,14
39.208,-8.64041,148,41
39.26928,-8.65825,4,0
39.27804,-8.6608,4,1
39.28679,-8.66336,56,8
39.29555,-8.66591,98,28
39.3043,-8.66847,249,78
39.31305,-8.67102,41,9
39.32181,-8.67358,36,10
39.33056,-8.67614,6,0
39.33931,-8.6787,32,9
39.34807,-8.68126,18,3
39.35682,-8.68382,15,0
39.36557,-8.68638,68,19
39.37432,-8.68895,25,5
39.38308,-8.69151,39,6
39.40058,-8.69664,37,16
39.40933,-8.69921,1,0
39.41808,-8.70178,21,7
39.42683,-8.70435,1,0
39.46184,-8.71464,435,127
39.50559,-8.72752,87,26
39.51433,-8.73009,325,94
39.52308,-8.73267,67,20
39.53183,-8.73525,1,1
39.54933,-8.74042,10,2
39.55808,-8.743,4,0
39.57557,-8.74817,32,13
39.58432,-8.75076,3,1
39.59307,-8.75335,33,11
39.6368,-8.7663,207,73
39.64555,-8.76889,266,128
39.6543,-8.77149,147,48
39.66304,-8.77408,171,57
39.67179,-8.77668,45,14
39.68053,-8.77927,442,118
39.68928,-8.78187,162,42
39.69802,-8.78447,526,153
39.70677,-8.78707,210,54
39.71551,-8.78967,268,51
39.72426,-8.79228,80,33
39.733,-8.79488,3738,452
39.74175,-8.79748,3120,646
39.75049,-8.80009,2760,442
39.75923,-8.80269,4376,801
39.76798,-8.8053,625,203
39.77672,-8.80791,9,0
39.78546,-8.81052,415,136
39.79421,-8.81313,291,40
39.80295,-8.81574,54,1
39.81169,-8.81835,7,0
39.82043,-8.82096,241,49
39.83792,-8.82619,32,6
39.84666,-8.82881,234,87
39.8554,-8.83142,352,83
39.86414,-8.83404,177,63
39.87288,-8.83666,64,13
39.88163,-8.83928,243,63
39.89037,-8.8419,334,81
39.89911,-8.84452,66,18
39.90785,-8.84714,44,10
39.91659,-8.84977,123,39
39.92533,-8.85239,177,40
39.93407,-8.85502,93,35
39.94281,-8.85764,111,18
37.04146,-8.02839,42,16
37.05027,-8.03072,33,14
37.05907,-8.03304,8,7
37.06788,-8.03537,22,9
37.07668,-8.0377,431,88
37.08548,-8.04002,1072,214
37.09429,-8.04235,423,98
37.10309,-8.04468,439,86
37.11189,-8.04701,175,42
37.12069,-8.04934,49,16
37.1295,-8.05168,12,3
37.1383,-8.05401,18,7
37.1471,-8.05634,109,33
37.1559,-8.05868,30,14
37.16471,-8.06101,10,2
37.21751,-8.07505,91,32
37.23511,-8.07973,4,2
37.24391,-8.08207,61,20
37.25271,-8.08442,12,4
37.26151,-8.08676,32,14
37.27031,-8.08911,98,39
37.27911,-8.09145,2,2
37.29671,-8.09615,11,3
37.30551,-8.0985,32,19
37.3231,-8.1032,3,2
37.3495,-8.11026,1,0
37.36709,-8.11497,2,0
37.39348,-8.12204,4,1
37.49023,-8.14803,270,104
37.51662,-8.15513,22,12
37.52541,-8.1575,55,16
37.5342,-8.15988,4,1
37.543,-8.16225,19,12
37.56938,-8.16937,497,160
37.61334,-8.18126,5,4
37.63092,-8.18602,12,0
37.63971,-8.1884,2,1
37.67487,-8.19794,4,1
37.68366,-8.20032,5,0
37.74519,-8.21705,19,7
37.75398,-8.21944,59,30
37.78034,-8.22663,23,12
37.79792,-8.23142,1,1
37.83307,-8.24102,672,248
37.95606,-8.27473,3,0
37.97363,-8.27956,2,0
38.03511,-8.29649,5,1
38.24583,-8.35486,11,7
38.25461,-8.35731,1,1
38.42135,-8.40391,2,0
38.59678,-8.45331,93,45
38.60555,-8.45579,71,26
38.66694,-8.47318,979,246
38.67571,-8.47566,1603,553
38.68447,-8.47815,386,113
38.80721,-8.51308,2,0
38.84227,-8.5231,2,2
38.85979,-8.52811,2,1
38.88608,-8.53563,141,54
38.89485,-8.53814,8,3
38.94742,-8.55322,2,1
38.95619,-8.55574,3,2
39.10511,-8.59867,11,0
39.14014,-8.60881,5,0
39.1489,-8.61135,1,1
39.17517,-8.61896,4,0
39.18393,-8.62151,72,2
39.19269,-8.62405,12,3
39.20144,-8.62659,2547,592
39.2102,-8.62914,3957,708
39.21896,-8.63168,41,7
39.25398,-8.64187,2,0
39.28024,-8.64952,11,0
39.289,-8.65207,298,112
39.29775,-8.65463,469,172
39.30651,-8.65718,148,42
39.33277,-8.66485,72,21
39.34152,-8.66741,39,16
39.35028,-8.66997,95,27
39.35903,-8.67253,89,26
39.36778,-8.67509,81,24
39.37653,-8.67765,180,43
39.38529,-8.68022,2,2
39.39404,-8.68278,7,1
39.40279,-8.68534,105,34
39.41154,-8.68791,16,4
39.42029,-8.69048,117,36
39.42905,-8.69304,127,47
39.4553,-8.70075,8,3
39.46405,-8.70333,92,27
39.4728,-8.7059,33,17
39.48155,-8.70847,3,0
39.5078,-8.7162,57,16
39.51655,-8.71878,75,23
39.5428,-8.72651,289,95
39.55155,-8.7291,2,0
39.56029,-8.73168,33,16
39.56904,-8.73426,26,8
39.58654,-8.73943,28,6
39.59529,-8.74202,60,26
39.63902,-8.75496,21,5
39.64777,-8.75755,37,8
39.65652,-8.76015,153,68
39.66526,-8.76274,115,26
39.67401,-8.76533,89,24
39.68275,-8.76793,141,43
39.6915,-8.77053,97,33
39.70025,-8.77312,178,27
39.70899,-8.77572,319,88
39.71774,-8.77832,316,92
39.72648,-8.78092,613,119
39.73523,-8.78353,1546,220
39.74397,-8.78613,582,104
39.75271,-8.78873,1621,163
39.76146,-8.79134,2430,301
39.7702,-8.79394,317,51
39.77895,-8.79655,334,91
39.78769,-8.79916,498,115
39.79643,-8.80176,55,11
39.82266,-8.8096,139,27
39.8314,-8.81221,202,40
39.84015,-8.81482,110,28
39.84889,-8.81744,213,58
39.86637,-8.82267,29,8
39.87511,-8.82528,180,50
39.88386,-8.8279,242,43
39.8926,-8.83052,376,93
39.90134,-8.83314,303,88
39.91008,-8.83576,23,4
39.91882,-8.83839,5,2
39.92756,-8.84101,38,10
39.9363,-8.84363,33,3
39.98874,-8.8594,2,2
40.00621,-8.86466,10,1
40.01495,-8.86729,13,8
40.02369,-8.86993,3,0
40.05864,-8.88047,32,9
37.03478,-8.01513,12,4
37.04358,-8.01745,28,6
37.05239,-8.01977,12,4
37.06119,-8.0221,62,17
37.07,-8.02442,79,20
37.0788,-8.02675,321,55
37.08761,-8.02907,3302,474
37.09641,-8.0314,291,78
37.10521,-8.03373,251,69
37.11402,-8.03606,90,22
37.12282,-8.03839,60,10
37.13162,-8.04072,96,40
37.14042,-8.04305,31,5
37.14923,-8.04538,55,8
37.15803,-8.04772,93,31
37.19324,-8.05706,13,2
37.21964,-8.06408,34,10
37.22844,-8.06642,19,6
37.23724,-8.06876,48,22
37.24604,-8.0711,59,27
37.25484,-8.07344,1,1
37.27244,-8.07813,45,19
37.30764,-8.08752,6,1
37.35163,-8.09927,40,17
37.41321,-8.11576,5,1
37.42201,-8.11811,3,1
37.45719,-8.12756,2,1
37.47478,-8.13229,3,1
37.52755,-8.14649,3,2
37.55393,-8.1536,5,0
37.56272,-8.15598,6,5
37.57152,-8.15835,1,1
37.70339,-8.19406,1,0
37.74734,-8.206,2,2
37.75613,-8.20839,9,2
37.83522,-8.22996,2,2
37.95822,-8.26365,3,0
37.97579,-8.26847,2,0
38.03727,-8.2854,413,167
38.16899,-8.3218,2,2
38.21289,-8.33398,7,2
38.42352,-8.39276,16,5
38.43229,-8.39522,2,0
38.44107,-8.39768,9,5
38.44984,-8.40014,5,1
38.48493,-8.41,1,0
38.60773,-8.44462,2,2
38.66035,-8.45951,2,0
38.66912,-8.46199,4,4
38.67789,-8.46448,2706,859
38.68666,-8.46696,151,53
38.79186,-8.49688,6,2
38.84445,-8.51188,37,9
38.88827,-8.52441,3,0
38.94962,-8.54199,38,10
38.95838,-8.54451,139,10
38.96714,-8.54703,13,4
39.00219,-8.5571,4,1
39.01095,-8.55962,3,0
39.05475,-8.57224,4,4
39.11607,-8.58995,3,0
39.16862,-8.60516,77,11
39.17737,-8.6077,76,30
39.18613,-8.61024,26,9
39.19489,-8.61278,69,13
39.20364,-8.61532,1419,511
39.2124,-8.61786,3328,809
39.22116,-8.62041,5,1
39.28245,-8.63824,5,0
39.30871,-8.6459,5,3
39.32622,-8.65101,24,5
39.33498,-8.65356,57,20
39.34373,-8.65612,31,8
39.35248,-8.65868,23,4
39.36124,-8.66124,19,6
39.36999,-8.66379,24,6
39.37874,-8.66636,279,64
39.38749,-8.66892,30,10
39.39625,-8.67148,9,2
39.405,-8.67404,30,6
39.41375,-8.67661,53,15
39.4225,-8.67917,214,53
39.43126,-8.68174,151,46
39.44001,-8.68431,73,19
39.44876,-8.68688,41,10
39.45751,-8.68944,15,10
39.46626,-8.69202,9,2
39.49251,-8.69973,87,33
39.53626,-8.71261,657,211
39.54501,-8.71519,1850,484
39.55376,-8.71777,13,5
39.57126,-8.72293,49,18
39.58876,-8.7281,23,20
39.5975,-8.73068,132,41
39.62375,-8.73844,105,48
39.63249,-8.74103,27,3
39.64124,-8.74362,32,9
39.69372,-8.75918,16,4
39.70247,-8.76178,120,19
39.71121,-8.76437,37,6
39.7287,-8.76957,166,20
39.73745,-8.77217,957,186
39.74619,-8.77477,712,138
39.75494,-8.77737,866,185
39.76368,-8.77998,194,27
39.77243,-8.78258,40,20
39.78117,-8.78519,304,91
39.78991,-8.78779,392,98
39.79866,-8.7904,85,6
39.82489,-8.79823,17,1
39.83363,-8.80084,418,95
39.84237,-8.80345,4,1
39.85112,-8.80606,184,42
39.85986,-8.80868,38,13
39.8686,-8.81129,53,8
39.87734,-8.81391,35,2
39.88608,-8.81652,16,9
39.90357,-8.82176,294,66
39.91231,-8.82438,38,6
39.99971,-8.85063,26,2
40.00845,-8.85326,171,34
40.01719,-8.8559,112,28
40.0434,-8.8638,62,18
40.05214,-8.86643,58,11
37.02809,-8.00186,6,1
37.0457,-8.0065,16,9
37.05451,-8.00883,20,6
37.07212,-8.01347,16,6
37.08092,-8.0158,193,61
37.08973,-8.01812,367,85
37.09853,-8.02045,508,140
37.10733,-8.02278,309,70
37.11614,-8.0251,215,55
37.12494,-8.02743,29,14
37.13374,-8.02976,585,125
37.14255,-8.03209,1399,240
37.15135,-8.03442,65,22
37.16015,-8.03676,57,21
37.16896,-8.03909,16,6
37.19536,-8.04609,158,53
37.21296,-8.05077,12,4
37.22177,-8.05311,2,0
37.23057,-8.05544,13,3
37.23937,-8.05778,66,22
37.24817,-8.06012,60,20
37.25697,-8.06247,2,2
37.26577,-8.06481,26,9
37.31857,-8.07888,11,7
37.35376,-8.08828,6,5
37.36256,-8.09063,1,1
37.38015,-8.09534,7,3
37.38895,-8.09769,11,5
37.39775,-8.10004,4,2
37.41534,-8.10476,3,2
37.42414,-8.10712,3,2
37.45053,-8.11419,5,3
37.45932,-8.11655,6,5
37.47692,-8.12128,1,1
37.53848,-8.13784,5,2
37.55607,-8.14258,107,48
37.56486,-8.14495,2,2
37.61762,-8.1592,5,1
37.66158,-8.1711,79,29
37.67037,-8.17348,67,21
37.74948,-8.19495,4,3
37.81979,-8.2141,4,0
37.99551,-8.26222,80,23
38.03943,-8.27431,4,0
38.21505,-8.32286,175,92
38.25016,-8.33262,3,2
38.44324,-8.38653,73,32
38.45201,-8.38899,47,31
38.5222,-8.40871,2,2
38.53097,-8.41118,1,1
38.60114,-8.43096,1,0
38.6713,-8.4508,843,262
38.68007,-8.45329,1464,287
38.82911,-8.49567,4,0
38.8554,-8.50317,2,2
38.8817,-8.51069,55,25
38.93428,-8.52574,6,1
38.95181,-8.53076,187,56
38.96057,-8.53328,1405,354
38.96933,-8.53579,358,153
38.97809,-8.53831,180,47
38.98686,-8.54083,40,3
39.05695,-8.56099,3,2
39.10075,-8.57363,28,11
39.1095,-8.57616,365,124
39.13578,-8.58376,1,0
39.16206,-8.59136,31,10
39.17082,-8.5939,404,110
39.17957,-8.59643,801,199
39.18833,-8.59897,423,102
39.19709,-8.60151,57,18
39.20585,-8.60405,28,10
39.2146,-8.60659,122,24
39.22336,-8.60914,40,11
39.23212,-8.61168,1,0
39.28465,-8.62696,11,2
39.29341,-8.62951,5,0
39.30216,-8.63206,225,88
39.31092,-8.63461,127,72
39.31967,-8.63716,2,0
39.32843,-8.63972,15,4
39.33718,-8.64227,124,56
39.34593,-8.64483,97,36
39.35469,-8.64738,7,3
39.36344,-8.64994,45,10
39.38095,-8.65506,297,87
39.3897,-8.65762,471,221
39.39846,-8.66018,3,0
39.40721,-8.66274,4,0
39.42471,-8.66787,296,93
39.43347,-8.67043,56,16
39.44222,-8.673,27,3
39.45097,-8.67557,123,39
39.45972,-8.67813,259,143
39.46847,-8.6807,703,202
39.47722,-8.68327,37,14
39.49473,-8.68842,58,31
39.51223,-8.69356,604,191
39.52098,-8.69614,1,1
39.52973,-8.69871,15,3
39.53848,-8.70129,550,126
39.54723,-8.70387,59,12
39.56472,-8.70902,38,11
39.57347,-8.71161,24,12
39.58222,-8.71419,16,5
39.59972,-8.71935,80,12
39.60847,-8.72194,254,60
39.61722,-8.72452,42,7
39.62596,-8.72711,179,48
39.63471,-8.7297,110,31
39.64346,-8.73228,46,10
39.65221,-8.73487,134,29
39.69594,-8.74783,112,35
39.70469,-8.75043,171,55
39.72218,-8.75562,36,10
39.73092,-8.75822,478,109
39.73967,-8.76082,3,0
39.74841,-8.76342,327,52
39.75716,-8.76602,176,36
39.7659,-8.76862,262,61
39.77465,-8.77122,80,23
39.78339,-8.77383,291,60
39.79214,-8.77643,101,30
39.80088,-8.77904,266,58
39.80963,-8.78164,63,11
39.81837,-8.78425,20,5
39.82711,-8.78686,38,1
39.83586,-8.78947,81,13
39.8446,-8.79208,183,53
39.85334,-8.79469,66,13
39.86208,-8.7973,117,37
39.87083,-8.79992,54,12
39.87957,-8.80253,173,32
39.88831,-8.80515,18,7
39.89705,-8.80776,20,0
39.90579,-8.81038,99,5
39.91454,-8.813,26,8
39.92328,-8.81562,2,2
39.94076,-8.82086,3,0
40.00194,-8.83924,66,12
40.01068,-8.84187,136,45
40.01942,-8.8445,4,1
40.0369,-8.84976,38,4
40.04564,-8.85239,270,85
40.08933,-8.86557,52,15
40.18543,-8.89466,317,87
37.04782,-7.99556,29,2
37.05663,-7.99788,9,2
37.06543,-8.0002,12,0
37.07424,-8.00252,65,11
37.08304,-8.00485,318,70
37.09185,-8.00717,111,33
37.10065,-8.0095,55,9
37.10945,-8.01182,182,32
37.11826,-8.01415,873,165
37.12706,-8.01648,471,83
37.13587,-8.0188,7134,1711
37.14467,-8.02113,1766,370
37.15347,-8.02346,102,33
37.16228,-8.02579,72,24
37.17108,-8.02813,5,1
37.17988,-8.03046,5,1
37.18868,-8.03279,46,21
37.19748,-8.03513,342,155
37.22389,-8.04213,18,2
37.23269,-8.04447,125,71
37.24149,-8.04681,434,138
37.25029,-8.04915,50,12
37.26789,-8.05383,24,10
37.3031,-8.0632,2,2
37.33829,-8.07259,4,1
37.38228,-8.08434,6,1
37.39988,-8.08905,1,1
37.43507,-8.09847,4,3
37.44387,-8.10083,5,2
37.53182,-8.12446,2,2
37.72526,-8.17674,2,2
37.74284,-8.18152,1,1
37.75163,-8.18391,122,42
37.76042,-8.1863,174,86
37.89224,-8.22224,1,1
37.90981,-8.22705,8,0
37.94495,-8.23667,13,0
37.99766,-8.25114,4,1
38.00645,-8.25355,31,15
38.14697,-8.29229,1,0
38.35765,-8.35083,1,1
38.39276,-8.36064,2,0
38.577,-8.41236,2,2
38.62086,-8.42474,9,0
38.65594,-8.43465,8,0
38.67348,-8.43962,8,2
38.68225,-8.4421,295,100
38.69101,-8.44458,20,5
38.81376,-8.47946,6,0
38.82253,-8.48195,1,1
38.88388,-8.49947,58,20
38.89265,-8.50197,4,0
38.91018,-8.50698,1,0
38.954,-8.51953,17,8
38.96276,-8.52205,1780,495
38.97152,-8.52456,749,230
38.98028,-8.52707,351,101
38.98905,-8.52959,129,33
39.04162,-8.5447,5,0
39.05914,-8.54975,8,1
39.0679,-8.55227,2,1
39.07666,-8.5548,85,29
39.08542,-8.55732,73,17
39.10294,-8.56238,20,11
39.1117,-8.56491,5,4
39.16425,-8.5801,121,45
39.17301,-8.58263,736,187
39.18177,-8.58517,1116,309
39.19053,-8.5877,139,42
39.19929,-8.59024,37,12
39.20804,-8.59278,22,8
39.2168,-8.59532,403,89
39.22556,-8.59786,37,11
39.23432,-8.6004,30,7
39.30436,-8.62077,69,14
39.31312,-8.62332,393,114
39.32187,-8.62587,142,50
39.33063,-8.62843,96,35
39.33938,-8.63098,118,43
39.34814,-8.63353,44,14
39.35689,-8.63609,18,4
39.36565,-8.63865,10,5
39.39191,-8.64632,7,3
39.40066,-8.64888,32,8
39.40941,-8.65144,182,58
39.41817,-8.654,6,0
39.43567,-8.65913,192,65
39.44443,-8.66169,3,1
39.45318,-8.66426,779,161
39.46193,-8.66682,1840,392
39.47068,-8.66939,72,3
39.47943,-8.67196,32,5
39.48818,-8.67453,4,0
39.49694,-8.6771,27,10
39.50569,-8.67967,8,4
39.51444,-8.68224,740,166
39.52319,-8.68482,733,268
39.53194,-8.68739,126,23
39.54069,-8.68997,2,1
39.55819,-8.69512,65,20
39.56694,-8.6977,82,22
39.57569,-8.70028,90,30
39.58444,-8.70286,49,14
39.59319,-8.70544,104,33
39.60193,-8.70802,106,40
39.61068,-8.7106,191,48
39.61943,-8.71319,262,43
39.62818,-8.71577,210,34
39.63693,-8.71836,267,66
39.64568,-8.72094,122,24
39.65442,-8.72353,96,21
39.66317,-8.72612,102,21
39.68941,-8.73389,21,2
39.69816,-8.73648,559,213
39.70691,-8.73908,104,23
39.71565,-8.74167,152,36
39.7244,-8.74427,173,34
39.73314,-8.74686,249,59
39.74189,-8.74946,33,11
39.75063,-8.75206,193,35
39.75938,-8.75466,156,27
39.76813,-8.75726,222,57
39.77687,-8.75986,353,97
39.79436,-8.76507,46,8
39.8031,-8.76767,235,72
39.81185,-8.77028,285,71
39.82059,-8.77288,20,4
39.82934,-8.77549,11,5
39.83808,-8.7781,31,4
39.84682,-8.78071,64,26
39.85557,-8.78332,186,73
39.86431,-8.78593,100,37
39.87305,-8.78854,180,41
39.88179,-8.79115,1,1
39.89054,-8.79377,34,6
39.89928,-8.79638,155,20
39.90802,-8.799,26,5
39.91676,-8.80162,3,0
39.94299,-8.80947,4,0
39.97795,-8.81996,2,0
39.99543,-8.82521,18,6
40.00417,-8.82784,297,73
40.01291,-8.83047,80,6
40.03039,-8.83573,27,9
40.03913,-8.83836,223,83
40.04787,-8.84099,208,43
40.05661,-8.84362,4,2
40.17893,-8.88058,216,56
40.18766,-8.88323,5,2
40.20514,-8.88853,64,19
37.02352,-7.97766,252,67
37.03233,-7.97998,41,8
37.06755,-7.98925,3,0
37.07636,-7.99157,372,80
37.08516,-7.9939,523,115
37.09397,-7.99622,111,24
37.10277,-7.99854,170,33
37.11157,-8.00087,126,25
37.12038,-8.00319,14,5
37.12918,-8.00552,1786,130
37.13799,-8.00785,2559,432
37.14679,-8.01017,227,88
37.15559,-8.0125,126,33
37.1644,-8.01483,58,20
37.182,-8.01949,12,5
37.19081,-8.02183,64,23
37.19961,-8.02416,72,17
37.20841,-8.02649,111,34
37.21721,-8.02883,38,10
37.22601,-8.03116,17,3
37.23482,-8.0335,38,14
37.24362,-8.03584,127,51
37.25242,-8.03817,35,13
37.27882,-8.04519,5,5
37.28762,-8.04753,1,0
37.33162,-8.05925,2,1
37.35802,-8.0663,4,3
37.39321,-8.0757,5,2
37.40201,-8.07805,9,5
37.4284,-8.08511,3,2
37.4372,-8.08747,2,2
37.446,-8.08983,13,6
37.45479,-8.09218,5,1
37.46359,-8.09454,1,0
37.47239,-8.0969,2,2
37.54275,-8.11581,1,0
37.58672,-8.12765,4,0
37.64827,-8.14427,61,26
37.74498,-8.17047,2,0
37.85045,-8.19917,3,0
37.86802,-8.20397,3,1
37.8856,-8.20877,3,0
37.89438,-8.21117,645,199
37.92953,-8.22078,2,0
37.99981,-8.24005,9,1
38.114,-8.27148,3,2
38.64934,-8.42099,5,0
38.68442,-8.43091,14,4
38.69319,-8.43339,2,2
38.82471,-8.47074,18,11
38.83348,-8.47324,56,27
38.84224,-8.47574,2,2
38.89483,-8.49075,18,7
38.9036,-8.49325,334,110
38.91236,-8.49576,157,66
38.94742,-8.50579,74,72
38.96495,-8.51081,62,28
38.97371,-8.51333,91,21
38.98247,-8.51584,348,109
38.99124,-8.51835,17,10
39.06133,-8.5385,7,3
39.07009,-8.54102,2,2
39.07885,-8.54355,22,9
39.08761,-8.54607,71,19
39.11389,-8.55365,2,0
39.16645,-8.56883,225,68
39.17521,-8.57137,376,100
39.18397,-8.5739,316,96
39.19273,-8.57644,240,50
39.20148,-8.57897,25,8
39.21024,-8.58151,13,7
39.23651,-8.58913,2,2
39.24527,-8.59167,4,0
39.25403,-8.59421,187,91
39.32408,-8.61459,51,17
39.33283,-8.61714,9,1
39.34159,-8.61969,1,1
39.35034,-8.62224,113,33
39.3591,-8.62479,159,68
39.36785,-8.62735,35,8
39.37661,-8.6299,2,0
39.39411,-8.63502,28,3
39.40287,-8.63758,52,24
39.41162,-8.64014,31,13
39.42913,-8.64526,21,8
39.44663,-8.65038,231,69
39.45538,-8.65295,131,28
39.46414,-8.65551,378,67
39.47289,-8.65808,12,1
39.48164,-8.66065,9,3
39.49039,-8.66321,377,135
39.49914,-8.66578,296,73
39.5254,-8.6735,93,31
39.53415,-8.67607,344,112
39.5779,-8.68895,13,2
39.5954,-8.69411,45,14
39.60415,-8.69669,32,10
39.6129,-8.69927,142,47
39.62165,-8.70185,97,18
39.63914,-8.70702,5,0
39.65664,-8.71219,119,24
39.66539,-8.71478,415,118
39.67413,-8.71737,7,0
39.69163,-8.72254,77,14
39.70038,-8.72514,250,65
39.70912,-8.72773,30,7
39.71787,-8.73032,66,12
39.72662,-8.73292,254,69
39.73536,-8.73551,58,9
39.74411,-8.73811,195,63
39.75285,-8.7407,283,67
39.7616,-8.7433,445,158
39.77035,-8.7459,64,6
39.77909,-8.7485,527,120
39.78784,-8.7511,275,72
39.79658,-8.7537,276,78
39.80533,-8.75631,174,38
39.81407,-8.75891,36,1
39.82281,-8.76151,20,0
39.83156,-8.76412,110,29
39.8403,-8.76673,14,0
39.84905,-8.76933,92,41
39.85779,-8.77194,116,26
39.86653,-8.77455,78,16
39.87528,-8.77716,120,27
39.88402,-8.77978,69,17
39.89276,-8.78239,441,113
39.9015,-8.785,223,55
39.91025,-8.78762,244,59
39.91899,-8.79023,164,60
39.92773,-8.79285,20,6
39.93647,-8.79547,68,15
39.94521,-8.79808,226,56
39.95396,-8.8007,18,9
39.97144,-8.80595,83,21
39.98018,-8.80857,209,61
39.98892,-8.81119,45,39
39.99766,-8.81382,154,42
40.0064,-8.81644,118,29
40.01514,-8.81907,284,64
40.02388,-8.8217,278,82
40.03262,-8.82432,527,111
40.04136,-8.82695,181,46
40.0501,-8.82958,29,6
40.08505,-8.84011,345,119
40.09379,-8.84275,102,37
40.11127,-8.84802,31,6
40.12001,-8.85066,35,13
40.12874,-8.8533,1373,303
40.13748,-8.85594,204,99
40.14622,-8.85858,1247,406
40.15495,-8.86122,4104,1274
40.16369,-8.86387,3662,936
40.17243,-8.86651,312,85
40.18116,-8.86916,34,11
40.1899,-8.8718,153,42
37.01683,-7.9644,19,6
37.02564,-7.96672,2593,445
37.03444,-7.96903,518,78
37.04325,-7.97135,1091,175
37.05206,-7.97367,10,0
37.06086,-7.97598,34,10
37.06967,-7.9783,107,36
37.07847,-7.98062,455,104
37.08728,-7.98294,240,45
37.09608,-7.98527,96,11
37.10489,-7.98759,93,37
37.11369,-7.98991,1,0
37.1225,-7.99224,40,9
37.1313,-7.99456,207,35
37.14011,-7.99689,360,65
37.14891,-7.99921,85,31
37.15771,-8.00154,40,12
37.16652,-8.00387,92,26
37.20173,-8.01319,1,1
37.22814,-8.02019,66,24
37.23694,-8.02253,51,12
37.24574,-8.02486,36,6
37.27214,-8.03187,8,3
37.33375,-8.04827,8,4
37.41294,-8.06941,57,28
37.42173,-8.07176,9,4
37.46572,-8.08354,4,0
37.53609,-8.10242,2,0
37.64162,-8.13086,5,2
37.89653,-8.2001,1,0
37.93168,-8.20971,3,1
37.94046,-8.21211,264,77
38.02832,-8.2362,153,62
38.0371,-8.23861,158,42
38.0898,-8.25312,2,1
38.17762,-8.27736,1,0
38.24787,-8.29681,10,0
38.48484,-8.3629,15,0
38.49362,-8.36536,3,0
38.54626,-8.38014,9,3
38.66029,-8.41228,42,11
38.72168,-8.42965,5,1
38.74798,-8.43711,14,0
38.81812,-8.45704,11,3
38.82689,-8.45953,19,7
38.83566,-8.46203,47,20
38.90578,-8.48203,22,6
38.91455,-8.48453,13,8
38.94084,-8.49205,3,0
38.94961,-8.49456,45,22
38.95837,-8.49707,108,52
38.98466,-8.5046,123,39
38.99342,-8.50712,152,55
39.00219,-8.50963,24,3
39.08104,-8.53229,3,2
39.14237,-8.54998,2,2
39.15989,-8.55504,5,4
39.16864,-8.55757,95,40
39.1774,-8.5601,18,5
39.18616,-8.56263,168,49
39.19492,-8.56517,206,57
39.24747,-8.58039,740,193
39.25623,-8.58293,1921,545
39.26498,-8.58548,268,81
39.35254,-8.61095,1,0
39.3613,-8.6135,74,30
39.37005,-8.61605,23,7
39.37881,-8.61861,23,12
39.38756,-8.62116,64,12
39.39632,-8.62372,27,6
39.40507,-8.62628,19,5
39.41382,-8.62883,10,5
39.42258,-8.63139,12,5
39.43133,-8.63395,41,8
39.44008,-8.63651,19,2
39.44884,-8.63907,64,20
39.45759,-8.64164,90,19
39.46634,-8.6442,41,13
39.4751,-8.64677,408,135
39.48385,-8.64933,9,2
39.4926,-8.6519,59,13
39.50135,-8.65447,20,7
39.53636,-8.66475,30,4
39.58011,-8.67762,283,75
39.58886,-8.68019,13,6
39.63261,-8.6931,177,87
39.64136,-8.69568,46,4
39.6501,-8.69826,2,1
39.65885,-8.70085,137,30
39.6676,-8.70343,151,53
39.67635,-8.70602,21,3
39.6851,-8.70861,15,4
39.70259,-8.71379,186,43
39.71134,-8.71638,377,91
39.72009,-8.71897,230,82
39.72883,-8.72156,15,0
39.73758,-8.72415,487,141
39.74633,-8.72675,255,63
39.75507,-8.72935,223,61
39.76382,-8.73194,234,53
39.77256,-8.73454,121,18
39.78131,-8.73714,69,24
39.79005,-8.73974,143,33
39.7988,-8.74234,26,14
39.80754,-8.74494,105,36
39.81629,-8.74754,285,73
39.82503,-8.75015,281,69
39.83378,-8.75275,34,6
39.84252,-8.75535,446,95
39.85127,-8.75796,62,16
39.86001,-8.76057,29,8
39.86876,-8.76318,43,9
39.8775,-8.76579,27,8
39.88624,-8.7684,134,42
39.89499,-8.77101,175,48
39.90373,-8.77362,196,52
39.91247,-8.77623,178,39
39.92121,-8.77885,109,34
39.92996,-8.78146,277,58
39.9387,-8.78408,156,52
39.94744,-8.7867,882,190
39.95618,-8.78931,324,92
39.96492,-8.79193,243,55
39.97366,-8.79455,257,70
39.98241,-8.79717,243,85
39.99115,-8.7998,71,16
39.99989,-8.80242,222,70
40.00863,-8.80504,7,2
40.01737,-8.80767,30,11
40.02611,-8.81029,4,3
40.03485,-8.81292,34,1
40.04359,-8.81555,34,8
40.05233,-8.81818,86,25
40.06107,-8.82081,207,63
40.06981,-8.82344,420,136
40.07855,-8.82607,68,19
40.08728,-8.8287,468,151
40.09602,-8.83134,451,176
40.10476,-8.83397,315,74
40.1135,-8.83661,13,0
40.13971,-8.84452,14,2
40.14845,-8.84716,1905,592
40.15719,-8.8498,3237,785
40.16593,-8.85244,3436,643
40.17466,-8.85509,104,34
40.1834,-8.85773,40,11
40.19214,-8.86038,204,82
40.21834,-8.86832,28,10
37.03656,-7.95809,2268,401
37.04536,-7.9604,602,100
37.05417,-7.96272,210,43
37.06298,-7.96504,352,86
37.07178,-7.96735,143,32
37.08059,-7.96967,55,11
37.08939,-7.97199,59,14
37.0982,-7.97431,169,97
37.107,-7.97663,170,35
37.11581,-7.97896,4,2
37.12461,-7.98128,55,11
37.13342,-7.9836,98,32
37.14222,-7.98593,265,71
37.15103,-7.98825,61,12
37.15983,-7.99058,8,1
37.16864,-7.99291,41,11
37.17744,-7.99523,99,33
37.18624,-7.99756,39,10
37.19505,-7.99989,23,4
37.20385,-8.00222,8,5
37.21265,-8.00455,6,4
37.22145,-8.00689,13,8
37.23906,-8.01155,21,7
37.28307,-8.02323,8,3
37.30067,-8.02791,4,4
37.37107,-8.04666,3,3
37.39747,-8.05371,6,6
37.42386,-8.06076,3,2
37.43266,-8.06311,2,2
37.45026,-8.06782,5,0
37.45905,-8.07017,1,1
37.67013,-8.12695,3,0
37.67893,-8.12933,3,1
37.69651,-8.13409,5,2
37.72289,-8.14123,2,1
37.73168,-8.14361,17,8
37.74047,-8.14599,43,14
37.85474,-8.17704,3,0
37.8811,-8.18423,5,1
37.88989,-8.18663,147,50
37.92504,-8.19623,3,0
38.00411,-8.21788,4,0
38.0129,-8.22029,2,1
38.03047,-8.22511,1,1
38.07439,-8.23718,2,0
38.39048,-8.32475,2,2
38.39925,-8.3272,2,2
38.48701,-8.35174,3,2
38.49578,-8.3542,2,1
38.53965,-8.36651,38,15
38.54843,-8.36897,7,6
38.64492,-8.39614,12,5
38.65369,-8.39862,9,2
38.66246,-8.40109,27,6
38.8203,-8.44583,6,0
38.82907,-8.44832,2,0
38.83784,-8.45081,28,9
38.85537,-8.45581,41,9
38.95179,-8.48333,315,85
38.96055,-8.48584,31,6
38.96932,-8.48835,14,7
38.97808,-8.49086,2,2
39.00437,-8.49839,14,3
39.03942,-8.50845,10,4
39.05695,-8.51348,20,10
39.08323,-8.52104,9,5
39.09199,-8.52356,4,4
39.12704,-8.53366,1,0
39.14456,-8.53871,5,2
39.15332,-8.54124,173,49
39.16208,-8.54377,129,49
39.17084,-8.5463,6,2
39.19712,-8.5539,4,4
39.20587,-8.55643,6,3
39.23215,-8.56404,4,3
39.24091,-8.56658,95,18
39.24967,-8.56912,383,130
39.25842,-8.57165,1005,379
39.26718,-8.5742,392,103
39.27594,-8.57674,2,1
39.3635,-8.6022,2,0
39.37225,-8.60476,22,8
39.38101,-8.60731,51,21
39.38976,-8.60986,39,11
39.39852,-8.61242,28,7
39.40727,-8.61497,60,23
39.41603,-8.61753,45,11
39.42478,-8.62009,30,15
39.43354,-8.62265,4,2
39.44229,-8.6252,52,17
39.45104,-8.62777,121,31
39.4598,-8.63033,105,24
39.46855,-8.63289,8,0
39.4773,-8.63545,43,14
39.48605,-8.63802,29,2
39.50356,-8.64315,160,43
39.51231,-8.64572,32,10
39.53857,-8.65342,98,25
39.54732,-8.65599,129,35
39.58232,-8.66629,63,14
39.60857,-8.67402,92,22
39.61732,-8.6766,299,63
39.62607,-8.67918,239,50
39.63482,-8.68176,1752,499
39.64357,-8.68434,422,115
39.65232,-8.68692,438,106
39.66106,-8.6895,369,98
39.66981,-8.69209,19,7
39.67856,-8.69467,107,11
39.68731,-8.69726,168,36
39.69606,-8.69985,22,6
39.70481,-8.70244,115,31
39.71355,-8.70503,162,40
39.7223,-8.70762,147,30
39.73105,-8.71021,96,20
39.73979,-8.7128,202,55
39.74854,-8.71539,200,59
39.75729,-8.71799,147,44
39.76603,-8.72058,66,19
39.77478,-8.72318,145,38
39.78353,-8.72578,107,45
39.79227,-8.72837,52,9
39.80102,-8.73097,11,2
39.80976,-8.73357,306,89
39.81851,-8.73617,3,0
39.82725,-8.73878,244,67
39.836,-8.74138,229,65
39.84474,-8.74398,285,95
39.86223,-8.74919,34,8
39.87098,-8.7518,151,48
39.87972,-8.75441,108,34
39.88846,-8.75702,250,57
39.89721,-8.75963,79,21
39.90595,-8.76224,67,11
39.91469,-8.76485,406,122
39.92344,-8.76746,100,17
39.93218,-8.77008,167,53
39.94092,-8.77269,166,57
39.94966,-8.77531,52,35
39.95841,-8.77792,168,40
39.96715,-8.78054,76,21
39.97589,-8.78316,100,38
39.98463,-8.78578,39,15
39.99337,-8.7884,59,19
40.01085,-8.79364,2,2
40.0196,-8.79627,321,102
40.02834,-8.79889,70,22
40.05456,-8.80677,157,48
40.0633,-8.8094,445,156
40.07204,-8.81203,660,283
40.08951,-8.81729,80,26
40.09825,-8.81992,353,92
40.10699,-8.82256,14,1
40.15068,-8.83574,180,62
40.15942,-8.83838,1528,225
40.16816,-8.84102,1503,297
40.1769,-8.84366,167,52
40.18563,-8.8463,34,11
40.19437,-8.84895,19,7
40.21184,-8.85424,557,192
40.22058,-8.85688,119,39
37.03867,-7.94714,77,18
37.04748,-7.94946,696,181
37.05628,-7.95177,480,90
37.06509,-7.95409,74,32
37.0739,-7.9564,244,47
37.0827,-7.95872,260,69
37.09151,-7.96104,188,40
37.10031,-7.96336,537,171
37.10912,-7.96568,260,90
37.11793,-7.968,62,14
37.12673,-7.97032,73,21
37.13554,-7.97264,37,9
37.14434,-7.97497,154,39
37.15314,-7.97729,47,13
37.16195,-7.97962,4,2
37.17075,-7.98194,48,10
37.17956,-7.98427,32,10
37.18836,-7.9866,21,3
37.19716,-7.98892,102,47
37.20597,-7.99125,130,69
37.21477,-7.99358,60,24
37.22357,-7.99591,32,11
37.23238,-7.99824,23,7
37.24118,-8.00058,10,4
37.28519,-8.01225,1,0
37.31159,-8.01927,3,2
37.3468,-8.02863,1,1
37.39079,-8.04036,2,1
37.40839,-8.04506,2,1
37.42599,-8.04976,2,1
37.45238,-8.05681,19,7
37.46998,-8.06152,4,2
37.49637,-8.06859,10,1
37.50517,-8.07095,90,13
37.51396,-8.07331,235,23
37.52276,-8.07567,8,0
37.54035,-8.08039,7,1
37.55794,-8.08511,2,0
37.57553,-8.08984,52,16
37.58433,-8.09221,2,1
37.71623,-8.1278,5,1
37.83051,-8.1588,6,2
37.8393,-8.16119,2,0
37.85688,-8.16598,1,0
37.86567,-8.16837,245,74
37.87446,-8.17077,2056,578
37.88324,-8.17316,35,9
37.89203,-8.17556,82,1
37.93597,-8.18755,96,19
37.94476,-8.18995,23,2
37.95354,-8.19236,361,103
37.96233,-8.19476,1,1
37.98869,-8.20198,5,2
37.99748,-8.20438,59,24
38.00626,-8.20679,3,2
38.02383,-8.21161,1,0
38.0414,-8.21643,3,1
38.09411,-8.23091,3,0
38.13802,-8.24301,1,1
38.2434,-8.27213,2,1
38.27852,-8.28187,2,2
38.39264,-8.31361,5,5
38.40142,-8.31605,2,2
38.48918,-8.34058,8,4
38.49795,-8.34304,2,2
38.62955,-8.38001,3,1
38.65586,-8.38743,6,0
38.70849,-8.4023,14,0
38.75234,-8.41471,2,0
38.7611,-8.41719,2,0
38.76987,-8.41968,2,0
38.77864,-8.42217,3,0
38.80495,-8.42963,2,0
38.81371,-8.43212,9,7
38.82248,-8.43461,9,4
38.84878,-8.44209,18,7
38.85755,-8.44459,37,19
38.86632,-8.44709,7,1
38.96274,-8.4746,136,48
38.9715,-8.47711,166,41
38.98027,-8.47962,1,1
38.98903,-8.48213,3,0
39.00656,-8.48715,2,0
39.01532,-8.48966,32,10
39.04161,-8.4972,19,10
39.05037,-8.49972,23,6
39.05914,-8.50223,79,31
39.0679,-8.50475,9,5
39.07666,-8.50727,54,21
39.08542,-8.50979,18,11
39.12923,-8.5224,2,0
39.13799,-8.52493,14,7
39.14675,-8.52745,241,50
39.15551,-8.52998,280,91
39.16427,-8.53251,4,3
39.19931,-8.54263,4,0
39.23434,-8.55276,107,27
39.2431,-8.5553,116,32
39.25186,-8.55784,16,3
39.26062,-8.56037,193,51
39.26938,-8.56291,179,44
39.27813,-8.56545,5,0
39.33068,-8.58071,21,11
39.37445,-8.59346,3,2
39.38321,-8.59601,16,2
39.39196,-8.59856,42,13
39.40072,-8.60111,15,5
39.40947,-8.60367,40,13
39.41823,-8.60622,71,26
39.42698,-8.60878,17,5
39.43574,-8.61134,9,1
39.44449,-8.6139,20,9
39.45325,-8.61645,227,79
39.47951,-8.62414,4,2
39.48826,-8.6267,20,3
39.50576,-8.63183,111,24
39.51452,-8.63439,101,35
39.58453,-8.65496,48,30
39.59328,-8.65753,114,28
39.60203,-8.66011,178,27
39.61078,-8.66268,638,116
39.61953,-8.66526,500,133
39.62828,-8.66784,3555,722
39.63703,-8.67042,1090,374
39.64578,-8.673,450,88
39.65453,-8.67558,4,0
39.66328,-8.67816,50,2
39.67203,-8.68074,233,88
39.68077,-8.68333,222,61
39.68952,-8.68591,91,19
39.69827,-8.6885,128,19
39.70702,-8.69109,193,35
39.71577,-8.69367,422,142
39.72451,-8.69626,167,43
39.73326,-8.69885,382,90
39.74201,-8.70144,588,192
39.75076,-8.70403,177,38
39.7595,-8.70663,196,48
39.777,-8.71182,72,22
39.78574,-8.71441,31,5
39.79449,-8.71701,93,24
39.80323,-8.71961,198,64
39.81198,-8.7222,63,15
39.82073,-8.7248,150,35
39.82947,-8.7274,144,39
39.83822,-8.73001,194,40
39.84696,-8.73261,48,10
39.85571,-8.73521,85,24
39.86445,-8.73782,77,29
39.8732,-8.74042,105,25
39.88194,-8.74303,46,11
39.89068,-8.74564,108,21
39.89943,-8.74824,111,38
39.90817,-8.75085,85,30
39.91691,-8.75346,63,27
39.92566,-8.75608,223,71
39.9344,-8.75869,32,6
39.94314,-8.7613,160,49
39.95189,-8.76392,27,8
39.96063,-8.76653,64,25
39.96937,-8.76915,269,91
39.97811,-8.77176,31,9
39.98686,-8.77438,20,3
39.9956,-8.777,239,78
40.00434,-8.77962,17,2
40.03056,-8.78749,126,45
40.0393,-8.79011,17,5
40.04804,-8.79274,80,27
40.05678,-8.79536,41,11
40.06552,-8.79799,69,18
40.07426,-8.80062,255,85
40.14418,-8.82168,310,89
40.15291,-8.82432,64,24
40.16165,-8.82695,1133,204
40.17039,-8.82959,269,71
40.17913,-8.83223,59,21
40.18787,-8.83487,97,35
40.1966,-8.83752,93,28
40.20534,-8.84016,28,7
40.21408,-8.8428,504,136
40.22281,-8.84545,130,41
37.02317,-7.93157,12485,2893
37.03197,-7.93389,4652,594
37.04078,-7.9362,125,50
37.04959,-7.93851,382,101
37.0584,-7.94082,185,23
37.0672,-7.94314,14,2
37.07601,-7.94545,72,16
37.08482,-7.94777,114,18
37.09362,-7.95009,107,19
37.10243,-7.9524,126,26
37.11123,-7.95472,72,30
37.12004,-7.95704,132,46
37.12885,-7.95936,100,37
37.13765,-7.96168,40,9
37.14646,-7.96401,126,48
37.15526,-7.96633,42,10
37.17287,-7.97098,9,0
37.18167,-7.9733,6,2
37.19928,-7.97795,67,24
37.20809,-7.98028,52,24
37.2521,-7.99193,4,2
37.2609,-7.99427,2,0
37.31371,-8.00828,6,2
37.34012,-8.0153,26,19
37.35772,-8.01999,17,10
37.39292,-8.02936,42,16
37.41932,-8.03641,9,2
37.42811,-8.03875,2,2
37.43691,-8.0411,6,3
37.44571,-8.04346,2,0
37.46331,-8.04816,29,13
37.4897,-8.05522,11,0
37.4985,-8.05758,14,0
37.5073,-8.05993,1271,312
37.51609,-8.06229,1349,300
37.52489,-8.06465,4,1
37.54248,-8.06937,2,0
37.57766,-8.07882,62,19
37.60405,-8.08592,393,126
37.61284,-8.08828,24,3
37.63923,-8.09539,1,0
37.65682,-8.10013,4,0
37.70078,-8.112,4,0
37.81507,-8.14297,2,0
37.86781,-8.15731,64,20
37.8766,-8.1597,1070,317
37.88539,-8.16209,1001,191
37.89417,-8.16449,70,0
37.93811,-8.17648,78,20
37.9469,-8.17888,369,127
37.95569,-8.18128,138,45
37.99084,-8.19089,51,18
37.99962,-8.1933,36,12
38.08747,-8.2174,11,0
38.11382,-8.22465,2,0
38.21043,-8.25129,1,1
38.35091,-8.29024,5,0
38.40358,-8.30491,4,0
38.42113,-8.3098,2,2
38.44746,-8.31715,1,0
38.49134,-8.32942,2,1
38.51766,-8.33679,1,1
38.54399,-8.34417,9,1
38.56154,-8.3491,31,10
38.57031,-8.35156,14,6
38.66681,-8.37872,4,0
38.76328,-8.40599,1,0
38.78082,-8.41096,51,23
38.78959,-8.41345,7,3
38.79835,-8.41593,24,13
38.80712,-8.41842,47,25
38.81589,-8.42091,11,7
38.82466,-8.4234,1,0
38.83343,-8.42589,1,1
38.84219,-8.42838,2,0
38.85096,-8.43088,17,7
38.85973,-8.43337,4,0
38.91233,-8.44835,2,0
38.96492,-8.46337,33,8
38.97369,-8.46588,5,1
39.01751,-8.47842,43,14
39.02627,-8.48093,28,8
39.03503,-8.48344,3,1
39.06132,-8.49099,27,10
39.07885,-8.49602,33,15
39.08761,-8.49854,9,5
39.12266,-8.50862,9,4
39.13142,-8.51114,1,1
39.14018,-8.51366,7,0
39.14894,-8.51619,220,59
39.1577,-8.51871,116,28
39.18398,-8.5263,3,0
39.21902,-8.53642,10,4
39.22778,-8.53895,4,0
39.23654,-8.54149,21,6
39.2453,-8.54402,17,3
39.25405,-8.54656,17,5
39.26281,-8.54909,4,0
39.27157,-8.55163,14,0
39.28033,-8.55417,3,1
39.29784,-8.55925,12,4
39.37665,-8.58216,14,4
39.38541,-8.58471,18,7
39.39416,-8.58726,13,6
39.40292,-8.58981,67,23
39.41167,-8.59236,37,16
39.42043,-8.59492,30,12
39.43794,-8.60003,219,81
39.44669,-8.60259,102,37
39.45545,-8.60514,50,16
39.4642,-8.6077,19,8
39.47295,-8.61026,1,0
39.48171,-8.61282,484,166
39.49046,-8.61538,48,16
39.49921,-8.61795,203,73
39.50797,-8.62051,2,0
39.56048,-8.63591,2,0
39.56923,-8.63848,61,13
39.57798,-8.64105,435,97
39.58673,-8.64362,296,89
39.59549,-8.6462,157,36
39.60424,-8.64877,143,26
39.61299,-8.65135,154,30
39.62174,-8.65392,743,122
39.63049,-8.6565,363,92
39.63924,-8.65908,3,0
39.64799,-8.66166,76,3
39.65674,-8.66423,8,0
39.67424,-8.6694,281,72
39.68298,-8.67198,163,36
39.69173,-8.67456,145,37
39.70048,-8.67715,26,6
39.70923,-8.67973,26,1
39.71798,-8.68232,28,10
39.73547,-8.6875,112,26
39.74422,-8.69009,158,33
39.76172,-8.69527,18,0
39.78796,-8.70305,68,17
39.7967,-8.70564,402,147
39.80545,-8.70824,89,16
39.8142,-8.71084,4,0
39.82294,-8.71343,183,45
39.83169,-8.71603,153,23
39.84043,-8.71863,109,25
39.85792,-8.72384,71,24
39.86667,-8.72644,106,26
39.87541,-8.72904,73,31
39.88416,-8.73165,98,41
39.8929,-8.73426,106,35
39.90165,-8.73686,31,14
39.91039,-8.73947,17,3
39.91913,-8.74208,62,16
39.92788,-8.74469,6,2
39.93662,-8.7473,36,10
39.94537,-8.74991,60,15
39.95411,-8.75252,99,23
39.97159,-8.75775,151,42
39.98034,-8.76037,92,20
39.98908,-8.76299,3,0
39.99782,-8.7656,74,25
40.00656,-8.76822,87,16
40.0153,-8.77084,26,11
40.03279,-8.77608,35,9
40.04153,-8.77871,32,16
40.05027,-8.78133,4,0
40.06775,-8.78658,6,4
40.07649,-8.78921,224,83
40.08523,-8.79184,28,10
40.13767,-8.80762,298,109
40.14641,-8.81026,1089,272
40.15514,-8.81289,6,2
40.16388,-8.81553,690,180
40.17262,-8.81817,6,0
40.1901,-8.82344,635,122
40.19883,-8.82609,165,45
40.20757,-8.82873,154,38
40.21631,-8.83137,15,7
37.01647,-7.91832,6089,1198
37.02528,-7.92063,6027,1353
37.03408,-7.92294,1209,200
37.04289,-7.92525,99,20
37.0517,-7.92756,434,92
37.06051,-7.92987,70,19
37.06931,-7.93219,84,21
37.07812,-7.9345,320,72
37.08693,-7.93682,59,6
37.09573,-7.93913,77,12
37.10454,-7.94145,9,5
37.11335,-7.94377,46,14
37.12215,-7.94608,80,23
37.13096,-7.9484,108,50
37.13976,-7.95072,74,23
37.14857,-7.95304,13,4
37.15737,-7.95537,2,0
37.17498,-7.96001,65,22
37.18379,-7.96234,6,0
37.22781,-7.97397,3,0
37.41264,-8.02306,5,3
37.43024,-8.02775,31,14
37.43904,-8.0301,2,2
37.49183,-8.04421,2,2
37.50942,-8.04892,38,7
37.51822,-8.05128,21,8
37.60618,-8.07489,20,10
37.61498,-8.07725,30,10
37.65895,-8.0891,3,0
37.69412,-8.09858,17,7
37.71171,-8.10333,4,0
37.72929,-8.10809,2,0
37.87874,-8.14863,9,5
37.88753,-8.15102,15,4
37.89632,-8.15342,1,0
37.98419,-8.1774,12,4
37.99298,-8.1798,33,10
38.00177,-8.18221,2,1
38.05448,-8.19665,3,0
38.08962,-8.2063,386,107
38.09841,-8.20871,397,121
38.11597,-8.21354,3,0
38.25649,-8.25231,3,0
38.29161,-8.26204,4,0
38.46718,-8.3109,5,2
38.47595,-8.31335,8,0
38.48473,-8.3158,22,6
38.4935,-8.31826,12,1
38.5637,-8.33792,17,6
38.57248,-8.34039,2,2
38.58125,-8.34285,5,5
38.5988,-8.34778,3,0
38.65143,-8.36259,20,14
38.70406,-8.37743,1,0
38.75668,-8.3923,6,0
38.77422,-8.39727,1,0
38.78299,-8.39975,9,3
38.79176,-8.40224,13,7
38.80053,-8.40473,208,95
38.8093,-8.40721,150,38
38.82684,-8.41219,1,0
38.8356,-8.41468,1,1
38.87067,-8.42465,4,1
38.95834,-8.44963,2,2
38.98463,-8.45715,6,2
39.01093,-8.46467,25,5
39.01969,-8.46718,41,15
39.02845,-8.46969,43,15
39.03722,-8.4722,3,0
39.04598,-8.47471,6,0
39.05474,-8.47722,9,5
39.06351,-8.47974,33,9
39.07227,-8.48225,25,8
39.11608,-8.49484,4,0
39.14237,-8.5024,34,9
39.15989,-8.50745,8,3
39.22997,-8.52768,5,1
39.24749,-8.53274,7,3
39.26501,-8.53781,3,2
39.34382,-8.56067,101,40
39.37009,-8.56831,6,0
39.37885,-8.57086,19,13
39.38761,-8.57341,7,6
39.40512,-8.57851,12,2
39.41387,-8.58106,36,15
39.42263,-8.58361,306,118
39.43138,-8.58617,26,3
39.44014,-8.58872,24,11
39.44889,-8.59128,171,42
39.45765,-8.59383,22,6
39.4664,-8.59639,337,90
39.47516,-8.59895,48,5
39.48391,-8.60151,80,24
39.49266,-8.60407,12,2
39.50142,-8.60663,238,67
39.51017,-8.60919,65,21
39.51892,-8.61175,40,12
39.57144,-8.62715,68,12
39.58019,-8.62972,95,29
39.59769,-8.63486,134,28
39.60644,-8.63744,21,0
39.61519,-8.64001,13,0
39.62394,-8.64258,44,43
39.65019,-8.65031,184,36
39.65894,-8.65289,114,24
39.66769,-8.65547,98,14
39.67644,-8.65805,248,80
39.68519,-8.66063,136,33
39.69394,-8.66321,181,43
39.70269,-8.6658,52,17
39.71144,-8.66838,144,27
39.72019,-8.67097,79,17
39.73769,-8.67614,88,22
39.74643,-8.67873,157,41
39.75518,-8.68132,10,3
39.76393,-8.68391,7,1
39.77268,-8.6865,11,2
39.78142,-8.68909,29,7
39.79017,-8.69168,78,25
39.79892,-8.69428,92,28
39.82516,-8.70206,161,54
39.8339,-8.70466,69,15
39.84265,-8.70726,476,125
39.8514,-8.70986,108,30
39.86889,-8.71506,20,6
39.87763,-8.71767,22,7
39.88638,-8.72027,137,69
39.89512,-8.72287,57,9
39.90387,-8.72548,57,9
39.91261,-8.72809,3,1
39.92135,-8.73069,67,24
39.9301,-8.7333,15,6
39.93884,-8.73591,27,7
39.94758,-8.73852,10,1
39.95633,-8.74113,155,65
39.97381,-8.74636,4,2
39.98256,-8.74897,72,21
39.9913,-8.75159,12,0
40.00004,-8.7542,180,49
40.00878,-8.75682,107,29
40.01753,-8.75944,27,2
40.02627,-8.76206,3,0
40.03501,-8.76468,64,12
40.04375,-8.7673,163,48
40.05249,-8.76992,26,16
40.06123,-8.77255,122,50
40.06997,-8.77517,48,20
40.07872,-8.7778,162,51
40.08746,-8.78042,254,82
40.0962,-8.78305,130,55
40.13116,-8.79357,81,17
40.13989,-8.7962,233,62
40.14863,-8.79883,4,0
40.16611,-8.8041,238,63
40.17485,-8.80674,19,7
40.18359,-8.80938,65,15
40.19233,-8.81201,23,5
40.2098,-8.81729,175,59
40.21854,-8.81994,134,48
40.22728,-8.82258,9,2
37.01858,-7.90738,34,12
37.02739,-7.90969,98,28
37.03619,-7.912,166,35
37.045,-7.9143,95,31
37.05381,-7.91661,105,26
37.06262,-7.91893,652,97
37.07142,-7.92124,228,52
37.08023,-7.92355,136,36
37.08904,-7.92586,20,1
37.09785,-7.92818,81,14
37.10665,-7.93049,7,2
37.11546,-7.93281,73,29
37.12426,-7.93513,52,23
37.13307,-7.93744,95,52
37.14188,-7.93976,49,22
37.15068,-7.94208,108,45
37.15949,-7.9444,83,24
37.1859,-7.95137,5,5
37.22992,-7.96299,3,1
37.23873,-7.96532,6,1
37.28274,-7.97697,5,0
37.30035,-7.98164,4,3
37.33556,-7.99098,2,1
37.34436,-7.99332,13,9
37.35316,-7.99566,1,1
37.38836,-8.00502,1,1
37.41476,-8.01206,24,11
37.43236,-8.01675,6,1
37.44116,-8.0191,7,3
37.47636,-8.02849,12,2
37.52035,-8.04026,4,0
37.59072,-8.05913,2,1
37.66987,-8.08043,3,0
37.68746,-8.08517,21,0
37.69625,-8.08754,2390,510
37.70505,-8.08992,1124,282
37.71384,-8.09229,10,2
37.83693,-8.12562,5,1
37.85451,-8.13039,3,1
37.95119,-8.15672,3,0
37.99512,-8.16872,7,0
38.03906,-8.18074,4,0
38.09177,-8.1952,80,34
38.10055,-8.19761,5,0
38.16204,-8.21452,2,1
38.26743,-8.24362,2,1
38.46934,-8.29974,1,1
38.47811,-8.30219,34,8
38.48689,-8.30464,134,62
38.49566,-8.3071,213,109
38.50444,-8.30955,2,0
38.64483,-8.34893,8,0
38.6536,-8.3514,231,57
38.73254,-8.37366,7,0
38.75886,-8.3811,14,1
38.7764,-8.38606,2,1
38.78516,-8.38855,22,12
38.79393,-8.39103,28,14
38.8027,-8.39352,47,30
38.81147,-8.396,14,5
38.86408,-8.41093,6,1
38.87285,-8.41343,129,47
38.88162,-8.41592,386,122
38.89039,-8.41841,42,11
38.99558,-8.44841,199,79
39.00434,-8.45092,146,40
39.01311,-8.45343,3,1
39.02187,-8.45593,57,18
39.03064,-8.45844,11,4
39.0394,-8.46095,8,3
39.04816,-8.46346,25,13
39.05693,-8.46597,20,9
39.06569,-8.46849,250,126
39.07445,-8.471,8,0
39.08322,-8.47351,38,17
39.14455,-8.49114,5,1
39.17084,-8.49871,17,5
39.27596,-8.52907,4,1
39.28471,-8.5316,2,0
39.29347,-8.53414,6,0
39.30223,-8.53668,1,1
39.33726,-8.54684,122,30
39.34602,-8.54938,357,128
39.36353,-8.55447,96,34
39.37229,-8.55701,9,4
39.39856,-8.56466,12,4
39.40731,-8.5672,184,76
39.41607,-8.56975,15,1
39.42483,-8.57231,53,13
39.43358,-8.57486,25,0
39.44234,-8.57741,271,83
39.45109,-8.57996,40,4
39.45985,-8.58252,9,0
39.4686,-8.58508,175,48
39.47735,-8.58763,24,4
39.48611,-8.59019,1,1
39.49486,-8.59275,116,43
39.50362,-8.59531,21,1
39.51237,-8.59787,17,2
39.52112,-8.60043,61,15
39.57364,-8.61582,11,0
39.58239,-8.61839,25,4
39.59114,-8.62096,59,4
39.5999,-8.62353,98,19
39.60865,-8.6261,119,15
39.6174,-8.62867,16,0
39.62615,-8.63124,33,5
39.64365,-8.63639,151,40
39.6524,-8.63897,137,20
39.66115,-8.64155,11,0
39.6699,-8.64412,10,1
39.69615,-8.65186,36,7
39.7049,-8.65445,179,45
39.71365,-8.65703,111,25
39.73115,-8.6622,10,7
39.7399,-8.66478,210,67
39.74864,-8.66737,166,61
39.75739,-8.66996,182,77
39.76614,-8.67255,74,28
39.77489,-8.67514,125,42
39.78364,-8.67773,58,23
39.79238,-8.68032,22,4
39.80113,-8.68291,18,9
39.80988,-8.6855,9,0
39.81862,-8.6881,48,17
39.82737,-8.69069,66,25
39.83612,-8.69329,147,46
39.84486,-8.69589,476,109
39.85361,-8.69848,197,45
39.86236,-8.70108,122,36
39.8711,-8.70368,59,20
39.87985,-8.70629,44,7
39.88859,-8.70889,13,3
39.89734,-8.71149,81,31
39.90608,-8.7141,91,29
39.91483,-8.7167,7,2
39.92357,-8.71931,32,15
39.93232,-8.72191,11,5
39.94106,-8.72452,84,32
39.9498,-8.72713,16,6
39.95855,-8.72974,51,22
39.96729,-8.73235,22,10
39.97603,-8.73496,102,22
39.98478,-8.73758,36,7
39.99352,-8.74019,184,63
40.00226,-8.74281,552,121
40.01101,-8.74542,82,20
40.01975,-8.74804,4,1
40.02849,-8.75066,115,31
40.03723,-8.75328,123,35
40.04597,-8.75589,46,17
40.05472,-8.75852,91,35
40.06346,-8.76114,38,18
40.0722,-8.76376,92,31
40.08094,-8.76638,108,36
40.08968,-8.76901,215,65
40.09842,-8.77163,336,148
40.12464,-8.77952,77,39
40.13338,-8.78215,297,93
40.14212,-8.78478,107,35
40.16834,-8.79268,9,0
40.17708,-8.79531,172,55
40.18582,-8.79795,174,49
40.19455,-8.80058,47,18
40.20329,-8.80322,90,37
40.21203,-8.80586,89,29
40.22077,-8.8085,58,21
37.02068,-7.89644,25,2
37.02949,-7.89874,284,78
37.0383,-7.90105,302,79
37.04711,-7.90336,349,134
37.05592,-7.90567,78,31
37.06473,-7.90798,262,61
37.07353,-7.91029,190,38
37.08234,-7.9126,81,30
37.09115,-7.91491,161,51
37.09996,-7.91722,128,16
37.10876,-7.91954,109,22
37.11757,-7.92185,237,60
37.12638,-7.92417,263,89
37.13518,-7.92648,102,34
37.14399,-7.9288,163,44
37.15279,-7.93112,247,90
37.1616,-7.93344,78,33
37.21443,-7.94737,3,1
37.24965,-7.95667,5,2
37.25845,-7.959,106,41
37.26725,-7.96133,29,14
37.35528,-7.98467,13,7
37.36408,-7.98701,4,3
37.39048,-7.99403,13,5
37.39928,-7.99637,2,1
37.42568,-8.0034,3,2
37.52247,-8.02924,1,0
37.53127,-8.0316,2,2
37.54007,-8.03395,10,1
37.57525,-8.04338,47,15
37.672,-8.06939,3,0
37.68959,-8.07413,10,1
37.69839,-8.0765,308,76
37.70718,-8.07887,493,51
37.71597,-8.08124,8,0
37.78631,-8.10026,2,1
37.79511,-8.10264,1,0
37.82148,-8.10978,54,12
37.91817,-8.13606,206,55
38.01484,-8.16243,7,0
38.0412,-8.16965,4,0
38.5768,-8.31804,4,0
38.60313,-8.32542,3,0
38.62067,-8.33035,1,0
38.64699,-8.33775,69,23
38.65577,-8.34021,36,5
38.72594,-8.35999,3,0
38.76103,-8.3699,5,4
38.7698,-8.37238,147,59
38.77857,-8.37486,149,63
38.78734,-8.37734,7,5
38.79611,-8.37982,3,2
38.82241,-8.38728,8,1
38.83118,-8.38976,23,8
38.83995,-8.39225,8,3
38.86626,-8.39971,6,2
38.87503,-8.40221,25,6
38.88379,-8.4047,13,3
38.89256,-8.40719,3,0
38.99776,-8.43717,7,2
39.00652,-8.43968,25,9
39.03282,-8.4472,15,6
39.04158,-8.4497,8,2
39.05035,-8.45221,47,8
39.05911,-8.45472,3,0
39.06787,-8.45723,124,61
39.07664,-8.45975,22,7
39.0854,-8.46226,51,12
39.09416,-8.46477,13,5
39.27815,-8.51778,11,6
39.28691,-8.52032,225,100
39.29566,-8.52285,66,30
39.33945,-8.53554,83,38
39.34821,-8.53808,476,128
39.36573,-8.54317,4,1
39.37448,-8.54571,2,1
39.40075,-8.55335,10,5
39.40951,-8.5559,25,7
39.41827,-8.55845,17,6
39.42702,-8.561,76,24
39.43578,-8.56355,35,10
39.44453,-8.5661,114,26
39.45329,-8.56865,57,16
39.46204,-8.57121,39,8
39.4708,-8.57376,76,12
39.47955,-8.57632,85,20
39.48831,-8.57887,165,54
39.49706,-8.58143,152,60
39.51457,-8.58655,16,0
39.52332,-8.58911,522,212
39.53208,-8.59167,47,6
39.56709,-8.60192,79,14
39.57584,-8.60449,109,29
39.58459,-8.60706,22,6
39.59335,-8.60962,30,4
39.6021,-8.61219,33,10
39.61085,-8.61476,76,12
39.6196,-8.61733,214,54
39.62835,-8.6199,101,24
39.6371,-8.62248,173,49
39.64586,-8.62505,435,130
39.65461,-8.62763,51,7
39.66336,-8.6302,52,18
39.67211,-8.63278,24,5
39.68086,-8.63536,56,11
39.68961,-8.63793,35,7
39.69836,-8.64051,59,16
39.71586,-8.64568,92,42
39.72461,-8.64826,20,7
39.73336,-8.65084,102,13
39.7421,-8.65342,58,11
39.75085,-8.65601,20,2
39.7596,-8.6586,5,0
39.76835,-8.66118,120,41
39.7771,-8.66377,16,6
39.78585,-8.66636,9,5
39.79459,-8.66895,34,7
39.80334,-8.67154,67,29
39.81209,-8.67413,4,1
39.82084,-8.67673,50,27
39.82958,-8.67932,130,46
39.83833,-8.68192,42,7
39.84708,-8.68451,29,7
39.85582,-8.68711,158,50
39.86457,-8.68971,319,81
39.87332,-8.69231,279,71
39.88206,-8.69491,42,10
39.89081,-8.69751,22,9
39.89955,-8.70011,10,7
39.9083,-8.70271,34,11
39.91704,-8.70531,52,25
39.92579,-8.70792,6,5
39.93453,-8.71052,84,24
39.94328,-8.71313,103,35
39.95202,-8.71574,118,21
39.96951,-8.72096,66,34
39.97825,-8.72357,3,0
39.987,-8.72618,10,4
39.99574,-8.72879,44,18
40.00448,-8.73141,230,34
40.01323,-8.73402,187,67
40.02197,-8.73664,67,17
40.03071,-8.73925,48,19
40.03945,-8.74187,73,12
40.04819,-8.74449,125,39
40.05694,-8.74711,120,65
40.06568,-8.74973,132,54
40.07442,-8.75235,60,17
40.08316,-8.75497,65,14
40.11813,-8.76547,62,29
40.16183,-8.77862,4,0
40.17056,-8.78125,406,136
40.1793,-8.78388,54,6
40.18804,-8.78652,216,74
40.19678,-8.78915,389,146
40.20552,-8.79179,134,44
40.21426,-8.79443,61,21
40.223,-8.79706,16,7
40.23174,-8.7997,125,36
40.24047,-8.80234,20,7
37.02279,-7.88549,16,1
37.0316,-7.8878,102,23
37.04041,-7.8901,385,64
37.04922,-7.89241,308,85
37.05802,-7.89472,98,20
37.06683,-7.89703,175,37
37.07564,-7.89933,134,29
37.08445,-7.90164,124,25
37.09326,-7.90396,404,59
37.10206,-7.90627,143,54
37.11087,-7.90858,99,19
37.11968,-7.91089,43,11
37.12848,-7.91321,81,28
37.13729,-7.91552,40,13
37.1461,-7.91784,125,38
37.1549,-7.92016,230,75
37.16371,-7.92247,13,5
37.17252,-7.92479,11,8
37.20774,-7.93407,2,2
37.23415,-7.94105,33,10
37.25176,-7.9457,2,2
37.29578,-7.95734,1,0
37.31338,-7.962,14,4
37.32219,-7.96434,5,1
37.4014,-7.98537,11,1
37.4102,-7.98771,4,3
37.4278,-7.9924,58,22
37.54219,-8.02293,2,1
37.55099,-8.02529,2,0
37.56858,-8.03,2,2
37.58618,-8.03472,3,2
37.66534,-8.05598,2,0
37.68293,-8.06072,5,1
37.80603,-8.09396,2,1
37.81482,-8.09634,10,0
37.82362,-8.09872,12,7
37.89394,-8.11781,2,2
38.00819,-8.14894,8,0
38.01698,-8.15134,31,6
38.08727,-8.17058,3,0
38.26295,-8.21893,2,2
38.28929,-8.22622,421,125
38.29807,-8.22865,634,244
38.51754,-8.28967,3,0
38.57019,-8.3044,5,1
38.59652,-8.31178,3,1
38.64039,-8.32409,3,0
38.64916,-8.32656,16,5
38.65793,-8.32903,5,0
38.6667,-8.33149,3,0
38.74565,-8.35374,7,2
38.75442,-8.35622,24,19
38.7632,-8.35869,1,1
38.77197,-8.36117,33,12
38.78074,-8.36365,126,58
38.83336,-8.37855,8,1
39.0087,-8.42843,11,7
39.04376,-8.43846,12,2
39.05253,-8.44096,7,4
39.06129,-8.44347,23,8
39.07882,-8.44849,7,2
39.12263,-8.46106,2,0
39.17521,-8.47617,107,33
39.18397,-8.47869,9,4
39.21901,-8.48879,2,0
39.28034,-8.5065,184,80
39.28909,-8.50903,252,99
39.29785,-8.51156,43,3
39.34165,-8.52425,101,34
39.3504,-8.52679,449,138
39.35916,-8.52933,9,1
39.42922,-8.54969,117,36
39.43797,-8.55224,76,17
39.44673,-8.55479,37,4
39.45548,-8.55734,1,1
39.46424,-8.55989,28,6
39.473,-8.56245,298,61
39.48175,-8.565,38,15
39.49051,-8.56755,11,3
39.49926,-8.57011,63,23
39.51677,-8.57523,2,0
39.53428,-8.58034,243,73
39.54303,-8.5829,5,4
39.56929,-8.59059,143,40
39.57804,-8.59316,356,88
39.6043,-8.60086,9,0
39.61305,-8.60343,291,63
39.6218,-8.60599,151,37
39.63056,-8.60856,103,23
39.63931,-8.61114,153,47
39.64806,-8.61371,185,49
39.65681,-8.61628,62,26
39.67431,-8.62143,90,17
39.68306,-8.62401,139,30
39.69181,-8.62658,319,100
39.70056,-8.62916,84,18
39.70931,-8.63174,59,16
39.71806,-8.63432,112,24
39.73556,-8.63948,7,3
39.74431,-8.64207,19,6
39.75306,-8.64465,29,21
39.76181,-8.64724,27,6
39.77056,-8.64982,27,16
39.77931,-8.65241,90,39
39.78806,-8.655,134,74
39.7968,-8.65758,70,21
39.80555,-8.66017,53,20
39.8143,-8.66276,95,41
39.82305,-8.66536,11,6
39.83179,-8.66795,37,4
39.84929,-8.67314,79,20
39.85803,-8.67573,74,29
39.86678,-8.67833,169,32
39.87553,-8.68093,389,117
39.88427,-8.68352,41,5
39.89302,-8.68612,18,4
39.90177,-8.68872,53,14
39.91051,-8.69133,80,32
39.91926,-8.69393,51,17
39.928,-8.69653,13,6
39.93675,-8.69914,76,31
39.95424,-8.70435,133,41
39.96298,-8.70695,50,22
39.97173,-8.70956,43,13
39.98047,-8.71217,70,20
39.98921,-8.71478,21,13
39.99796,-8.71739,93,41
40.0067,-8.72,90,31
40.01544,-8.72262,146,50
40.02419,-8.72523,132,50
40.03293,-8.72785,1,0
40.05041,-8.73308,32,14
40.0679,-8.73832,5,1
40.07664,-8.74094,21,4
40.09412,-8.74618,7,6
40.10287,-8.7488,26,4
40.12035,-8.75405,42,15
40.13783,-8.7593,18,3
40.14657,-8.76193,3,1
40.15531,-8.76456,88,29
40.16405,-8.76719,148,35
40.17279,-8.76982,117,35
40.19027,-8.77509,145,58
40.19901,-8.77772,186,45
40.20775,-8.78036,104,32
40.22522,-8.78563,93,27
40.23396,-8.78827,99,25
40.2427,-8.7909,147,82
40.25144,-8.79354,21,11
40.26018,-8.79619,3,0
37.02489,-7.87455,144,27
37.0337,-7.87685,80,19
37.04251,-7.87916,79,10
37.05132,-7.88146,240,60
37.06013,-7.88377,218,58
37.06894,-7.88607,85,28
37.07775,-7.88838,87,29
37.08656,-7.89069,147,45
37.09536,-7.893,979,235
37.10417,-7.89531,75,71
37.11298,-7.89762,6,3
37.12179,-7.89993,27,2
37.13059,-7.90225,40,8
37.1394,-7.90456,6,3
37.14821,-7.90688,118,39
37.15701,-7.90919,165,49
37.16582,-7.91151,101,31
37.17463,-7.91383,193,68
37.23626,-7.93007,8,2
37.24507,-7.93239,1,1
37.28029,-7.9417,12,8
37.28909,-7.94403,29,14
37.3155,-7.95102,2,1
37.3331,-7.95568,24,13
37.35951,-7.96268,83,45
37.36831,-7.96502,86,29
37.40352,-7.97437,1,1
37.42992,-7.98139,84,32
37.43872,-7.98374,2,2
37.65867,-8.04258,4,0
37.66746,-8.04494,17,6
37.68505,-8.04968,19,5
37.69385,-8.05204,114,36
37.71144,-8.05678,3,0
37.75541,-8.06864,1,1
37.78179,-8.07577,3,0
37.82575,-8.08766,3,0
37.90487,-8.10912,2,0
38.01912,-8.14025,39,12
38.02791,-8.14265,4,0
38.04548,-8.14746,3,1
38.11577,-8.16671,6,1
38.29144,-8.21508,431,135
38.30022,-8.21751,13,4
38.309,-8.21994,3,0
38.37047,-8.23697,4,0
38.49337,-8.27116,1,0
38.5899,-8.29814,9,2
38.64255,-8.31291,2,2
38.70396,-8.33018,7,0
38.73028,-8.33759,6,0
38.73905,-8.34006,4,2
38.74782,-8.34254,8,4
38.75659,-8.34501,15,6
38.76536,-8.34749,2,2
38.7829,-8.35244,7,1
38.86183,-8.37479,1,0
38.88814,-8.38225,1,1
39.01088,-8.41719,8,6
39.04594,-8.42721,1,0
39.0547,-8.42972,37,14
39.06347,-8.43222,8,5
39.07223,-8.43473,6,3
39.16863,-8.46238,26,13
39.17739,-8.4649,98,32
39.18615,-8.46742,149,51
39.27376,-8.49268,1,0
39.40514,-8.53074,5,0
39.44017,-8.54093,31,3
39.44892,-8.54348,145,54
39.45768,-8.54603,81,19
39.46644,-8.54858,199,70
39.47519,-8.55113,1777,439
39.48395,-8.55368,146,40
39.4927,-8.55624,796,254
39.50146,-8.55879,31,12
39.51021,-8.56135,10,2
39.51897,-8.5639,33,4
39.52772,-8.56646,66,19
39.54523,-8.57158,2,0
39.55398,-8.57414,11,1
39.589,-8.58439,67,27
39.59775,-8.58695,107,33
39.6065,-8.58952,158,29
39.61525,-8.59209,31,7
39.62401,-8.59466,21,0
39.63276,-8.59722,45,5
39.64151,-8.59979,66,13
39.65026,-8.60236,193,106
39.65901,-8.60494,11,7
39.66776,-8.60751,176,71
39.67652,-8.61008,108,66
39.68527,-8.61266,84,10
39.69402,-8.61523,173,45
39.70277,-8.61781,112,28
39.71152,-8.62039,29,5
39.72027,-8.62297,82,28
39.72902,-8.62555,71,25
39.74652,-8.63071,7,3
39.75527,-8.63329,52,22
39.76402,-8.63587,207,87
39.77277,-8.63846,32,7
39.78151,-8.64104,94,43
39.79026,-8.64363,13,8
39.79901,-8.64622,20,4
39.80776,-8.6488,117,33
39.81651,-8.65139,82,26
39.82526,-8.65398,48,14
39.834,-8.65658,18,10
39.84275,-8.65917,222,74
39.8515,-8.66176,239,83
39.86025,-8.66435,58,17
39.86899,-8.66695,13,9
39.87774,-8.66955,134,51
39.88649,-8.67214,179,57
39.89523,-8.67474,19,7
39.90398,-8.67734,47,15
39.91272,-8.67994,52,17
39.92147,-8.68254,85,30
39.93022,-8.68514,24,5
39.93896,-8.68775,99,27
39.94771,-8.69035,147,41
39.95645,-8.69295,28,16
39.9652,-8.69556,135,44
39.97394,-8.69817,76,24
39.98268,-8.70077,38,15
39.99143,-8.70338,63,15
40.00017,-8.70599,62,12
40.00892,-8.7086,61,34
40.01766,-8.71121,22,12
40.0264,-8.71383,126,42
40.03515,-8.71644,148,59
40.05263,-8.72167,110,46
40.06138,-8.72429,125,66
40.07012,-8.72691,93,30
40.07886,-8.72952,54,22
40.0876,-8.73214,30,16
40.09634,-8.73476,5,1
40.10509,-8.73739,23,17
40.13131,-8.74526,4,0
40.14879,-8.75051,40,13
40.15753,-8.75314,30,2
40.16627,-8.75576,607,183
40.17501,-8.75839,349,104
40.18375,-8.76102,121,33
40.19249,-8.76366,141,45
40.20123,-8.76629,30,5
40.20997,-8.76892,11,4
40.21871,-8.77156,6,1
40.22745,-8.77419,197,62
40.23619,-8.77683,96,32
40.24493,-8.77946,44,12
40.25367,-8.7821,201,55
40.2624,-8.78474,126,34
40.27114,-8.78738,55,11
37.027,-7.8636,246,75
37.03581,-7.8659,56,23
37.04462,-7.86821,134,37
37.05343,-7.87051,569,106
37.06223,-7.87282,326,105
37.07104,-7.87512,30,8
37.07985,-7.87743,72,13
37.08866,-7.87974,163,44
37.09747,-7.88205,41,13
37.10628,-7.88435,19,5
37.11508,-7.88666,5,3
37.12389,-7.88898,10,4
37.1327,-7.89129,213,115
37.14151,-7.8936,18,3
37.15031,-7.89591,906,234
37.15912,-7.89823,407,92
37.16793,-7.90054,150,44
37.17673,-7.90286,151,52
37.2824,-7.93072,6,3
37.40564,-7.96337,7,2
37.46724,-7.97976,6,4
37.47604,-7.9821,3,0
37.48484,-7.98445,40,18
37.49364,-7.9868,23,9
37.55523,-8.00325,1,1
37.62561,-8.0221,3,0
37.66959,-8.03391,5,2
37.67839,-8.03627,1,0
37.69598,-8.041,1,1
37.93337,-8.10522,2,0
37.9949,-8.12197,3,1
38.04762,-8.13636,1,0
38.05641,-8.13876,3,1
38.07398,-8.14357,1,1
38.08277,-8.14598,12,9
38.18819,-8.1749,4,0
38.34628,-8.21853,2,2
38.39896,-8.23313,2,0
38.58329,-8.28451,4,0
38.64471,-8.30172,1,0
38.68858,-8.31405,1,0
38.7149,-8.32145,386,134
38.72367,-8.32392,413,171
38.74121,-8.32886,7,6
38.74999,-8.33134,10,3
38.75876,-8.33381,8,4
38.864,-8.36357,1,0
38.96046,-8.39096,4,0
38.96922,-8.39346,116,53
39.01305,-8.40595,1,0
39.08318,-8.42599,10,4
39.17958,-8.45363,1,0
39.22338,-8.46624,10,0
39.31975,-8.49405,7,1
39.41609,-8.52198,5,0
39.42485,-8.52453,2,1
39.4336,-8.52707,8,2
39.44236,-8.52962,136,23
39.45112,-8.53217,15,3
39.45987,-8.53471,5,0
39.46863,-8.53726,300,56
39.47738,-8.53981,4186,867
39.48614,-8.54236,3435,823
39.4949,-8.54492,678,101
39.50365,-8.54747,41,6
39.51241,-8.55002,1,1
39.52116,-8.55258,18,1
39.52992,-8.55514,4,3
39.54743,-8.56025,13,3
39.55618,-8.56281,215,77
39.59119,-8.57305,10,1
39.59995,-8.57562,128,26
39.6087,-8.57818,90,27
39.61745,-8.58075,210,55
39.62621,-8.58331,34,6
39.63496,-8.58588,98,24
39.64371,-8.58845,218,60
39.65246,-8.59102,514,55
39.66121,-8.59359,211,81
39.66997,-8.59616,165,33
39.67872,-8.59873,125,23
39.68747,-8.60131,138,38
39.69622,-8.60388,81,20
39.70497,-8.60646,113,37
39.71372,-8.60903,139,65
39.72247,-8.61161,124,55
39.74872,-8.61935,12,8
39.75747,-8.62193,30,8
39.76622,-8.62451,71,15
39.77497,-8.62709,77,36
39.78372,-8.62968,20,11
39.79247,-8.63226,83,39
39.80122,-8.63485,50,11
39.80997,-8.63744,78,24
39.81872,-8.64002,54,19
39.82746,-8.64261,69,34
39.83621,-8.6452,92,39
39.84496,-8.64779,78,30
39.85371,-8.65038,135,46
39.86245,-8.65298,137,45
39.8712,-8.65557,192,62
39.87995,-8.65816,11,4
39.8887,-8.66076,125,38
39.89744,-8.66336,152,41
39.90619,-8.66595,61,17
39.91494,-8.66855,82,21
39.92368,-8.67115,63,23
39.94117,-8.67635,27,2
39.94992,-8.67896,226,64
39.95866,-8.68156,181,42
39.96741,-8.68416,40,16
39.97615,-8.68677,59,11
39.9849,-8.68938,138,46
40.00239,-8.69459,12,3
40.02862,-8.70242,6,0
40.03736,-8.70503,94,42
40.04611,-8.70765,36,11
40.05485,-8.71026,165,59
40.06359,-8.71288,41,26
40.08982,-8.72073,8,0
40.09856,-8.72335,92,29
40.10731,-8.72597,95,31
40.11605,-8.72859,299,153
40.12479,-8.73121,167,57
40.13353,-8.73383,124,41
40.14227,-8.73646,25,5
40.16849,-8.74434,72,22
40.17723,-8.74696,13,4
40.18597,-8.74959,104,30
40.19472,-8.75222,148,50
40.20345,-8.75485,64,26
40.22093,-8.76012,95,24
40.22967,-8.76275,207,55
40.23841,-8.76539,132,50
40.24715,-8.76802,105,36
40.25589,-8.77066,146,41
40.26463,-8.7733,179,63
40.27337,-8.77594,276,79
40.28211,-8.77858,117,41
40.29084,-8.78122,123,43
40.29958,-8.78386,5,1
37.0291,-7.85266,2438,331
37.03791,-7.85496,1140,163
37.04672,-7.85726,127,42
37.05553,-7.85956,160,34
37.06434,-7.86187,148,24
37.07315,-7.86417,40,11
37.08196,-7.86648,54,17
37.09076,-7.86878,79,18
37.09957,-7.87109,69,26
37.10838,-7.8734,55,17
37.11719,-7.87571,30,8
37.126,-7.87802,38,10
37.13481,-7.88033,56,16
37.14361,-7.88264,35,7
37.15242,-7.88495,3459,680
37.16123,-7.88726,1178,192
37.17003,-7.88958,329,114
37.17884,-7.89189,46,22
37.19645,-7.89652,22,12
37.20526,-7.89884,3,2
37.2669,-7.91508,25,10
37.28451,-7.91973,3,2
37.31092,-7.92671,10,5
37.34613,-7.93603,4,3
37.35494,-7.93836,13,7
37.37254,-7.94303,2,1
37.39015,-7.9477,6,4
37.40775,-7.95237,1,0
37.41655,-7.95471,1,1
37.42535,-7.95704,2,2
37.47816,-7.97109,1,1
37.52216,-7.98282,6,4
37.53096,-7.98517,9,3
37.58375,-7.99928,78,34
37.65412,-8.01814,7,3
37.7069,-8.03232,2,2
37.75087,-8.04417,3,0
37.93551,-8.09414,1,1
38.03219,-8.12047,1,0
38.05855,-8.12767,19,3
38.08491,-8.13487,7,0
38.0937,-8.13728,1,1
38.16398,-8.15654,5,1
38.17277,-8.15896,3,0
38.34843,-8.20738,2,2
38.55034,-8.26352,1,0
38.55912,-8.26597,9,1
38.69951,-8.30532,4,0
38.71706,-8.31025,30,10
38.72583,-8.31272,85,26
38.78724,-8.33003,2,1
38.9714,-8.38222,67,35
39.05906,-8.40721,15,8
39.06782,-8.40972,9,6
39.08535,-8.41473,5,4
39.10288,-8.41975,4,1
39.12041,-8.42477,1,1
39.1467,-8.4323,4,1
39.18176,-8.44236,21,3
39.34821,-8.49036,8,1
39.35697,-8.4929,10,0
39.42704,-8.51322,123,39
39.43579,-8.51576,970,294
39.44455,-8.51831,993,332
39.45331,-8.52085,88,24
39.46206,-8.5234,125,56
39.47082,-8.52595,83,31
39.47958,-8.5285,444,159
39.48833,-8.53105,129,33
39.49709,-8.5336,46,11
39.50585,-8.53615,34,6
39.5146,-8.5387,365,124
39.52336,-8.54126,66,19
39.53211,-8.54381,3,3
39.54087,-8.54637,227,70
39.54962,-8.54892,54,37
39.55838,-8.55148,153,54
39.61965,-8.56941,40,6
39.6284,-8.57197,642,158
39.63716,-8.57454,150,37
39.64591,-8.57711,187,28
39.65466,-8.57968,2936,536
39.66341,-8.58224,265,83
39.67217,-8.58481,112,31
39.68092,-8.58739,170,57
39.68967,-8.58996,85,25
39.69842,-8.59253,35,15
39.70717,-8.5951,118,30
39.71592,-8.59768,79,28
39.72468,-8.60025,43,9
39.73343,-8.60283,79,40
39.76843,-8.61315,10,3
39.77718,-8.61573,23,4
39.78593,-8.61831,29,13
39.79468,-8.6209,59,30
39.80342,-8.62348,75,30
39.81217,-8.62606,82,23
39.82092,-8.62865,94,40
39.82967,-8.63124,45,29
39.83842,-8.63383,30,11
39.84717,-8.63642,32,7
39.87341,-8.64419,139,50
39.88216,-8.64678,130,46
39.89091,-8.64938,4,0
39.89965,-8.65197,149,52
39.9084,-8.65457,201,74
39.91715,-8.65717,162,32
39.92589,-8.65976,86,30
39.93464,-8.66236,14,6
39.94338,-8.66496,4,0
39.95213,-8.66756,104,28
39.96088,-8.67017,181,50
39.96962,-8.67277,27,6
39.98711,-8.67798,134,77
39.99586,-8.68058,81,31
40.0046,-8.68319,26,14
40.01335,-8.6858,46,16
40.02209,-8.68841,95,42
40.03958,-8.69363,11,0
40.04832,-8.69624,243,81
40.05707,-8.69885,4,3
40.06581,-8.70147,3,1
40.07455,-8.70408,77,23
40.0833,-8.7067,240,82
40.09204,-8.70931,24,23
40.10078,-8.71193,44,19
40.11827,-8.71717,25,1
40.12701,-8.71979,8,0
40.13575,-8.72241,12,2
40.14449,-8.72503,2,0
40.1882,-8.73816,207,79
40.19694,-8.74079,71,19
40.21442,-8.74605,430,128
40.22316,-8.74868,212,66
40.2319,-8.75131,141,48
40.24064,-8.75395,60,23
40.24938,-8.75658,175,73
40.25811,-8.75922,123,48
40.26685,-8.76185,41,18
40.27559,-8.76449,20,3
40.28433,-8.76713,95,33
40.29307,-8.76977,191,63
40.30181,-8.77241,26,1
40.31928,-8.77769,45,17
37.04001,-7.84401,3446,552
37.04882,-7.84631,116,26
37.05763,-7.84861,192,35
37.06644,-7.85091,99,29
37.07525,-7.85322,38,10
37.08406,-7.85552,25,7
37.09287,-7.85783,73,19
37.10168,-7.86013,60,18
37.11048,-7.86244,29,7
37.11929,-7.86475,53,15
37.1281,-7.86706,4,4
37.13691,-7.86936,44,12
37.14572,-7.87167,169,39
37.15453,-7.87399,555,137
37.16333,-7.8763,204,62
37.17214,-7.87861,86,32
37.23379,-7.89482,17,9
37.2602,-7.90178,17,8
37.26901,-7.9041,43,15
37.30423,-7.9134,16,6
37.31303,-7.91573,3,1
37.35705,-7.92737,12,12
37.40987,-7.94137,3,1
37.43627,-7.94838,2,2
37.45387,-7.95306,2,2
37.52428,-7.9718,20,13
37.56827,-7.98355,53,9
37.62106,-7.99767,21,5
37.62986,-8.00003,32,22
37.65625,-8.0071,80,21
37.69143,-8.01655,6,1
37.77059,-8.03785,2,2
37.77938,-8.04022,2,0
37.92885,-8.08067,2,2
37.93764,-8.08306,3,0
37.96401,-8.09022,671,245
37.9728,-8.09261,2,2
38.03432,-8.10937,1,1
38.04311,-8.11177,6,1
38.0519,-8.11417,491,122
38.06069,-8.11657,2827,788
38.06947,-8.11897,87,11
38.07826,-8.12137,36,19
38.11341,-8.13098,2,0
38.16612,-8.14543,446,162
38.17491,-8.14784,6,2
38.20126,-8.15508,3,0
38.22762,-8.16232,8,1
38.28032,-8.17684,2,0
38.39448,-8.2084,5,0
38.51739,-8.24256,1,1
38.57883,-8.2597,2,2
38.5876,-8.26215,2,0
38.64026,-8.27689,6,3
38.64903,-8.27935,7,2
38.66658,-8.28427,5,0
38.67535,-8.28673,1,0
38.68413,-8.28919,2,0
38.76309,-8.3114,9,1
38.7894,-8.31882,10,2
38.9911,-8.37597,2,1
38.99987,-8.37847,3,0
39.05247,-8.39346,18,6
39.06123,-8.39596,17,6
39.07,-8.39847,6,5
39.08753,-8.40348,2,2
39.17517,-8.42858,5,3
39.32412,-8.47147,8,0
39.34164,-8.47653,3,0
39.3504,-8.47907,727,214
39.35916,-8.4816,1212,387
39.36792,-8.48414,6,0
39.40295,-8.49429,619,133
39.41171,-8.49683,227,26
39.42047,-8.49937,4,0
39.42923,-8.50191,39,25
39.43798,-8.50445,561,207
39.44674,-8.50699,1089,276
39.4555,-8.50954,336,90
39.46426,-8.51208,345,170
39.47301,-8.51463,31,11
39.48177,-8.51718,2,0
39.49053,-8.51973,43,20
39.49928,-8.52228,15,5
39.50804,-8.52483,39,13
39.51679,-8.52738,158,74
39.52555,-8.52993,137,41
39.5343,-8.53248,24,4
39.54306,-8.53504,102,39
39.55182,-8.53759,21,6
39.56057,-8.54015,6,2
39.56932,-8.54271,19,2
39.57808,-8.54526,69,13
39.6131,-8.55551,98,14
39.62185,-8.55807,225,64
39.6306,-8.56063,106,28
39.63936,-8.5632,6,1
39.64811,-8.56576,86,24
39.65686,-8.56833,1363,191
39.66561,-8.5709,136,40
39.67437,-8.57347,133,28
39.68312,-8.57604,94,25
39.69187,-8.57861,49,19
39.70062,-8.58118,9,4
39.70937,-8.58375,135,41
39.71812,-8.58632,19,8
39.72688,-8.5889,125,41
39.73563,-8.59147,26,5
39.74438,-8.59405,21,1
39.75313,-8.59663,71,27
39.76188,-8.5992,64,20
39.78813,-8.60694,1,0
39.79688,-8.60953,58,27
39.80563,-8.61211,46,16
39.81438,-8.61469,94,35
39.82313,-8.61728,144,65
39.83188,-8.61986,193,79
39.84062,-8.62245,87,24
39.84937,-8.62504,10,3
39.85812,-8.62763,26,5
39.86687,-8.63022,17,6
39.87562,-8.63281,17,5
39.88437,-8.6354,101,25
39.89311,-8.63799,170,72
39.90186,-8.64059,589,141
39.91061,-8.64318,1727,199
39.91935,-8.64578,491,79
39.9281,-8.64837,271,61
39.93685,-8.65097,55,11
39.95434,-8.65617,48,15
39.96309,-8.65877,25,7
39.97183,-8.66137,22,6
39.98058,-8.66398,26,13
39.98932,-8.66658,148,53
39.99807,-8.66918,44,10
40.00681,-8.67179,3,0
40.01556,-8.67439,83,31
40.0243,-8.677,45,15
40.04179,-8.68222,29,3
40.05928,-8.68744,37,11
40.06802,-8.69005,6,4
40.07677,-8.69267,21,13
40.08551,-8.69528,26,16
40.09425,-8.6979,2,0
40.103,-8.70051,6,0
40.11174,-8.70313,4,0
40.12922,-8.70837,193,63
40.13797,-8.71099,211,83
40.14671,-8.71361,211,83
40.15545,-8.71623,217,69
40.19042,-8.72673,161,54
40.19916,-8.72936,130,35
40.21664,-8.73461,204,69
40.22538,-8.73724,51,16
40.23412,-8.73988,137,40
40.2516,-8.74514,63,32
40.26034,-8.74778,128,33
40.26908,-8.75041,85,24
40.27782,-8.75305,14,3
40.28655,-8.75568,49,47
40.29529,-8.75832,84,30
40.30403,-8.76096,349,112
40.31277,-8.7636,95,25
40.32151,-8.76624,218,84
40.33025,-8.76888,6,4
37.04211,-7.83306,2248,403
37.05092,-7.83536,542,153
37.05973,-7.83766,62,15
37.06854,-7.83996,146,38
37.07735,-7.84226,62,18
37.09497,-7.84687,82,13
37.10378,-7.84918,21,7
37.11259,-7.85148,74,30
37.1214,-7.85379,38,11
37.1302,-7.85609,42,24
37.13901,-7.8584,108,22
37.14782,-7.86071,129,42
37.15663,-7.86302,264,70
37.16544,-7.86533,52,11
37.17424,-7.86764,37,13
37.18305,-7.86995,2,0
37.23589,-7.88385,12,7
37.41198,-7.93037,4,2
37.43838,-7.93737,19,11
37.50879,-7.9561,71,29
37.54399,-7.96548,27,11
37.56159,-7.97018,109,71
37.57039,-7.97252,2,1
37.60558,-7.98193,107,31
37.63198,-7.98899,112,37
37.64077,-7.99135,60,51
37.69355,-8.00551,2,1
37.77271,-8.0268,2,2
37.96614,-8.07914,232,70
38.02767,-8.09588,11,2
38.03646,-8.09828,8,0
38.05403,-8.10307,1,1
38.06282,-8.10547,2,1
38.15948,-8.13191,4,2
38.2649,-8.16087,2,0
38.60731,-8.25588,1,0
38.63364,-8.26325,6,0
38.64241,-8.2657,1,0
38.65119,-8.26816,60,18
38.65996,-8.27062,18,1
38.66874,-8.27308,1,1
38.68629,-8.278,2,2
38.79157,-8.30761,4,0
38.91436,-8.34232,1,0
38.92313,-8.34481,7,6
38.94943,-8.35227,4,0
38.99327,-8.36473,7,0
39.00204,-8.36722,8,1
39.05464,-8.38221,39,19
39.06341,-8.38471,18,9
39.19488,-8.42234,5,2
39.2124,-8.42737,2,0
39.35258,-8.46777,35,4
39.36134,-8.4703,826,222
39.3701,-8.47283,79,7
39.39638,-8.48044,55,6
39.40514,-8.48298,2156,723
39.4139,-8.48552,164,18
39.42266,-8.48806,2,1
39.44017,-8.49314,9,3
39.45769,-8.49822,651,89
39.46645,-8.50077,542,112
39.4752,-8.50331,730,230
39.49272,-8.50841,60,16
39.50147,-8.51096,138,51
39.51023,-8.5135,55,22
39.51899,-8.51605,16,7
39.52774,-8.51861,104,38
39.5365,-8.52116,44,6
39.54525,-8.52371,66,22
39.55401,-8.52626,48,17
39.56276,-8.52882,2,2
39.57152,-8.53137,140,66
39.58027,-8.53393,258,99
39.58903,-8.53649,152,53
39.60654,-8.54161,19,1
39.61529,-8.54417,198,89
39.62404,-8.54673,115,25
39.64155,-8.55185,2,0
39.6503,-8.55442,50,8
39.65906,-8.55698,107,47
39.66781,-8.55955,102,20
39.67656,-8.56212,226,51
39.68532,-8.56468,136,23
39.69407,-8.56725,119,46
39.70282,-8.56982,120,32
39.71157,-8.57239,74,19
39.72032,-8.57497,107,37
39.72908,-8.57754,90,23
39.73783,-8.58011,42,11
39.74658,-8.58269,46,16
39.75533,-8.58526,91,35
39.76408,-8.58784,12,2
39.79033,-8.59558,260,106
39.79908,-8.59816,44,3
39.80783,-8.60074,54,26
39.81658,-8.60332,47,18
39.82533,-8.60591,72,21
39.83408,-8.60849,148,75
39.84283,-8.61108,43,20
39.85158,-8.61366,102,28
39.86033,-8.61625,57,18
39.86908,-8.61884,110,26
39.87782,-8.62143,102,36
39.88657,-8.62402,138,41
39.89532,-8.62661,83,30
39.90407,-8.6292,369,64
39.91281,-8.6318,2429,444
39.92156,-8.63439,920,132
39.93031,-8.63698,85,31
39.93906,-8.63958,173,38
39.9478,-8.64218,56,13
39.95655,-8.64478,69,26
39.9653,-8.64738,89,41
39.97404,-8.64998,21,8
39.98279,-8.65258,66,23
39.99153,-8.65518,150,77
40.00028,-8.65778,54,17
40.00902,-8.66039,7,4
40.01777,-8.66299,2,2
40.02652,-8.6656,14,5
40.05275,-8.67342,111,44
40.07024,-8.67864,2,2
40.07898,-8.68125,61,19
40.08772,-8.68387,4,1
40.10521,-8.68909,135,62
40.1227,-8.69433,41,13
40.13144,-8.69695,16,7
40.14018,-8.69956,132,58
40.15767,-8.7048,120,43
40.17515,-8.71005,13,1
40.21886,-8.72318,14,2
40.2276,-8.72581,61,21
40.23634,-8.72844,63,21
40.24508,-8.73107,51,14
40.25382,-8.7337,67,13
40.26256,-8.73633,28,4
40.2713,-8.73896,128,40
40.28004,-8.7416,91,22
40.28878,-8.74423,21,5
40.29752,-8.74687,127,29
40.30625,-8.74951,245,96
40.31499,-8.75215,571,157
40.32373,-8.75479,150,53
40.33247,-8.75743,38,10
40.43731,-8.78919,253,25
40.44605,-8.79185,114,30
40.45479,-8.7945,1157,317
37.0354,-7.81981,392,140
37.04421,-7.82211,212,76
37.05302,-7.82441,299,66
37.06183,-7.82671,204,47
37.07064,-7.82901,120,19
37.07945,-7.83131,38,13
37.10588,-7.83822,29,6
37.11469,-7.84052,6,1
37.1235,-7.84283,13,4
37.13231,-7.84513,94,26
37.14111,-7.84744,7,2
37.14992,-7.84975,164,50
37.15873,-7.85206,127,52
37.18516,-7.85899,40,8
37.40529,-7.91703,1,0
37.41409,-7.91936,1,1
37.4845,-7.93806,2,2
37.51091,-7.94508,3,2
37.54611,-7.95446,166,47
37.5813,-7.96385,76,36
37.76604,-8.01337,63,22
37.77484,-8.01574,488,184
37.90674,-8.05136,56,14
37.97706,-8.07044,5,1
37.98585,-8.07283,1,0
38.06496,-8.09437,6,0
38.09132,-8.10157,1,1
38.24069,-8.14249,4,0
38.56558,-8.23245,5,0
38.57436,-8.2349,2,2
38.60947,-8.2447,17,5
38.61824,-8.24715,18,4
38.63579,-8.25206,16,2
38.64457,-8.25451,28,9
38.65335,-8.25697,11,4
38.66212,-8.25943,7,0
38.6709,-8.26189,5,0
38.76741,-8.28899,1,0
38.77618,-8.29146,3,0
38.82005,-8.30382,2,0
38.87267,-8.31868,4,2
38.99544,-8.35349,9,3
39.01298,-8.35847,9,6
39.02175,-8.36097,5,1
39.05681,-8.37096,2,2
39.20582,-8.41358,64,21
39.21458,-8.41609,57,15
39.22335,-8.41861,13,5
39.24963,-8.42617,4,1
39.31973,-8.44635,3,1
39.32849,-8.44888,3,1
39.39857,-8.46914,6,1
39.40733,-8.47167,274,69
39.41608,-8.47421,4,2
39.42484,-8.47675,8,2
39.44236,-8.48183,11,2
39.45988,-8.48691,150,32
39.46863,-8.48945,524,82
39.47739,-8.492,309,34
39.48615,-8.49454,52,13
39.49491,-8.49709,122,39
39.50366,-8.49963,51,22
39.51242,-8.50218,5,2
39.52118,-8.50473,30,7
39.53869,-8.50983,38,10
39.54744,-8.51238,88,39
39.5562,-8.51493,92,26
39.56496,-8.51749,146,53
39.57371,-8.52004,104,40
39.58247,-8.5226,170,61
39.59122,-8.52515,138,38
39.62624,-8.53539,3,0
39.63499,-8.53795,109,28
39.64375,-8.54051,7,3
39.6525,-8.54307,218,88
39.66125,-8.54564,114,31
39.67001,-8.5482,85,29
39.67876,-8.55077,88,28
39.68751,-8.55333,37,12
39.69627,-8.5559,18,4
39.70502,-8.55847,112,29
39.71377,-8.56104,2,1
39.72252,-8.56361,203,80
39.73127,-8.56618,23,5
39.74003,-8.56875,10,6
39.74878,-8.57133,28,6
39.75753,-8.5739,139,50
39.78378,-8.58163,3,2
39.79253,-8.58421,230,56
39.80128,-8.58679,358,104
39.82753,-8.59453,40,21
39.83628,-8.59712,70,31
39.84503,-8.5997,266,155
39.85378,-8.60228,69,21
39.86253,-8.60487,77,36
39.87128,-8.60746,125,35
39.88003,-8.61005,150,44
39.88878,-8.61263,58,23
39.89752,-8.61522,213,66
39.90627,-8.61782,76,18
39.91502,-8.62041,1959,397
39.92377,-8.623,1225,265
39.93252,-8.62559,29,5
39.94126,-8.62819,205,70
39.95001,-8.63078,85,37
39.95876,-8.63338,108,45
39.9675,-8.63598,23,8
39.97625,-8.63858,6,0
39.985,-8.64118,4,4
39.99374,-8.64378,33,12
40.00249,-8.64638,42,18
40.01123,-8.64898,52,14
40.01998,-8.65159,5,0
40.02873,-8.65419,82,32
40.03747,-8.6568,46,11
40.04622,-8.6594,39,13
40.05496,-8.66201,12,1
40.08119,-8.66984,33,8
40.08994,-8.67245,44,19
40.09868,-8.67506,76,22
40.12491,-8.68291,87,27
40.13365,-8.68552,2,0
40.1424,-8.68814,3,0
40.16863,-8.696,24,0
40.17737,-8.69862,201,82
40.18611,-8.70124,23,5
40.20359,-8.70649,5,0
40.21233,-8.70911,203,78
40.22108,-8.71174,7,0
40.23856,-8.717,18,10
40.2473,-8.71962,224,55
40.25604,-8.72225,212,64
40.26478,-8.72489,122,34
40.27352,-8.72752,158,38
40.28226,-8.73015,135,34
40.291,-8.73279,163,48
40.29974,-8.73542,204,38
40.30848,-8.73806,165,53
40.31721,-8.74069,133,36
40.32595,-8.74333,86,30
40.33469,-8.74597,68,20
40.34343,-8.74861,237,99
40.35217,-8.75125,150,64
40.36091,-8.7539,2,1
40.43954,-8.77772,139,10
40.44828,-8.78037,55,18
40.45701,-8.78303,107,20
40.46575,-8.78568,6,0
40.47448,-8.78833,57,13
37.03749,-7.80887,10,4
37.0463,-7.81116,75,19
37.05512,-7.81346,65,23
37.06393,-7.81576,302,89
37.07274,-7.81806,78,30
37.08155,-7.82036,102,21
37.09036,-7.82266,6,2
37.10798,-7.82726,8,4
37.11679,-7.82956,18,3
37.1256,-7.83187,33,5
37.13441,-7.83417,1,1
37.14321,-7.83648,68,30
37.15202,-7.83878,104,32
37.16083,-7.84109,11,1
37.20487,-7.85264,1,1
37.27533,-7.87116,9,4
37.37218,-7.89671,6,5
37.38099,-7.89904,3,0
37.4162,-7.90836,8,5
37.44261,-7.91536,51,32
37.47782,-7.9247,4,3
37.53942,-7.94109,2,0
37.689,-7.98106,8,3
37.76816,-8.00232,2,2
37.77696,-8.00469,43,4
37.90886,-8.04029,48,15
38.03193,-8.07369,3,0
38.04072,-8.07609,6,1
38.0583,-8.08088,4,0
38.08467,-8.08806,31,0
38.38336,-8.17009,40,9
38.43605,-8.18467,2,0
38.47995,-8.19685,3,2
38.60284,-8.23106,1,0
38.61162,-8.23352,17,11
38.6204,-8.23597,62,19
38.62917,-8.23842,51,23
38.63795,-8.24087,18,1
38.64673,-8.24333,20,6
38.6555,-8.24578,3,0
38.66428,-8.24824,51,10
38.68183,-8.25315,6,0
38.69938,-8.25807,5,1
38.74325,-8.27038,4,0
38.7608,-8.27531,1,0
38.86607,-8.30498,1,1
38.92746,-8.32234,1,0
38.99761,-8.34224,37,20
39.12911,-8.37972,3,1
39.208,-8.4023,81,26
39.21676,-8.40482,277,82
39.22552,-8.40733,2,0
39.31315,-8.43253,495,163
39.37447,-8.45023,4,0
39.38323,-8.45276,16,4
39.40951,-8.46037,15,3
39.41827,-8.4629,6,2
39.44455,-8.47051,6,1
39.4533,-8.47305,1646,576
39.46206,-8.47559,2863,839
39.47082,-8.47814,6683,1198
39.47958,-8.48068,990,184
39.48834,-8.48322,199,54
39.49709,-8.48577,7,5
39.50585,-8.48831,238,79
39.51461,-8.49086,67,22
39.54088,-8.4985,54,11
39.54963,-8.50105,2,1
39.55839,-8.5036,3,1
39.56715,-8.50615,105,35
39.5759,-8.50871,187,47
39.58466,-8.51126,237,79
39.59341,-8.51382,179,51
39.62843,-8.52404,5,0
39.63719,-8.5266,72,29
39.64594,-8.52916,270,100
39.65469,-8.53173,3,0
39.66345,-8.53429,137,64
39.6722,-8.53685,208,62
39.68096,-8.53942,12,2
39.68971,-8.54198,92,27
39.69846,-8.54455,93,31
39.70721,-8.54712,71,18
39.71597,-8.54968,363,129
39.72472,-8.55225,209,29
39.73347,-8.55482,4,0
39.74222,-8.55739,33,16
39.75098,-8.55997,77,32
39.75973,-8.56254,53,16
39.80348,-8.57542,76,24
39.81223,-8.578,54,23
39.82098,-8.58058,9,5
39.82973,-8.58316,54,20
39.83848,-8.58574,67,27
39.84723,-8.58832,40,16
39.85598,-8.59091,20,5
39.86473,-8.59349,23,11
39.87348,-8.59608,82,26
39.88223,-8.59866,42,21
39.89098,-8.60125,134,58
39.89973,-8.60384,74,25
39.90848,-8.60643,76,7
39.91722,-8.60902,711,129
39.92597,-8.61161,74,24
39.94347,-8.6168,363,103
39.95222,-8.61939,112,43
39.96096,-8.62199,241,83
39.96971,-8.62458,142,52
39.97846,-8.62718,27,10
39.9872,-8.62978,70,27
39.99595,-8.63238,46,12
40.0047,-8.63498,105,33
40.01344,-8.63758,126,51
40.02219,-8.64018,15,9
40.03093,-8.64278,227,83
40.03968,-8.64539,182,72
40.04843,-8.64799,157,62
40.05717,-8.6506,78,23
40.06592,-8.65321,195,46
40.07466,-8.65581,102,28
40.0834,-8.65842,206,76
40.09215,-8.66103,14,9
40.10089,-8.66364,184,108
40.10964,-8.66626,44,15
40.11838,-8.66887,106,45
40.13587,-8.6741,25,9
40.17084,-8.68457,496,170
40.17958,-8.68719,92,38
40.18832,-8.68981,3,0
40.19707,-8.69243,134,61
40.20581,-8.69505,39,11
40.21455,-8.69768,113,30
40.22329,-8.7003,261,67
40.23203,-8.70293,150,51
40.24077,-8.70555,53,21
40.24952,-8.70818,2,2
40.25826,-8.71081,154,45
40.267,-8.71344,50,16
40.27574,-8.71607,106,23
40.28448,-8.7187,124,32
40.29322,-8.72134,103,35
40.30196,-8.72397,144,60
40.3107,-8.7266,6,0
40.31944,-8.72924,250,59
40.32817,-8.73188,73,21
40.33691,-8.73451,124,49
40.36313,-8.74243,17,0
40.37187,-8.74508,20,6
40.41556,-8.7583,2,2
40.47671,-8.77685,20,0
40.48545,-8.77951,62,22
40.49418,-8.78217,110,39
37.0484,-7.80021,200,63
37.05721,-7.80251,111,27
37.06602,-7.80481,252,77
37.07483,-7.8071,136,38
37.08364,-7.8094,58,8
37.09245,-7.8117,18,7
37.10127,-7.814,2,2
37.11008,-7.8163,26,10
37.11889,-7.8186,8,2
37.1277,-7.82091,46,12
37.14531,-7.82551,18,8
37.15412,-7.82782,42,14
37.2422,-7.85091,9,6
37.25101,-7.85323,16,11
37.27743,-7.86017,24,17
37.28624,-7.86249,4,1
37.41831,-7.89736,5,2
37.47993,-7.91369,3,2
37.57674,-7.93944,10,1
37.61193,-7.94884,8,3
37.62073,-7.95119,187,70
37.67352,-7.9653,17,5
37.70871,-7.97473,4,0
37.75269,-7.98654,1,1
37.94616,-8.03873,4,0
37.9989,-8.05304,1,0
38.0868,-8.07696,5,0
38.09559,-8.07936,3,0
38.11317,-8.08415,18,0
38.18346,-8.10337,3,0
38.2801,-8.12989,2,2
38.32402,-8.14198,3,0
38.36794,-8.15409,4,0
38.37672,-8.15652,3,0
38.3855,-8.15894,104,32
38.39429,-8.16137,439,119
38.40307,-8.1638,10,2
38.56111,-8.20765,5,0
38.57866,-8.21254,1,0
38.58744,-8.21499,3,2
38.605,-8.21988,3,0
38.61377,-8.22233,9,1
38.62255,-8.22478,50,14
38.63133,-8.22723,136,29
38.6401,-8.22969,41,12
38.64888,-8.23214,62,9
38.65766,-8.23459,18,6
38.66643,-8.23705,1,0
38.68398,-8.24196,2,2
38.69276,-8.24442,1,0
38.70153,-8.24687,1,0
38.74541,-8.25918,13,5
38.75418,-8.26164,12,4
38.83314,-8.28386,2,0
38.86823,-8.29376,5,0
38.92085,-8.30863,7,0
38.99978,-8.331,1,0
39.07869,-8.35345,2,2
39.10499,-8.36095,3,0
39.18388,-8.3835,2,2
39.21017,-8.39103,27,7
39.21893,-8.39354,107,39
39.2277,-8.39605,4,0
39.30656,-8.41872,13,1
39.31533,-8.42124,86,35
39.32409,-8.42377,7,4
39.38541,-8.44146,62,17
39.39417,-8.44399,109,35
39.43797,-8.45666,44,18
39.45549,-8.46174,1088,187
39.46425,-8.46428,3083,702
39.47301,-8.46682,2041,303
39.48176,-8.46936,881,87
39.49052,-8.4719,114,39
39.49928,-8.47444,122,31
39.51679,-8.47953,16,7
39.52555,-8.48208,5,4
39.53431,-8.48463,10,5
39.54307,-8.48717,104,31
39.55182,-8.48972,81,25
39.56058,-8.49227,168,56
39.56934,-8.49482,49,11
39.57809,-8.49737,156,44
39.58685,-8.49993,118,55
39.5956,-8.50248,41,17
39.60436,-8.50503,21,12
39.61311,-8.50759,41,18
39.64813,-8.51782,460,158
39.65689,-8.52038,121,8
39.66564,-8.52294,18,4
39.6744,-8.5255,105,46
39.68315,-8.52807,52,9
39.70066,-8.53319,42,9
39.70941,-8.53576,328,125
39.71816,-8.53833,275,58
39.72691,-8.54089,58,8
39.74442,-8.54603,1,1
39.75317,-8.5486,47,10
39.76192,-8.55118,16,8
39.77943,-8.55632,46,16
39.78818,-8.5589,14,7
39.80568,-8.56405,143,54
39.81443,-8.56663,25,18
39.82318,-8.5692,30,21
39.83193,-8.57178,53,24
39.84068,-8.57436,5,3
39.84943,-8.57694,52,20
39.85818,-8.57953,51,19
39.86693,-8.58211,143,77
39.87568,-8.58469,88,35
39.88443,-8.58728,5,1
39.89318,-8.58987,141,37
39.90193,-8.59245,7,2
39.91068,-8.59504,2,1
39.91943,-8.59763,190,26
39.92818,-8.60022,427,142
39.93692,-8.60281,27,13
39.94567,-8.6054,11,3
39.95442,-8.608,166,54
39.96317,-8.61059,29,7
39.97192,-8.61318,53,6
39.98066,-8.61578,46,12
39.98941,-8.61838,10,7
39.99816,-8.62097,123,38
40.01565,-8.62617,120,39
40.0244,-8.62877,5,2
40.05063,-8.63658,117,9
40.05938,-8.63919,445,176
40.06812,-8.64179,134,38
40.07687,-8.6444,96,27
40.17305,-8.67314,65,12
40.1818,-8.67576,850,102
40.19054,-8.67838,112,28
40.19928,-8.681,69,23
40.20802,-8.68362,30,8
40.21677,-8.68624,48,14
40.22551,-8.68886,27,12
40.23425,-8.69149,172,48
40.24299,-8.69411,123,30
40.25173,-8.69674,91,24
40.26047,-8.69937,55,16
40.26921,-8.70199,232,61
40.27795,-8.70462,235,60
40.28669,-8.70725,185,51
40.29544,-8.70989,113,40
40.30418,-8.71252,46,19
40.31292,-8.71515,89,27
40.32165,-8.71779,110,30
40.33039,-8.72042,49,9
40.33913,-8.72306,121,28
40.36535,-8.73097,281,97
40.37409,-8.73361,49,17
40.39157,-8.7389,211,87
40.4003,-8.74154,42,13
40.40904,-8.74418,93,22
40.41778,-8.74683,313,127
40.42652,-8.74948,90,13
40.43525,-8.75212,337,117
40.44399,-8.75477,173,82
40.50515,-8.77334,151,41
37.05049,-7.78926,388,138
37.05931,-7.79156,141,34
37.06812,-7.79385,175,50
37.07693,-7.79615,147,54
37.08574,-7.79845,134,38
37.09455,-7.80074,141,35
37.10336,-7.80304,47,11
37.11217,-7.80534,23,7
37.12098,-7.80764,71,18
37.12979,-7.80994,12,6
37.1386,-7.81225,4,1
37.14741,-7.81455,40,13
37.15622,-7.81685,73,34
37.17384,-7.82146,2,2
37.18265,-7.82377,6,3
37.31476,-7.85846,4,4
37.35879,-7.87007,6,6
37.36759,-7.87239,18,14
37.41161,-7.88402,2,2
37.45563,-7.89568,43,16
37.47323,-7.90034,4,4
37.49084,-7.90501,65,32
37.65804,-7.94955,44,13
37.67564,-7.95426,14,3
37.96587,-8.03241,171,65
38.07135,-8.06107,1,1
38.08014,-8.06346,2,1
38.08893,-8.06586,9,0
38.37886,-8.14537,13,3
38.38765,-8.14779,529,90
38.39643,-8.15022,709,296
38.40521,-8.15265,4,0
38.49302,-8.17696,1,0
38.5457,-8.19159,8,0
38.55448,-8.19403,3,0
38.57203,-8.19892,4,2
38.59837,-8.20625,3,0
38.60715,-8.2087,121,33
38.61592,-8.21115,56,25
38.6247,-8.2136,26,9
38.63348,-8.21605,58,14
38.64226,-8.2185,1431,428
38.65103,-8.22095,2001,477
38.65981,-8.2234,39,5
38.66858,-8.22585,11,1
38.69491,-8.23322,5,1
38.73001,-8.24305,2,0
38.91425,-8.29492,4,0
38.98441,-8.31478,7,3
39.00194,-8.31976,1,0
39.07209,-8.3397,1,1
39.11593,-8.35219,1,0
39.21234,-8.37975,7,1
39.22111,-8.38226,11,8
39.30874,-8.40743,2,0
39.37883,-8.42763,11,2
39.38759,-8.43016,65,30
39.39635,-8.43269,245,68
39.40511,-8.43522,56,12
39.45767,-8.45042,213,16
39.46643,-8.45296,841,219
39.47519,-8.4555,928,236
39.48395,-8.45804,148,57
39.49271,-8.46058,19,3
39.50146,-8.46312,86,14
39.51022,-8.46566,47,20
39.51898,-8.46821,331,98
39.52774,-8.47075,125,41
39.5365,-8.4733,106,34
39.54525,-8.47584,223,103
39.55401,-8.47839,141,29
39.56277,-8.48094,9,0
39.57152,-8.48349,29,8
39.58028,-8.48604,85,27
39.58904,-8.48859,129,30
39.59779,-8.49114,71,20
39.60655,-8.49369,70,32
39.6153,-8.49625,236,111
39.65032,-8.50647,24,2
39.65908,-8.50903,88,38
39.66783,-8.51159,150,66
39.67659,-8.51415,172,59
39.68534,-8.51671,51,20
39.6941,-8.51928,18,6
39.70285,-8.52184,72,26
39.7116,-8.5244,193,58
39.72036,-8.52697,159,29
39.72911,-8.52954,30,7
39.73786,-8.5321,126,28
39.74661,-8.53467,41,12
39.75537,-8.53724,122,62
39.76412,-8.53981,48,15
39.77287,-8.54238,25,7
39.78162,-8.54495,17,7
39.79038,-8.54753,8,4
39.80788,-8.55268,35,5
39.81663,-8.55525,121,44
39.82538,-8.55783,10,4
39.83413,-8.56041,16,8
39.85163,-8.56557,34,15
39.86038,-8.56815,136,47
39.86913,-8.57073,63,21
39.87788,-8.57331,66,19
39.88663,-8.5759,72,20
39.89538,-8.57848,107,39
39.93038,-8.58883,63,21
39.93913,-8.59142,159,43
39.94788,-8.59401,5,1
39.95662,-8.5966,71,27
39.99161,-8.60698,4,2
40.00036,-8.60957,10,0
40.00911,-8.61217,21,11
40.01786,-8.61477,67,19
40.0266,-8.61737,14,3
40.05284,-8.62517,36,9
40.06159,-8.62777,1328,353
40.07033,-8.63038,110,9
40.09657,-8.6382,1,1
40.10531,-8.64081,241,95
40.11406,-8.64341,1,0
40.14903,-8.65386,546,198
40.15778,-8.65647,138,27
40.17527,-8.66171,135,22
40.18401,-8.66432,337,24
40.19275,-8.66694,3,2
40.20149,-8.66956,91,23
40.21024,-8.67218,184,39
40.21898,-8.6748,64,21
40.22772,-8.67742,75,23
40.23646,-8.68005,247,63
40.24521,-8.68267,160,37
40.25395,-8.68529,16,2
40.27143,-8.69055,99,28
40.28017,-8.69318,43,20
40.28891,-8.6958,54,14
40.29765,-8.69843,68,16
40.30639,-8.70107,50,12
40.31513,-8.7037,102,30
40.32387,-8.70633,109,23
40.33261,-8.70896,11,1
40.35883,-8.71687,47,14
40.36757,-8.71951,112,32
40.37631,-8.72215,185,52
40.38505,-8.72479,111,24
40.39379,-8.72743,39,10
40.40253,-8.73007,47,11
40.41126,-8.73271,241,65
40.42,-8.73536,440,136
40.42874,-8.738,998,300
40.43748,-8.74065,248,45
40.44621,-8.7433,86,31
40.50737,-8.76185,16,1
40.51611,-8.76451,77,21
40.52484,-8.76716,161,58
40.53358,-8.76982,26,8
37.04378,-7.77602,67,27
37.05259,-7.77831,419,115
37.0614,-7.7806,250,85
37.07021,-7.7829,109,25
37.07902,-7.78519,557,98
37.08783,-7.78749,713,224
37.09665,-7.78979,38,13
37.10546,-7.79208,33,11
37.11427,-7.79438,23,9
37.12308,-7.79668,98,31
37.13189,-7.79898,37,11
37.1407,-7.80128,25,10
37.14951,-7.80358,80,28
37.15832,-7.80589,30,17
37.16713,-7.80819,12,4
37.17594,-7.81049,86,35
37.18475,-7.8128,2,2
37.19356,-7.8151,1,1
37.20236,-7.81741,2,0
37.21117,-7.81972,2,0
37.2376,-7.82664,4,3
37.24641,-7.82896,49,27
37.25521,-7.83127,2,2
37.26402,-7.83358,11,8
37.31686,-7.84747,3,2
37.3697,-7.86139,2,2
37.41372,-7.87302,7,3
37.45774,-7.88467,5,4
37.49295,-7.894,28,10
37.57216,-7.91505,6,5
37.63376,-7.93146,2,2
37.71295,-7.95264,1,0
37.8185,-7.98097,2,0
37.94162,-8.01419,3,0
37.96799,-8.02133,229,70
38.02074,-8.03563,232,64
38.02953,-8.03802,25,9
38.11743,-8.06194,834,214
38.12622,-8.06433,73,20
38.36344,-8.12938,6,2
38.38979,-8.13664,9,2
38.39857,-8.13907,10,2
38.4337,-8.14877,5,2
38.53029,-8.17554,8,5
38.53907,-8.17798,4,0
38.55662,-8.18286,10,8
38.57418,-8.18774,4,0
38.6093,-8.19752,16,6
38.61807,-8.19996,16,3
38.62685,-8.20241,13,1
38.63563,-8.20486,24,2
38.64441,-8.20731,2431,554
38.65318,-8.20976,2435,655
38.66196,-8.21221,28,14
38.67951,-8.21711,3,2
38.69707,-8.22202,1,0
38.76727,-8.24169,3,0
38.9778,-8.30106,160,65
38.98657,-8.30354,255,78
38.99534,-8.30603,35,25
39.07426,-8.32844,1,1
39.23205,-8.37349,8,3
39.38977,-8.41885,40,10
39.39853,-8.42138,82,25
39.40729,-8.42391,148,56
39.41606,-8.42644,97,34
39.45985,-8.43911,1135,280
39.46861,-8.44164,1100,296
39.47737,-8.44418,707,170
39.48613,-8.44672,57,21
39.49489,-8.44926,3,0
39.50365,-8.4518,2,0
39.51241,-8.45434,7,4
39.52117,-8.45688,35,12
39.52992,-8.45942,11,1
39.53868,-8.46197,192,77
39.54744,-8.46451,106,34
39.5562,-8.46706,51,10
39.56495,-8.46961,137,50
39.57371,-8.47215,166,58
39.58247,-8.4747,194,62
39.59122,-8.47725,330,95
39.59998,-8.4798,53,16
39.60874,-8.48235,3,3
39.61749,-8.48491,13,7
39.62625,-8.48746,4,0
39.635,-8.49001,50,24
39.64376,-8.49257,15,4
39.65251,-8.49513,23,5
39.66127,-8.49768,121,57
39.67002,-8.50024,53,29
39.67878,-8.5028,53,25
39.68753,-8.50536,12,4
39.69629,-8.50792,62,16
39.70504,-8.51048,24,7
39.71379,-8.51305,30,3
39.72255,-8.51561,66,15
39.7313,-8.51818,23,10
39.74006,-8.52074,65,25
39.74881,-8.52331,90,24
39.75756,-8.52588,148,60
39.76631,-8.52845,29,10
39.77507,-8.53102,44,14
39.78382,-8.53359,6,2
39.79257,-8.53616,4,0
39.81883,-8.54388,112,44
39.82758,-8.54645,53,22
39.83633,-8.54903,25,10
39.84508,-8.55161,3,0
39.85383,-8.55419,58,19
39.86258,-8.55677,39,11
39.87133,-8.55935,48,26
39.88008,-8.56193,57,18
39.88883,-8.56451,80,28
39.89758,-8.56709,39,17
39.94133,-8.58002,75,27
39.95008,-8.58261,131,43
39.95883,-8.5852,16,4
39.97632,-8.59039,77,26
39.98507,-8.59298,42,27
39.99382,-8.59557,2,2
40.01131,-8.60076,48,13
40.02006,-8.60336,55,13
40.02881,-8.60596,16,9
40.03755,-8.60856,78,22
40.0463,-8.61116,248,102
40.05505,-8.61376,119,28
40.06379,-8.61636,265,50
40.07254,-8.61896,1,0
40.08128,-8.62157,53,22
40.09003,-8.62417,205,78
40.10752,-8.62939,423,162
40.11627,-8.63199,150,50
40.13376,-8.63721,180,51
40.1425,-8.63982,111,26
40.15124,-8.64243,127,31
40.15999,-8.64505,115,34
40.19496,-8.65551,61,9
40.20371,-8.65812,338,107
40.21245,-8.66074,321,100
40.22119,-8.66336,101,23
40.22993,-8.66598,110,35
40.23868,-8.6686,183,44
40.24742,-8.67123,78,25
40.25616,-8.67385,54,20
40.2649,-8.67647,5,2
40.27364,-8.6791,179,43
40.28239,-8.68173,26,3
40.29113,-8.68435,206,62
40.29987,-8.68698,97,34
40.30861,-8.68961,184,50
40.31735,-8.69224,55,10
40.32609,-8.69487,127,43
40.33483,-8.69751,113,33
40.34357,-8.70014,106,30
40.35231,-8.70277,97,31
40.36105,-8.70541,60,15
40.36979,-8.70805,9,5
40.37853,-8.71068,85,29
40.38727,-8.71332,86,27
40.39601,-8.71596,48,14
40.40475,-8.7186,162,48
40.41348,-8.72124,13,1
40.42222,-8.72389,153,52
40.43096,-8.72653,442,143
40.4397,-8.72917,432,149
40.44844,-8.73182,434,146
40.45717,-8.73447,16,2
40.46591,-8.73711,7,0
40.52707,-8.75567,6,0
40.5358,-8.75833,60,22
40.54454,-8.76098,237,89
40.55327,-8.76364,15,1
37.05468,-7.76736,394,105
37.06349,-7.76965,75,16
37.0723,-7.77194,28,8
37.08112,-7.77424,125,54
37.08993,-7.77653,59,24
37.09874,-7.77883,87,24
37.11636,-7.78342,29,6
37.12517,-7.78572,45,10
37.13398,-7.78802,3,1
37.14279,-7.79032,35,15
37.1516,-7.79262,354,111
37.16041,-7.79492,3,0
37.16922,-7.79722,13,8
37.17803,-7.79952,24,11
37.18684,-7.80183,2,1
37.21327,-7.80874,2,0
37.2485,-7.81798,6,6
37.31016,-7.83417,13,5
37.31896,-7.83648,4,3
37.34538,-7.84344,4,1
37.35419,-7.84575,3,2
37.3718,-7.8504,5,4
37.38941,-7.85504,1,1
37.40702,-7.85969,3,3
37.41582,-7.86202,17,11
37.42463,-7.86434,11,4
37.46865,-7.87599,21,7
37.49505,-7.88298,4,0
37.52146,-7.88999,1,1
37.70626,-7.93923,191,62
38.0844,-8.04126,2,0
38.09319,-8.04365,306,84
38.12835,-8.05322,1,0
38.13714,-8.05562,1,0
38.15471,-8.06042,3,0
38.28652,-8.09649,2,1
38.2953,-8.0989,5,0
38.42706,-8.13519,3,0
38.46219,-8.1449,1,0
38.49731,-8.15463,81,34
38.53243,-8.16437,14,9
38.54121,-8.1668,738,274
38.54999,-8.16924,7,1
38.55877,-8.17168,4,4
38.59389,-8.18145,6,2
38.63778,-8.19367,42,8
38.64656,-8.19612,151,28
38.66411,-8.20102,2,0
38.69044,-8.20837,22,14
38.69922,-8.21083,116,36
38.79575,-8.23787,4,2
38.97996,-8.28982,374,149
38.98873,-8.2923,279,109
38.9975,-8.29478,206,97
39.00627,-8.29727,105,52
39.03258,-8.30473,2,0
39.23422,-8.36221,14,0
39.32186,-8.38736,8,2
39.40947,-8.4126,237,61
39.41823,-8.41513,732,225
39.427,-8.41766,208,107
39.45328,-8.42526,22,8
39.46204,-8.42779,209,56
39.47079,-8.43033,3,0
39.51459,-8.44301,8,1
39.52335,-8.44556,185,58
39.53211,-8.4481,126,37
39.54086,-8.45064,190,67
39.54962,-8.45318,181,64
39.56714,-8.45827,6,1
39.5759,-8.46082,38,10
39.58465,-8.46337,37,8
39.59341,-8.46591,29,6
39.60217,-8.46846,150,42
39.61092,-8.47101,115,27
39.61968,-8.47356,159,62
39.62843,-8.47612,34,13
39.6547,-8.48378,60,24
39.66346,-8.48633,115,46
39.67221,-8.48889,15,5
39.68097,-8.49145,80,31
39.69848,-8.49657,96,35
39.70723,-8.49913,65,15
39.71599,-8.50169,42,5
39.72474,-8.50425,165,55
39.73349,-8.50682,13,9
39.74225,-8.50938,61,20
39.751,-8.51195,78,21
39.75975,-8.51451,18,7
39.76851,-8.51708,10,6
39.78601,-8.52222,27,7
39.79477,-8.52479,123,43
39.82102,-8.5325,17,4
39.82977,-8.53508,10,6
39.83852,-8.53765,7,3
39.84728,-8.54023,5,5
39.85603,-8.54281,6,3
39.86478,-8.54538,38,12
39.87353,-8.54796,40,19
39.88228,-8.55054,15,0
39.89103,-8.55312,127,54
39.89978,-8.55571,60,20
39.95228,-8.57122,19,3
39.96103,-8.57381,7,3
39.96977,-8.5764,35,14
39.97852,-8.57899,201,59
39.98727,-8.58158,120,40
39.99602,-8.58417,50,14
40.00477,-8.58676,242,72
40.01352,-8.58936,51,16
40.02226,-8.59196,96,32
40.03101,-8.59455,54,28
40.03976,-8.59715,1,0
40.0485,-8.59975,365,131
40.05725,-8.60235,16,5
40.066,-8.60495,227,68
40.07474,-8.60755,40,10
40.08349,-8.61015,42,16
40.09224,-8.61275,109,42
40.10098,-8.61536,1,0
40.10973,-8.61796,3,0
40.11847,-8.62057,4,1
40.14471,-8.62839,50,18
40.15345,-8.63101,185,82
40.1622,-8.63362,1317,278
40.19717,-8.64407,69,11
40.20592,-8.64669,588,154
40.21466,-8.6493,630,211
40.2234,-8.65192,217,64
40.23215,-8.65454,131,28
40.24089,-8.65716,22,7
40.24963,-8.65978,119,41
40.25837,-8.6624,117,49
40.27586,-8.66765,66,17
40.2846,-8.67028,37,5
40.29334,-8.6729,92,12
40.30208,-8.67553,12,4
40.31082,-8.67816,28,8
40.31956,-8.68079,3,3
40.33705,-8.68605,37,12
40.34579,-8.68868,76,20
40.35453,-8.69131,42,15
40.37201,-8.69658,7,4
40.38075,-8.69922,13,3
40.38949,-8.70185,79,29
40.39822,-8.70449,242,84
40.40696,-8.70713,32,15
40.4157,-8.70977,4,3
40.42444,-8.71241,7,1
40.43318,-8.71505,185,72
40.44192,-8.7177,159,59
40.45066,-8.72034,306,98
40.45939,-8.72299,609,220
40.46813,-8.72563,249,105
40.54676,-8.74949,95,25
40.5555,-8.75215,447,83
40.56423,-8.7548,310,69
37.05677,-7.75641,729,184
37.06558,-7.7587,189,70
37.0744,-7.76099,63,25
37.08321,-7.76328,151,48
37.09202,-7.76558,75,35
37.10083,-7.76787,41,10
37.10964,-7.77016,18,8
37.11845,-7.77246,19,9
37.12727,-7.77476,22,4
37.14489,-7.77935,20,6
37.1537,-7.78165,252,103
37.16251,-7.78395,8,3
37.17132,-7.78625,22,10
37.18013,-7.78855,16,9
37.19775,-7.79316,2,2
37.21537,-7.79777,9,4
37.22418,-7.80007,2,2
37.2506,-7.807,9,4
37.33868,-7.83012,29,10
37.40032,-7.84636,20,6
37.48836,-7.86963,4,3
37.65558,-7.91408,3,2
37.85792,-7.96831,4,0
37.95466,-7.9944,6,0
38.26229,-8.07813,3,0
38.45555,-8.13131,2,0
38.49067,-8.14103,2,2
38.51702,-8.14833,1,0
38.54336,-8.15563,54,18
38.55214,-8.15807,2,2
38.56092,-8.1605,4,0
38.62237,-8.17759,2,2
38.63115,-8.18004,21,4
38.63993,-8.18248,23,7
38.6487,-8.18493,14,0
38.65748,-8.18738,25,2
38.66626,-8.18983,1,0
38.68381,-8.19472,6,0
38.69259,-8.19718,70,36
38.70137,-8.19963,45,23
38.7628,-8.21682,6,1
38.78913,-8.2242,3,2
38.7979,-8.22666,418,167
38.80667,-8.22912,158,60
38.98212,-8.27857,199,84
38.99089,-8.28106,310,121
39.06105,-8.30095,2,2
39.19256,-8.3384,5,0
39.23639,-8.35093,4,1
39.24515,-8.35344,3,0
39.27145,-8.36097,19,1
39.42041,-8.40382,121,29
39.42917,-8.40635,84,20
39.45545,-8.41394,2,2
39.51677,-8.43169,42,14
39.52553,-8.43423,78,16
39.53429,-8.43677,214,76
39.54305,-8.43931,97,24
39.55181,-8.44185,119,37
39.56056,-8.44439,70,27
39.56932,-8.44694,71,31
39.57808,-8.44948,52,6
39.58684,-8.45203,455,105
39.59559,-8.45458,10,3
39.61311,-8.45967,23,10
39.62186,-8.46222,35,13
39.63938,-8.46732,5,0
39.64813,-8.46988,10,2
39.65689,-8.47243,11,5
39.66564,-8.47499,30,5
39.6744,-8.47754,32,8
39.68316,-8.4801,45,20
39.70067,-8.48521,17,3
39.70942,-8.48777,46,23
39.71818,-8.49033,24,6
39.72693,-8.49289,271,97
39.73568,-8.49546,102,28
39.74444,-8.49802,32,9
39.75319,-8.50058,29,12
39.7707,-8.50571,6,3
39.77945,-8.50828,128,68
39.7882,-8.51085,104,30
39.79696,-8.51342,75,15
39.84947,-8.52885,3,0
39.85822,-8.53143,19,8
39.86697,-8.534,17,8
39.87572,-8.53658,141,73
39.89323,-8.54174,69,32
39.90198,-8.54432,27,11
39.94573,-8.55724,11,4
39.95448,-8.55982,150,66
39.96323,-8.56241,81,20
39.97197,-8.565,50,11
39.98072,-8.56759,19,8
39.99822,-8.57277,17,7
40.00697,-8.57536,145,53
40.01572,-8.57795,116,45
40.02446,-8.58055,113,40
40.03321,-8.58314,116,55
40.05071,-8.58834,31,6
40.05945,-8.59093,5,2
40.0682,-8.59353,41,17
40.07695,-8.59613,111,21
40.08569,-8.59873,27,9
40.09444,-8.60134,87,29
40.10319,-8.60394,340,118
40.12068,-8.60915,16,6
40.12942,-8.61175,24,15
40.13817,-8.61436,78,18
40.15566,-8.61958,60,17
40.1644,-8.62219,108,23
40.17315,-8.6248,33,6
40.19938,-8.63264,8,0
40.20813,-8.63525,180,37
40.21687,-8.63787,495,131
40.22561,-8.64048,212,45
40.23436,-8.6431,65,22
40.2431,-8.64572,25,7
40.26058,-8.65096,40,10
40.26933,-8.65358,38,11
40.27807,-8.6562,358,119
40.28681,-8.65883,254,77
40.29555,-8.66145,71,17
40.30429,-8.66408,41,12
40.31304,-8.6667,58,14
40.32178,-8.66933,49,7
40.33052,-8.67196,32,8
40.33926,-8.67459,95,42
40.348,-8.67722,85,23
40.35674,-8.67985,16,8
40.36548,-8.68248,45,15
40.37422,-8.68512,38,14
40.38296,-8.68775,8,1
40.40044,-8.69302,6,0
40.40918,-8.69566,208,85
40.41792,-8.6983,195,51
40.42666,-8.70094,69,27
40.4354,-8.70358,53,11
40.44414,-8.70622,9,8
40.45288,-8.70886,17,0
40.46161,-8.71151,203,90
40.47035,-8.71415,31,12
40.55772,-8.74065,15,3
40.56646,-8.74331,268,40
40.57519,-8.74596,177,48
40.58393,-8.74862,117,35
37.06767,-7.74774,64,23
37.07649,-7.75003,117,43
37.0853,-7.75233,58,21
37.09411,-7.75462,43,13
37.10292,-7.75691,44,18
37.11173,-7.7592,24,8
37.12055,-7.7615,32,18
37.12936,-7.76379,1,0
37.13817,-7.76609,9,3
37.14698,-7.76839,20,11
37.15579,-7.77068,120,32
37.1646,-7.77298,25,14
37.17341,-7.77528,12,10
37.18222,-7.77758,6,4
37.20865,-7.78449,4,1
37.27032,-7.80063,4,4
37.32316,-7.8145,25,19
37.33197,-7.81681,154,92
37.42883,-7.84233,73,29
37.43764,-7.84465,4,0
37.47286,-7.85396,1,1
37.48166,-7.85629,3,0
37.50807,-7.86328,7,3
37.63129,-7.89601,5,0
37.64009,-7.89835,14,8
37.76328,-7.93126,2,0
37.84245,-7.95251,1,1
37.85124,-7.95487,2,0
37.86004,-7.95724,668,223
37.91281,-7.97145,2,0
38.05349,-8.0095,1,0
38.27321,-8.0694,5,1
38.32593,-8.08386,1,0
38.37864,-8.09836,4,0
38.40499,-8.10561,3,1
38.42255,-8.11046,1,0
38.51916,-8.13716,7,2
38.53672,-8.14202,2,2
38.60696,-8.16152,2,1
38.62452,-8.16641,1,1
38.63329,-8.16885,4,0
38.65085,-8.17374,6,1
38.65963,-8.17619,20,6
38.67719,-8.18108,4,0
38.73862,-8.19824,5,2
38.7474,-8.2007,3,0
38.76495,-8.20561,4,0
39.01937,-8.27726,2,1
39.1772,-8.32212,2,0
39.24732,-8.34216,1,0
39.25609,-8.34467,48,11
39.26485,-8.34718,17,1
39.27362,-8.34969,161,67
39.43135,-8.39504,4,0
39.44887,-8.40009,11,3
39.45763,-8.40262,288,96
39.50143,-8.41529,1,0
39.51895,-8.42036,62,33
39.52771,-8.4229,118,44
39.54523,-8.42798,13,4
39.55399,-8.43052,53,18
39.56275,-8.43306,94,27
39.5715,-8.4356,126,29
39.58026,-8.43815,90,17
39.58902,-8.44069,156,39
39.59778,-8.44324,16,3
39.60653,-8.44578,2,1
39.61529,-8.44833,107,31
39.62405,-8.45088,87,22
39.63281,-8.45343,14,5
39.64156,-8.45598,119,32
39.65032,-8.45853,5,0
39.65907,-8.46108,1,1
39.66783,-8.46363,16,4
39.68534,-8.46874,9,4
39.70285,-8.47386,5,0
39.71161,-8.47641,43,21
39.72036,-8.47897,210,86
39.72912,-8.48153,41,16
39.73787,-8.48409,31,4
39.74663,-8.48666,10,1
39.75538,-8.48922,49,30
39.76414,-8.49178,155,52
39.77289,-8.49435,123,35
39.78164,-8.49691,78,35
39.81665,-8.50718,1,1
39.82541,-8.50975,18,5
39.83416,-8.51233,4,2
39.84291,-8.5149,36,13
39.85166,-8.51747,47,33
39.86042,-8.52005,56,21
39.86917,-8.52262,57,20
39.87792,-8.5252,44,13
39.88667,-8.52777,42,11
39.89542,-8.53035,98,59
39.90417,-8.53293,47,23
39.93042,-8.54067,19,4
39.93917,-8.54326,20,5
39.95667,-8.54843,4,3
39.99167,-8.55877,112,37
40.00042,-8.56136,15,5
40.00917,-8.56396,13,1
40.01792,-8.56655,22,7
40.02666,-8.56914,7,4
40.03541,-8.57173,76,47
40.06166,-8.57952,3,3
40.0704,-8.58212,41,11
40.07915,-8.58472,131,26
40.0879,-8.58732,28,10
40.10539,-8.59252,177,62
40.11414,-8.59512,76,25
40.12288,-8.59772,19,10
40.13163,-8.60033,57,13
40.14037,-8.60293,23,7
40.14912,-8.60554,2,0
40.15787,-8.60815,169,53
40.16661,-8.61076,38,11
40.17536,-8.61336,729,160
40.1841,-8.61597,508,64
40.21033,-8.62381,489,157
40.21908,-8.62643,97,32
40.22782,-8.62904,37,7
40.24531,-8.63427,177,66
40.25405,-8.63689,20,5
40.26279,-8.63951,3,2
40.27154,-8.64213,12,3
40.28028,-8.64475,147,56
40.28902,-8.64738,183,52
40.30651,-8.65262,10,3
40.31525,-8.65525,104,29
40.32399,-8.65787,158,53
40.33273,-8.6605,29,11
40.34147,-8.66313,163,52
40.35021,-8.66576,5,0
40.3677,-8.67102,4,0
40.37644,-8.67365,80,17
40.38518,-8.67628,278,116
40.39392,-8.67892,49,22
40.40266,-8.68155,1,0
40.42014,-8.68683,93,29
40.42888,-8.68947,246,76
40.43761,-8.6921,242,73
40.44635,-8.69474,56,13
40.45509,-8.69739,13,4
40.46383,-8.70003,368,82
40.47257,-8.70267,315,79
40.48131,-8.70531,26,8
40.57742,-8.73447,51,12
40.58615,-8.73712,538,114
40.59489,-8.73978,617,153
40.61236,-8.7451,437,90
37.06976,-7.73679,343,122
37.07857,-7.73908,37,18
37.08739,-7.74137,59,18
37.0962,-7.74366,61,24
37.10501,-7.74595,44,18
37.11382,-7.74824,42,8
37.12264,-7.75054,74,22
37.13145,-7.75283,15,5
37.14907,-7.75742,15,5
37.15788,-7.75972,24,13
37.16669,-7.76201,14,5
37.1755,-7.76431,43,20
37.18432,-7.76661,3,0
37.20194,-7.77121,6,4
37.21075,-7.77351,2,1
37.22837,-7.77812,2,2
37.23717,-7.78042,10,5
37.36049,-7.81277,12,10
37.36929,-7.81508,4,3
37.3781,-7.8174,28,20
37.39571,-7.82204,13,8
37.42213,-7.829,1,1
37.43093,-7.83132,2,2
37.45735,-7.83829,2,2
37.46615,-7.84062,2,1
37.47496,-7.84295,10,6
37.48376,-7.84527,7,2
37.53658,-7.85926,14,9
37.56299,-7.86626,22,12
37.6158,-7.88029,25,15
37.7478,-7.9155,24,9
37.87975,-7.9509,2,0
38.06441,-8.00078,2,1
38.29292,-8.06308,7,2
38.33685,-8.07513,6,4
38.38077,-8.08721,1,0
38.40712,-8.09446,23,6
38.45982,-8.10899,10,0
38.61788,-8.15278,1,0
38.69689,-8.17478,3,0
38.75833,-8.19195,4,1
38.7671,-8.1944,111,49
38.78465,-8.19932,1,0
38.96013,-8.24866,1,1
38.9689,-8.25113,6,6
39.17936,-8.31085,15,2
39.20566,-8.31835,1,0
39.24949,-8.33087,8,1
39.25826,-8.33338,22,9
39.28455,-8.34091,4,0
39.32837,-8.35347,9,2
39.45105,-8.38878,6,2
39.45981,-8.39131,119,45
39.46857,-8.39384,3,0
39.51237,-8.4065,54,20
39.52113,-8.40904,103,41
39.52989,-8.41157,20,5
39.53865,-8.41411,4,0
39.54741,-8.41665,18,7
39.55617,-8.41919,26,12
39.56493,-8.42173,83,35
39.57368,-8.42427,147,45
39.58244,-8.42681,105,39
39.5912,-8.42935,183,63
39.59996,-8.4319,53,15
39.60872,-8.43444,21,9
39.61747,-8.43699,141,42
39.62623,-8.43954,255,77
39.63499,-8.44208,103,30
39.64375,-8.44463,37,15
39.6525,-8.44718,2,0
39.66126,-8.44973,34,19
39.67002,-8.45228,103,41
39.70504,-8.4625,26,9
39.7138,-8.46506,43,18
39.72255,-8.46761,109,52
39.75757,-8.47785,32,8
39.76632,-8.48042,56,14
39.79259,-8.48811,13,9
39.80134,-8.49067,133,29
39.81009,-8.49324,8,5
39.81885,-8.49581,31,7
39.8276,-8.49838,84,37
39.83635,-8.50095,46,24
39.8451,-8.50352,73,43
39.85386,-8.50609,76,34
39.86261,-8.50866,45,16
39.87136,-8.51124,35,17
39.88011,-8.51381,93,23
39.88886,-8.51639,80,20
39.89762,-8.51896,115,37
39.90637,-8.52154,145,51
39.91512,-8.52412,8,4
39.93262,-8.52928,13,4
39.94137,-8.53186,28,11
39.95012,-8.53444,39,7
39.95887,-8.53703,104,48
39.96762,-8.53961,51,26
39.97637,-8.5422,15,6
39.99387,-8.54737,6,4
40.02886,-8.55773,47,16
40.03761,-8.56032,132,61
40.0726,-8.5707,116,41
40.10759,-8.5811,20,5
40.11634,-8.5837,2,1
40.12509,-8.5863,1,0
40.15132,-8.59411,124,29
40.16007,-8.59672,313,124
40.16881,-8.59932,14,1
40.17756,-8.60193,337,60
40.18631,-8.60454,252,76
40.21254,-8.61237,235,16
40.22128,-8.61499,4,0
40.23877,-8.62021,54,16
40.24752,-8.62283,71,20
40.265,-8.62806,45,15
40.27375,-8.63068,152,55
40.28249,-8.6333,72,18
40.29123,-8.63592,4,0
40.29997,-8.63855,9,1
40.30872,-8.64117,279,80
40.31746,-8.64379,191,63
40.3262,-8.64642,222,61
40.33494,-8.64904,4,2
40.34368,-8.65167,21,5
40.38739,-8.66482,216,89
40.39613,-8.66745,3,0
40.40487,-8.67008,2,0
40.41361,-8.67272,11,2
40.42235,-8.67535,215,53
40.43109,-8.67799,280,97
40.43983,-8.68063,280,83
40.45731,-8.68591,205,62
40.46605,-8.68855,36,8
40.47479,-8.69119,243,66
40.48353,-8.69383,532,93
40.49226,-8.69647,233,65
40.501,-8.69912,29,11
40.58837,-8.72562,21,0
40.59711,-8.72828,548,109
40.60585,-8.73093,687,152
40.61458,-8.73359,945,223
40.62332,-8.73625,624,121
40.63205,-8.73891,220,19
40.64079,-8.74157,2069,313
37.08066,-7.72812,97,33
37.08948,-7.73041,95,27
37.09829,-7.7327,153,59
37.1071,-7.73499,53,21
37.11591,-7.73728,52,18
37.12473,-7.73957,15,2
37.13354,-7.74187,7,3
37.14235,-7.74416,7,3
37.15116,-7.74645,34,18
37.15997,-7.74875,46,21
37.16878,-7.75105,7,1
37.1776,-7.75334,1,0
37.18641,-7.75564,20,8
37.20403,-7.76024,2,0
37.21284,-7.76254,2,2
37.23046,-7.76714,1,1
37.24808,-7.77175,2,2
37.2657,-7.77636,4,4
37.30093,-7.78559,1,1
37.37139,-7.80408,2,2
37.38901,-7.80872,15,9
37.43303,-7.82031,12,3
37.47706,-7.83193,15,5
37.50347,-7.83891,6,4
37.52988,-7.8459,1,1
37.53869,-7.84823,2,1
37.64431,-7.87628,3,0
37.67071,-7.88331,22,10
37.90825,-7.94692,7,0
38.00498,-7.97302,6,0
38.04895,-7.98492,83,22
38.05774,-7.9873,1075,329
38.1017,-7.99922,1,0
38.16323,-8.01595,1,0
38.1896,-8.02314,6,0
38.23354,-8.03513,1,1
38.2599,-8.04233,2,2
38.26869,-8.04473,3,1
38.27748,-8.04714,8,2
38.28626,-8.04954,17,8
38.36534,-8.07123,4,0
38.37412,-8.07364,4,0
38.41804,-8.08572,2,0
38.541,-8.11967,3,0
38.54978,-8.12211,33,12
38.55856,-8.12454,6,1
38.58491,-8.13184,31,8
38.6288,-8.14403,10,0
38.65514,-8.15136,6,4
38.6727,-8.15624,2,0
38.69026,-8.16114,9,0
38.69903,-8.16358,2,0
38.74292,-8.17583,3,0
38.96228,-8.23742,2,1
38.97106,-8.23989,19,11
39.02368,-8.25476,3,0
39.25166,-8.31959,45,17
39.26043,-8.3221,21,6
39.38313,-8.35728,3,0
39.39189,-8.3598,1,0
39.46198,-8.37999,5,3
39.47075,-8.38252,41,0
39.48827,-8.38758,143,38
39.49703,-8.39011,71,19
39.52331,-8.39771,179,65
39.53207,-8.40024,104,39
39.54083,-8.40278,4,0
39.55835,-8.40785,150,50
39.56711,-8.41039,176,45
39.57586,-8.41293,244,65
39.58462,-8.41547,97,27
39.59338,-8.41801,484,149
39.60214,-8.42056,429,120
39.6109,-8.4231,411,112
39.61966,-8.42565,135,30
39.62841,-8.42819,130,32
39.63717,-8.43074,10,4
39.64593,-8.43328,1,1
39.70722,-8.45114,60,21
39.71598,-8.4537,93,39
39.72474,-8.45625,18,7
39.73349,-8.45881,146,52
39.74225,-8.46137,90,25
39.751,-8.46393,195,52
39.75976,-8.46649,240,54
39.76851,-8.46905,150,49
39.77727,-8.47161,26,3
39.78602,-8.47417,23,6
39.79477,-8.47674,75,19
39.80353,-8.4793,43,17
39.82103,-8.48443,36,13
39.82979,-8.487,29,12
39.83854,-8.48957,10,7
39.84729,-8.49214,6,4
39.85605,-8.49471,37,12
39.8648,-8.49728,73,35
39.87355,-8.49985,126,52
39.8823,-8.50243,19,7
39.89106,-8.505,19,2
39.89981,-8.50758,45,13
39.90856,-8.51015,3,2
39.91731,-8.51273,2,2
39.92606,-8.51531,1,0
39.93481,-8.51789,56,15
39.94356,-8.52047,131,42
39.95231,-8.52305,86,35
39.96106,-8.52563,21,9
39.96982,-8.52821,9,6
39.98732,-8.53338,35,17
40.00481,-8.53855,85,33
40.03106,-8.54632,41,16
40.03981,-8.54891,49,18
40.04856,-8.5515,4,1
40.05731,-8.5541,34,6
40.06606,-8.55669,12,4
40.0748,-8.55928,76,27
40.14478,-8.58008,405,127
40.15353,-8.58268,83,33
40.17976,-8.5905,522,20
40.18851,-8.59311,163,43
40.21474,-8.60093,26,8
40.22349,-8.60354,89,24
40.23223,-8.60616,20,0
40.24098,-8.60877,42,12
40.24972,-8.61138,138,16
40.2847,-8.62185,75,12
40.29344,-8.62447,238,63
40.31093,-8.62971,28,3
40.31967,-8.63234,81,19
40.32841,-8.63496,170,56
40.33715,-8.63758,26,3
40.36338,-8.64546,12,7
40.37212,-8.64809,107,29
40.3896,-8.65335,59,20
40.39834,-8.65598,123,22
40.40708,-8.65861,1,0
40.41582,-8.66125,422,177
40.42456,-8.66388,301,83
40.4333,-8.66651,30,7
40.44204,-8.66915,148,34
40.45078,-8.67179,316,92
40.45952,-8.67443,205,69
40.46826,-8.67707,249,60
40.477,-8.67971,295,62
40.48574,-8.68235,228,67
40.49448,-8.68499,307,59
40.50322,-8.68763,411,95
40.51196,-8.69028,377,101
40.5207,-8.69292,386,103
40.52943,-8.69557,342,84
40.53817,-8.69822,476,120
40.54691,-8.70086,114,27
40.55565,-8.70351,12,0
40.56438,-8.70616,4,1
40.60807,-8.71943,21,4
40.6168,-8.72209,979,151
40.62554,-8.72474,1082,227
40.63427,-8.7274,1263,217
40.64301,-8.73006,9,2
40.66048,-8.73538,453,132
40.66922,-8.73804,167,43
37.08275,-7.71717,71,21
37.09156,-7.71945,218,60
37.10038,-7.72174,109,46
37.10919,-7.72403,54,9
37.118,-7.72632,110,32
37.12681,-7.72861,72,25
37.13563,-7.7309,19,3
37.14444,-7.73319,24,5
37.15325,-7.73549,37,14
37.16206,-7.73778,13,0
37.17969,-7.74237,20,7
37.1885,-7.74467,30,14
37.19731,-7.74696,2,0
37.23255,-7.75616,2,2
37.28541,-7.76998,6,4
37.29422,-7.77229,1,1
37.32945,-7.78152,3,3
37.33826,-7.78383,5,3
37.34707,-7.78614,3,1
37.42633,-7.80699,17,8
37.43513,-7.80931,21,12
37.47916,-7.82092,25,11
37.53199,-7.83488,1,1
37.54079,-7.83721,36,14
37.54959,-7.83954,37,10
37.576,-7.84654,6,5
37.64642,-7.86524,40,8
37.80481,-7.90751,17,6
37.8224,-7.91222,3,3
38.05107,-7.97382,15,2
38.05986,-7.9762,9,2
38.09503,-7.98573,5,0
38.23567,-8.024,3,0
38.25324,-8.0288,3,0
38.27082,-8.0336,4,1
38.2796,-8.036,23,5
38.28839,-8.03841,935,283
38.29718,-8.04081,13,5
38.30597,-8.04322,2,0
38.31475,-8.04562,1,0
38.33233,-8.05044,3,2
38.42896,-8.07699,3,1
38.52558,-8.10364,25,6
38.53436,-8.10607,43,18
38.54314,-8.1085,10,4
38.55192,-8.11093,64,14
38.5607,-8.11336,12,6
38.61339,-8.12797,2,0
38.63973,-8.13528,2,0
38.67484,-8.14505,7,1
38.70118,-8.15238,2,0
38.85038,-8.1941,2,0
38.97321,-8.22865,10,0
39.26259,-8.31081,28,12
39.33271,-8.33088,22,6
39.37653,-8.34345,1,0
39.46416,-8.36867,7,4
39.47292,-8.3712,21,1
39.49044,-8.37625,115,39
39.4992,-8.37878,59,19
39.50796,-8.38131,13,7
39.51672,-8.38385,331,125
39.52549,-8.38638,137,30
39.53425,-8.38891,107,42
39.54301,-8.39145,212,75
39.55176,-8.39398,5,3
39.56052,-8.39652,17,10
39.56928,-8.39906,323,111
39.57804,-8.4016,215,83
39.5868,-8.40413,113,30
39.59556,-8.40667,1732,375
39.60432,-8.40922,5522,1698
39.61308,-8.41176,617,220
39.62184,-8.4143,5,0
39.63059,-8.41685,2,2
39.63935,-8.41939,16,2
39.65687,-8.42448,4,1
39.68314,-8.43213,4,0
39.6919,-8.43468,13,11
39.70065,-8.43723,42,11
39.70941,-8.43979,53,21
39.72692,-8.44489,14,0
39.73568,-8.44745,44,24
39.74443,-8.45001,62,33
39.75319,-8.45256,102,48
39.76194,-8.45512,368,107
39.7707,-8.45768,55,19
39.77945,-8.46024,103,31
39.78821,-8.4628,45,35
39.79696,-8.46536,30,15
39.80572,-8.46793,27,9
39.81447,-8.47049,24,6
39.82322,-8.47306,124,47
39.83198,-8.47562,111,45
39.84073,-8.47819,7,5
39.85824,-8.48333,17,1
39.86699,-8.4859,32,18
39.87574,-8.48847,9,2
39.88449,-8.49104,25,9
39.89325,-8.49361,38,16
39.902,-8.49619,80,36
39.91075,-8.49876,8,4
39.92825,-8.50391,34,7
39.93701,-8.50649,198,62
39.95451,-8.51165,42,15
39.96326,-8.51423,84,17
39.97201,-8.51681,27,14
39.99826,-8.52456,31,17
40.00701,-8.52715,118,35
40.03326,-8.53491,90,32
40.04201,-8.5375,14,8
40.0595,-8.54268,153,48
40.077,-8.54787,108,33
40.0945,-8.55306,174,51
40.11199,-8.55825,15,3
40.12074,-8.56085,109,30
40.12949,-8.56345,375,119
40.13823,-8.56605,231,81
40.14698,-8.56865,52,22
40.15573,-8.57125,47,16
40.17322,-8.57646,127,24
40.18197,-8.57906,2035,325
40.19071,-8.58167,124,52
40.21695,-8.58949,67,25
40.22569,-8.5921,71,20
40.23444,-8.59471,11,1
40.24318,-8.59733,16,2
40.25193,-8.59994,314,95
40.26067,-8.60255,142,33
40.26942,-8.60517,7,2
40.27816,-8.60778,267,56
40.2869,-8.6104,17,1
40.29565,-8.61302,56,11
40.31313,-8.61826,56,16
40.32188,-8.62088,418,140
40.36559,-8.634,2,2
40.37433,-8.63662,202,50
40.38307,-8.63925,42,11
40.40055,-8.64451,9,2
40.4093,-8.64714,118,38
40.41804,-8.64977,54,13
40.42678,-8.6524,11,3
40.43552,-8.65504,115,24
40.44426,-8.65767,129,47
40.47048,-8.66558,392,77
40.47922,-8.66822,565,128
40.48796,-8.67086,238,40
40.4967,-8.6735,304,81
40.50543,-8.67614,179,30
40.51417,-8.67879,258,62
40.52291,-8.68143,314,67
40.53165,-8.68408,590,157
40.54039,-8.68672,189,27
40.54913,-8.68937,572,150
40.55786,-8.69202,591,122
40.5666,-8.69466,115,28
40.57534,-8.69731,2,0
40.58408,-8.69997,30,6
40.61029,-8.70792,4,4
40.61902,-8.71058,50,16
40.62776,-8.71323,1054,213
40.6365,-8.71589,2573,451
40.64523,-8.71855,282,66
40.6627,-8.72387,136,54
40.67144,-8.72653,1,1
37.08483,-7.70621,79,26
37.09365,-7.70849,508,117
37.10246,-7.71078,70,23
37.11127,-7.71307,137,33
37.12009,-7.71536,124,50
37.1289,-7.71765,170,56
37.13771,-7.71994,66,31
37.14653,-7.72223,72,26
37.15534,-7.72452,1,1
37.18177,-7.7314,21,12
37.21702,-7.74058,6,6
37.22583,-7.74288,8,3
37.26107,-7.75209,6,3
37.2875,-7.759,8,5
37.29631,-7.7613,4,3
37.33154,-7.77053,2,1
37.3932,-7.78671,1,1
37.41962,-7.79366,60,38
37.42842,-7.79598,3,0
37.53409,-7.82386,28,18
37.55169,-7.82851,5,4
37.63092,-7.84952,82,21
37.63972,-7.85186,40,17
37.64852,-7.8542,3,2
37.70133,-7.86825,2,2
37.80692,-7.89644,20,7
37.82451,-7.90115,1,0
37.83331,-7.90351,4,1
37.84211,-7.90587,7,3
38.00043,-7.94846,2,0
38.05319,-7.96272,6,1
38.06198,-7.9651,9,0
38.07956,-7.96986,4,0
38.08836,-7.97224,374,126
38.09715,-7.97462,15,3
38.23779,-8.01287,4,2
38.24658,-8.01527,5,0
38.28173,-8.02487,3,0
38.29052,-8.02727,1,0
38.29931,-8.02967,12,4
38.34324,-8.0417,3,2
38.35203,-8.04411,4,1
38.36081,-8.04652,4,0
38.4311,-8.06583,66,23
38.5365,-8.0949,3,0
38.55406,-8.09975,64,19
38.5804,-8.10705,144,30
38.58918,-8.10948,50,22
38.63309,-8.12165,4,0
38.65065,-8.12653,3,0
38.66821,-8.13141,1,0
38.68576,-8.1363,8,0
38.97536,-8.21741,6,0
38.98414,-8.21988,6,2
39.05431,-8.2397,1,1
39.15078,-8.26705,82,36
39.15955,-8.26955,6,5
39.22092,-8.28702,1,0
39.26476,-8.29952,9,4
39.32612,-8.31707,70,20
39.39623,-8.33718,1,0
39.45757,-8.35483,3,2
39.46633,-8.35735,582,253
39.47509,-8.35988,96,21
39.48385,-8.3624,182,67
39.49262,-8.36493,68,14
39.51014,-8.36999,48,16
39.5189,-8.37252,348,121
39.52766,-8.37505,154,39
39.53642,-8.37758,114,26
39.54518,-8.38012,110,50
39.55394,-8.38265,82,28
39.5627,-8.38518,57,27
39.57146,-8.38772,161,44
39.58022,-8.39026,128,42
39.58898,-8.3928,115,27
39.59774,-8.39533,622,129
39.6065,-8.39787,2201,579
39.61526,-8.40042,1277,176
39.63277,-8.4055,69,55
39.64153,-8.40804,302,108
39.65029,-8.41059,18,6
39.65905,-8.41313,20,6
39.66781,-8.41568,37,12
39.67656,-8.41823,26,6
39.68532,-8.42078,17,6
39.69408,-8.42333,3,1
39.73786,-8.43609,13,5
39.74662,-8.43864,57,25
39.76413,-8.44375,1,0
39.77288,-8.44631,22,4
39.78164,-8.44887,31,19
39.79039,-8.45143,9,1
39.8079,-8.45655,7,7
39.81666,-8.45912,4,2
39.82541,-8.46168,20,5
39.83416,-8.46425,81,27
39.84292,-8.46681,7,3
39.86042,-8.47194,20,9
39.86918,-8.47451,13,4
39.87793,-8.47708,11,7
39.88668,-8.47965,79,33
39.89544,-8.48222,36,17
39.90419,-8.4848,167,52
39.91294,-8.48737,122,45
39.92169,-8.48995,63,29
39.93045,-8.49252,56,22
39.9392,-8.4951,64,26
39.94795,-8.49767,80,25
39.9567,-8.50025,71,19
39.96545,-8.50283,74,32
40.0092,-8.51574,124,50
40.0442,-8.52609,20,15
40.0617,-8.53127,14,4
40.07045,-8.53386,38,14
40.0792,-8.53645,60,20
40.08795,-8.53904,48,9
40.09669,-8.54164,632,191
40.10544,-8.54423,5,0
40.11419,-8.54683,81,26
40.12294,-8.54942,186,51
40.13169,-8.55202,47,16
40.14043,-8.55462,29,14
40.14918,-8.55722,93,35
40.15793,-8.55982,41,15
40.17542,-8.56502,25,3
40.18417,-8.56763,348,94
40.21915,-8.57805,234,66
40.2279,-8.58066,262,93
40.24539,-8.58588,41,1
40.25413,-8.58849,298,86
40.26288,-8.5911,67,16
40.29785,-8.60156,142,53
40.3066,-8.60418,197,61
40.31534,-8.6068,35,7
40.33283,-8.61204,6,2
40.34157,-8.61466,13,2
40.3678,-8.62253,202,63
40.37654,-8.62516,84,15
40.38528,-8.62778,276,123
40.39402,-8.63041,538,160
40.40276,-8.63304,445,162
40.41151,-8.63567,450,171
40.42025,-8.6383,132,65
40.42899,-8.64093,113,30
40.43773,-8.64356,304,125
40.44647,-8.6462,87,16
40.46395,-8.65146,65,20
40.47269,-8.6541,275,69
40.48143,-8.65674,168,38
40.49017,-8.65938,27,8
40.49891,-8.66202,144,32
40.51639,-8.6673,76,21
40.53387,-8.67258,98,14
40.5426,-8.67523,131,23
40.55134,-8.67787,1297,247
40.56008,-8.68052,866,204
40.56882,-8.68317,249,58
40.57756,-8.68581,43,8
40.58629,-8.68846,286,62
40.59503,-8.69111,109,34
40.60377,-8.69377,261,64
40.61251,-8.69642,356,83
40.62124,-8.69907,93,21
40.62998,-8.70173,1749,352
40.63871,-8.70438,2660,646
40.64745,-8.70704,465,107
40.68239,-8.71767,1,1
37.09573,-7.69754,620,169
37.10454,-7.69982,149,51
37.11336,-7.70211,118,56
37.12217,-7.70439,61,10
37.13099,-7.70668,36,13
37.1398,-7.70897,129,25
37.14861,-7.71126,9,3
37.15742,-7.71355,2,1
37.16624,-7.71584,1,1
37.21911,-7.72961,8,5
37.22792,-7.7319,20,10
37.24554,-7.7365,8,6
37.28078,-7.74571,5,3
37.2984,-7.75031,15,9
37.31602,-7.75492,1,1
37.35125,-7.76415,6,4
37.48336,-7.79889,44,29
37.49216,-7.80121,48,20
37.5802,-7.82448,4,2
37.63302,-7.83848,2,2
37.69463,-7.85486,14,2
37.70343,-7.8572,3,3
37.81783,-7.88773,4,3
37.85302,-7.89716,2,0
37.98496,-7.93262,8,3
38.09048,-7.96113,3,0
38.1696,-7.9826,2,0
38.23992,-8.00174,5,0
38.25749,-8.00653,3,1
38.26628,-8.00893,5,0
38.28386,-8.01373,7,3
38.29265,-8.01613,11,2
38.30143,-8.01854,5,1
38.33658,-8.02815,22,4
38.34537,-8.03056,29,6
38.35416,-8.03296,1,1
38.54741,-8.08615,3,0
38.5562,-8.08858,51,37
38.57376,-8.09343,69,15
38.58254,-8.09586,270,100
38.59132,-8.0983,108,28
38.71424,-8.13243,5,0
38.881,-8.17903,1,1
39.07401,-8.23341,2,0
39.15294,-8.25578,45,19
39.16171,-8.25827,83,37
39.17048,-8.26077,16,8
39.32828,-8.30577,7,2
39.4685,-8.34603,30,9
39.47726,-8.34856,7,0
39.48603,-8.35108,46,17
39.49479,-8.35361,130,48
39.50355,-8.35613,23,6
39.51231,-8.35866,37,12
39.52107,-8.36119,171,42
39.53859,-8.36625,138,41
39.54736,-8.36878,114,39
39.55612,-8.37132,148,42
39.56488,-8.37385,161,38
39.57364,-8.37638,121,44
39.5824,-8.37892,257,67
39.59116,-8.38146,218,57
39.59992,-8.38399,154,83
39.60867,-8.38653,294,84
39.61743,-8.38907,483,178
39.62619,-8.39161,188,54
39.64371,-8.3967,31,6
39.65247,-8.39924,40,13
39.66123,-8.40178,134,55
39.66998,-8.40433,111,40
39.67874,-8.40687,28,9
39.6875,-8.40942,90,39
39.69626,-8.41197,14,6
39.70501,-8.41452,21,15
39.71377,-8.41707,11,3
39.74004,-8.42472,2,0
39.7488,-8.42728,12,6
39.75755,-8.42983,3,2
39.76631,-8.43239,9,6
39.77506,-8.43494,5,2
39.78382,-8.4375,7,2
39.79258,-8.44006,1,1
39.80133,-8.44262,6,3
39.81009,-8.44518,2,2
39.81884,-8.44774,18,10
39.8276,-8.4503,35,17
39.83635,-8.45287,64,23
39.8451,-8.45543,34,21
39.85386,-8.458,9,3
39.86261,-8.46056,28,13
39.87136,-8.46313,39,27
39.89762,-8.47084,18,6
39.90638,-8.47341,100,31
39.91513,-8.47598,39,17
39.92388,-8.47855,6,2
39.93263,-8.48113,11,7
39.94139,-8.4837,31,12
39.95014,-8.48628,255,111
39.95889,-8.48885,91,30
39.96764,-8.49143,94,35
39.98514,-8.49659,85,36
39.9939,-8.49917,16,7
40.02015,-8.50692,4,3
40.0464,-8.51467,8,6
40.0639,-8.51985,8,1
40.07264,-8.52244,24,14
40.08139,-8.52503,7,1
40.09889,-8.53021,60,16
40.11639,-8.5354,181,43
40.12514,-8.538,149,48
40.13388,-8.54059,53,9
40.14263,-8.54319,74,18
40.15138,-8.54579,38,12
40.16013,-8.54839,75,15
40.16887,-8.55099,24,5
40.17762,-8.55359,194,57
40.18637,-8.55619,437,166
40.21261,-8.564,4,0
40.22135,-8.56661,207,62
40.2301,-8.56922,242,70
40.23884,-8.57183,128,25
40.24759,-8.57443,61,9
40.25633,-8.57704,169,63
40.26508,-8.57966,89,25
40.3088,-8.59273,304,105
40.31754,-8.59534,47,10
40.33503,-8.60058,430,95
40.34378,-8.6032,369,108
40.35252,-8.60582,25,5
40.37,-8.61107,3,1
40.38749,-8.61631,163,49
40.39623,-8.61894,210,85
40.40497,-8.62157,221,49
40.41371,-8.62419,109,38
40.42246,-8.62682,5,0
40.43994,-8.63208,80,13
40.44868,-8.63472,63,17
40.45742,-8.63735,84,22
40.46616,-8.63998,304,66
40.4749,-8.64262,201,51
40.48364,-8.64525,82,29
40.49238,-8.64789,239,73
40.50112,-8.65053,15,1
40.50986,-8.65317,132,32
40.5186,-8.65581,323,124
40.52734,-8.65845,4,2
40.53608,-8.66109,178,52
40.54482,-8.66373,311,106
40.55356,-8.66638,19,1
40.5623,-8.66902,22,5
40.57103,-8.67167,16,1
40.57977,-8.67431,369,95
40.58851,-8.67696,1343,327
40.59725,-8.67961,823,183
40.60598,-8.68226,543,132
40.61472,-8.68491,588,161
40.62346,-8.68756,269,50
40.6322,-8.69022,1383,284
40.64093,-8.69287,543,106
40.64967,-8.69552,24,0
40.71082,-8.71414,1,1
40.71956,-8.7168,5,0
37.09781,-7.68658,66,21
37.10663,-7.68886,124,31
37.11544,-7.69114,100,31
37.12426,-7.69343,61,14
37.13307,-7.69572,40,13
37.14188,-7.698,40,13
37.1507,-7.70029,53,8
37.15951,-7.70258,6,3
37.19476,-7.71175,2,2
37.20357,-7.71404,12,7
37.27406,-7.73242,6,5
37.30049,-7.73932,1,1
37.3093,-7.74163,7,5
37.31811,-7.74393,4,3
37.32692,-7.74624,16,12
37.415,-7.76933,9,5
37.44142,-7.77628,144,71
37.45903,-7.78091,11,6
37.54709,-7.80413,27,12
37.67913,-7.83913,37,13
37.74954,-7.85787,27,6
37.79354,-7.86961,3,0
37.81113,-7.87431,11,4
37.88152,-7.89316,154,55
37.89032,-7.89552,20,8
37.97828,-7.91916,54,6
37.98707,-7.92153,905,206
38.03104,-7.93339,2,0
38.04863,-7.93814,3,0
38.06622,-7.94289,2,2
38.07501,-7.94527,57,12
38.1893,-7.97626,5,0
38.22446,-7.98582,2,0
38.25083,-7.99301,323,88
38.25962,-7.9954,723,234
38.30356,-8.0074,5,1
38.31235,-8.0098,3,0
38.32992,-8.0146,3,1
38.33871,-8.01701,12,2
38.3475,-8.01941,5,0
38.43536,-8.04351,1,0
38.47928,-8.05559,3,0
38.60224,-8.08954,9,0
38.9358,-8.18258,4,1
38.94457,-8.18505,28,9
38.96212,-8.18998,4,0
39.17263,-8.24949,17,4
39.1814,-8.25198,116,29
39.32168,-8.29197,188,58
39.33045,-8.29447,72,21
39.40057,-8.31456,6,0
39.41809,-8.31959,12,3
39.43562,-8.32463,2,0
39.44438,-8.32715,177,51
39.45315,-8.32967,71,24
39.46191,-8.33219,22,6
39.47067,-8.33471,43,17
39.47944,-8.33723,732,189
39.4882,-8.33976,21,6
39.49696,-8.34228,78,35
39.50572,-8.34481,29,11
39.51448,-8.34733,14,5
39.54077,-8.35492,2,0
39.54953,-8.35745,101,24
39.55829,-8.35998,61,15
39.56705,-8.36251,131,65
39.57581,-8.36505,114,39
39.58457,-8.36758,87,24
39.59333,-8.37012,157,60
39.60209,-8.37265,143,54
39.61085,-8.37519,213,69
39.61961,-8.37773,315,84
39.62837,-8.38027,188,60
39.63713,-8.38281,121,55
39.64589,-8.38535,83,25
39.65465,-8.38789,63,33
39.67216,-8.39298,7,1
39.68092,-8.39552,47,15
39.68968,-8.39807,65,27
39.69844,-8.40061,35,11
39.70719,-8.40316,47,20
39.71595,-8.40571,49,22
39.72471,-8.40826,60,18
39.73346,-8.41081,12,4
39.76849,-8.42102,17,14
39.786,-8.42613,26,11
39.79476,-8.42869,57,35
39.80351,-8.43124,4,2
39.81227,-8.4338,12,9
39.82102,-8.43636,7,3
39.83853,-8.44149,43,23
39.84729,-8.44405,38,22
39.85604,-8.44661,21,4
39.8648,-8.44918,16,4
39.87355,-8.45174,66,23
39.8823,-8.45431,39,11
39.89106,-8.45688,12,3
39.89981,-8.45945,30,14
39.90856,-8.46202,46,17
39.91732,-8.46459,67,17
39.92607,-8.46716,79,27
39.93482,-8.46973,69,24
39.94358,-8.4723,124,47
39.95233,-8.47488,109,34
39.96108,-8.47745,3,0
39.96983,-8.48003,53,22
39.97858,-8.48261,22,11
39.98733,-8.48519,60,15
39.99609,-8.48777,36,10
40.00484,-8.49035,70,27
40.01359,-8.49293,65,16
40.02234,-8.49551,43,24
40.05734,-8.50585,33,7
40.08359,-8.51361,9,0
40.09234,-8.5162,214,61
40.10109,-8.51879,100,13
40.10983,-8.52138,141,22
40.11858,-8.52398,197,44
40.12733,-8.52657,85,19
40.13608,-8.52917,169,56
40.14483,-8.53176,103,29
40.15358,-8.53436,87,21
40.16232,-8.53696,176,34
40.17107,-8.53956,168,36
40.17982,-8.54215,125,22
40.18857,-8.54476,581,144
40.21481,-8.55256,401,152
40.22355,-8.55517,316,52
40.2323,-8.55777,417,116
40.24104,-8.56038,118,38
40.24979,-8.56299,32,13
40.25853,-8.5656,68,8
40.26728,-8.56821,82,7
40.27603,-8.57082,294,107
40.28477,-8.57343,73,20
40.311,-8.58127,57,16
40.31975,-8.58388,139,43
40.32849,-8.5865,87,33
40.33724,-8.58912,1136,209
40.34598,-8.59174,2223,489
40.35472,-8.59436,1062,235
40.36347,-8.59698,228,27
40.37221,-8.5996,33,0
40.40718,-8.61009,93,41
40.42466,-8.61535,40,17
40.43341,-8.61798,153,55
40.44215,-8.62061,34,14
40.45089,-8.62324,74,25
40.46837,-8.6285,46,30
40.47711,-8.63113,115,38
40.48585,-8.63377,5,0
40.49459,-8.6364,130,53
40.51207,-8.64168,163,45
40.52081,-8.64432,262,74
40.52955,-8.64695,168,35
40.53829,-8.6496,209,49
40.54703,-8.65224,176,56
40.55577,-8.65488,285,90
40.56451,-8.65752,95,25
40.57325,-8.66017,414,111
40.58199,-8.66281,373,102
40.59072,-8.66546,836,159
40.59946,-8.66811,3820,965
40.6082,-8.67075,805,246
40.61694,-8.6734,40,14
40.72178,-8.70528,65,15
40.73051,-8.70794,5,0
37.10871,-7.6779,35,7
37.11752,-7.68018,82,27
37.12634,-7.68247,49,13
37.13515,-7.68475,71,30
37.14397,-7.68704,10,2
37.15278,-7.68932,20,7
37.16159,-7.69161,9,4
37.17041,-7.6939,11,5
37.18803,-7.69848,2,2
37.20566,-7.70306,17,12
37.21447,-7.70536,1,1
37.31139,-7.73063,6,3
37.3202,-7.73294,3,2
37.38186,-7.74908,3,3
37.39067,-7.75139,14,10
37.43471,-7.76295,76,11
37.44352,-7.76527,237,71
37.45232,-7.76758,19,8
37.46113,-7.7699,4,3
37.54038,-7.79078,22,13
37.54919,-7.79311,19,7
37.62842,-7.81407,10,1
37.71644,-7.83744,17,5
37.75164,-7.84681,5,2
37.78684,-7.8562,18,7
37.79564,-7.85855,11,3
37.81324,-7.86325,2,1
37.85723,-7.87501,3,1
37.98039,-7.90807,9,1
37.98918,-7.91044,111,37
37.99798,-7.91281,17,0
38.02436,-7.91992,2,0
38.05074,-7.92704,7,0
38.14747,-7.95321,2,0
38.23537,-7.97709,3,0
38.25295,-7.98187,17,8
38.26174,-7.98427,75,22
38.32326,-8.00106,5,0
38.33205,-8.00346,1982,561
38.34084,-8.00586,354,65
38.34962,-8.00827,10,1
38.4902,-8.04684,3,0
38.51655,-8.0541,5,0
38.62194,-8.08322,38,10
38.76242,-8.12224,313,111
38.7712,-8.12469,23,8
38.78875,-8.12958,12,0
38.86775,-8.15166,114,53
38.87652,-8.15412,225,105
38.93795,-8.17135,245,51
38.94672,-8.17381,133,31
38.96427,-8.17874,1,1
39.17479,-8.23822,229,113
39.18356,-8.24071,203,76
39.23617,-8.25567,5,4
39.4115,-8.30577,8,4
39.42026,-8.30828,15,8
39.43779,-8.31331,30,10
39.44655,-8.31583,265,82
39.45532,-8.31835,258,79
39.46408,-8.32087,140,49
39.47284,-8.32339,101,38
39.4816,-8.32591,78,9
39.49037,-8.32843,16,2
39.50789,-8.33348,38,13
39.51665,-8.33601,35,19
39.52542,-8.33853,30,15
39.54294,-8.34359,9,0
39.5517,-8.34612,130,27
39.56046,-8.34865,25,4
39.56922,-8.35118,114,23
39.57798,-8.35371,82,11
39.58674,-8.35624,60,14
39.5955,-8.35878,19,7
39.60426,-8.36131,2,0
39.61302,-8.36385,52,9
39.62178,-8.36638,94,21
39.63054,-8.36892,191,55
39.6393,-8.37146,283,74
39.64806,-8.374,55,21
39.65682,-8.37654,60,21
39.66558,-8.37908,80,18
39.67434,-8.38162,54,22
39.6831,-8.38416,2,1
39.69186,-8.38671,51,28
39.70061,-8.38925,28,10
39.70937,-8.3918,34,10
39.71813,-8.39435,12,5
39.72689,-8.3969,6,3
39.73564,-8.39944,16,11
39.7444,-8.40199,43,21
39.78818,-8.41476,18,9
39.79694,-8.41731,24,13
39.81445,-8.42243,19,7
39.84072,-8.43011,19,9
39.85823,-8.43523,25,11
39.86698,-8.43779,18,9
39.87574,-8.44036,99,39
39.88449,-8.44292,72,29
39.89324,-8.44549,34,14
39.902,-8.44806,58,6
39.91075,-8.45062,30,17
39.9195,-8.45319,32,8
39.92826,-8.45576,31,15
39.93701,-8.45833,29,10
39.95452,-8.46348,59,21
39.96327,-8.46605,16,7
39.97202,-8.46863,3,0
39.98077,-8.4712,145,56
39.98952,-8.47378,4,0
40.00703,-8.47894,1,0
40.01578,-8.48152,53,24
40.05953,-8.49443,73,28
40.06828,-8.49702,27,13
40.07703,-8.4996,8,4
40.09453,-8.50478,157,55
40.10328,-8.50737,1177,114
40.11203,-8.50996,1610,127
40.12078,-8.51255,386,57
40.12953,-8.51514,27,3
40.13827,-8.51774,89,22
40.14702,-8.52033,165,47
40.15577,-8.52293,146,25
40.16452,-8.52552,77,20
40.19076,-8.53332,85,28
40.217,-8.54112,17,6
40.22575,-8.54373,663,198
40.2345,-8.54633,157,49
40.24324,-8.54893,5,2
40.26073,-8.55415,28,8
40.26948,-8.55676,13,1
40.30446,-8.5672,2,2
40.32195,-8.57243,209,57
40.33069,-8.57504,239,70
40.33944,-8.57766,376,28
40.34818,-8.58027,104,14
40.35693,-8.58289,15,1
40.36567,-8.58551,506,169
40.37441,-8.58813,226,57
40.3919,-8.59337,25,13
40.40064,-8.596,51,17
40.40939,-8.59862,230,105
40.41813,-8.60125,249,85
40.42687,-8.60387,125,60
40.43561,-8.6065,153,83
40.4531,-8.61176,36,19
40.46184,-8.61439,210,89
40.47058,-8.61702,76,33
40.52302,-8.63282,201,54
40.53176,-8.63546,164,48
40.5405,-8.6381,68,9
40.54924,-8.64074,31,5
40.55798,-8.64338,23,7
40.56672,-8.64602,56,8
40.57546,-8.64867,430,92
40.5842,-8.65131,461,110
40.59294,-8.65396,840,209
40.60168,-8.6566,1013,251
40.61041,-8.65925,1330,256
40.61915,-8.6619,621,128
40.62789,-8.66454,141,14
40.73273,-8.69641,3,2
40.74147,-8.69907,20,0
40.7502,-8.70174,12,1
40.75894,-8.7044,1098,182
37.11079,-7.66694,49,9
37.1196,-7.66922,44,11
37.12842,-7.6715,31,12
37.13723,-7.67379,47,11
37.14605,-7.67607,14,7
37.15486,-7.67836,11,2
37.17249,-7.68293,45,15
37.1813,-7.68522,9,2
37.19011,-7.68751,2,0
37.19893,-7.6898,4,2
37.22536,-7.69667,5,3
37.24299,-7.70126,2,2
37.2518,-7.70355,4,2
37.26061,-7.70585,1,1
37.27823,-7.71044,10,9
37.31348,-7.71964,10,5
37.33991,-7.72655,10,6
37.36633,-7.73347,6,3
37.50725,-7.77047,44,27
37.61291,-7.79837,6,3
37.68334,-7.81704,1,0
37.78015,-7.84279,14,3
37.78895,-7.84514,64,17
37.79775,-7.84749,9,2
37.80655,-7.84983,37,18
37.90333,-7.87572,6,0
37.91213,-7.87808,1,0
37.9737,-7.89461,5,2
37.9825,-7.89698,4,1
38.00009,-7.90171,11,7
38.01768,-7.90645,1,0
38.03527,-7.91119,6,2
38.04406,-7.91356,4,2
38.14958,-7.94209,481,125
38.25507,-7.97074,1,0
38.32539,-7.98991,4,1
38.33417,-7.99232,46,4
38.34296,-7.99472,12,3
38.35175,-7.99712,2,1
38.41326,-8.01396,4,0
38.49233,-8.03568,2,2
38.5099,-8.04051,1,0
38.5626,-8.05504,2,0
38.58016,-8.05989,1,1
38.60651,-8.06717,8,0
38.61529,-8.0696,6,2
38.69432,-8.0915,1,0
38.71188,-8.09638,15,1
38.94009,-8.16011,669,234
38.94887,-8.16257,654,265
38.95764,-8.16504,2,0
38.96642,-8.1675,5,3
39.05415,-8.1922,4,1
39.08924,-8.20211,6,0
39.09801,-8.20459,2,0
39.12433,-8.21203,4,0
39.15064,-8.21948,1,1
39.43119,-8.29948,64,25
39.43995,-8.302,328,91
39.44872,-8.30451,107,37
39.49254,-8.31711,3,0
39.51006,-8.32215,22,6
39.51882,-8.32468,1,0
39.52759,-8.3272,59,31
39.53635,-8.32973,10,3
39.54511,-8.33225,46,19
39.55387,-8.33478,28,14
39.56263,-8.33731,9,3
39.57139,-8.33984,47,15
39.58015,-8.34237,32,12
39.58892,-8.3449,58,10
39.59768,-8.34743,115,29
39.60644,-8.34997,69,16
39.62396,-8.35504,29,10
39.63272,-8.35757,15,7
39.64148,-8.36011,17,2
39.65024,-8.36265,54,20
39.659,-8.36519,89,26
39.66775,-8.36773,46,16
39.67651,-8.37027,73,19
39.68527,-8.37281,33,10
39.69403,-8.37535,15,2
39.70279,-8.3779,7,3
39.72031,-8.38299,1,1
39.72906,-8.38553,43,24
39.73782,-8.38808,34,10
39.74658,-8.39063,55,24
39.77285,-8.39828,3,1
39.79036,-8.40339,12,4
39.79912,-8.40594,29,14
39.80788,-8.40849,14,8
39.86041,-8.42385,19,13
39.86916,-8.42641,37,13
39.87792,-8.42897,12,3
39.90418,-8.43667,395,125
39.91293,-8.43923,950,184
39.92169,-8.4418,183,50
39.93044,-8.44437,143,55
39.94795,-8.44951,5,1
39.9567,-8.45208,52,15
39.96545,-8.45465,46,15
39.97421,-8.45723,64,20
39.98296,-8.4598,203,106
39.99171,-8.46238,83,26
40.00921,-8.46753,37,15
40.01797,-8.47011,7,5
40.04422,-8.47785,19,4
40.05297,-8.48043,29,11
40.06172,-8.48302,7,4
40.09672,-8.49336,49,8
40.10547,-8.49595,647,146
40.11422,-8.49853,2407,549
40.12297,-8.50112,780,158
40.13172,-8.50372,175,44
40.14047,-8.50631,267,74
40.15797,-8.51149,56,3
40.18421,-8.51928,92,19
40.19296,-8.52188,608,192
40.20171,-8.52448,15,0
40.22795,-8.53228,668,150
40.23669,-8.53488,79,11
40.28917,-8.55052,17,2
40.29792,-8.55313,98,22
40.30666,-8.55574,243,70
40.31541,-8.55835,94,34
40.36787,-8.57404,43,6
40.3941,-8.5819,199,81
40.40285,-8.58452,24,12
40.42033,-8.58977,97,54
40.42908,-8.5924,134,66
40.43782,-8.59502,74,30
40.47279,-8.60553,37,15
40.48153,-8.60816,50,20
40.49027,-8.61079,193,50
40.49901,-8.61343,70,10
40.50775,-8.61606,30,10
40.51649,-8.6187,24,2
40.54271,-8.6266,72,17
40.55145,-8.62924,436,85
40.56019,-8.63188,111,28
40.56893,-8.63452,32,10
40.57767,-8.63716,255,38
40.58641,-8.63981,152,26
40.59515,-8.64245,423,67
40.60389,-8.6451,1051,203
40.61263,-8.64774,948,189
40.62137,-8.65039,2082,403
40.6301,-8.65303,3539,875
40.63884,-8.65568,3216,814
40.64758,-8.65833,591,189
40.76115,-8.69287,23,7
40.76989,-8.69553,250,60
40.77862,-8.6982,76,17
37.11287,-7.65597,175,33
37.12168,-7.65825,1893,448
37.1305,-7.66054,423,144
37.13931,-7.66282,8,3
37.14813,-7.6651,21,6
37.15694,-7.66739,20,2
37.17457,-7.67196,12,5
37.18338,-7.67425,16,2
37.1922,-7.67653,8,3
37.20982,-7.68111,1,0
37.21864,-7.6834,2,1
37.22745,-7.68569,3,3
37.23626,-7.68798,3,0
37.24507,-7.69028,6,3
37.2627,-7.69487,3,2
37.28913,-7.70175,7,6
37.31556,-7.70865,1,1
37.38604,-7.72708,58,26
37.56218,-7.77338,21,14
37.5974,-7.78268,16,5
37.61501,-7.78733,112,41
37.65903,-7.79899,17,5
37.66783,-7.80132,26,16
37.70304,-7.81066,22,6
37.78225,-7.83173,12,1
37.79105,-7.83408,47,14
37.93183,-7.87172,4,0
38.0022,-7.89062,2,2
38.011,-7.89299,11,3
38.01979,-7.89535,2,1
38.03738,-7.90009,19,4
38.04618,-7.90246,13,1
38.27477,-7.96439,3,0
38.32751,-7.97877,2,1
38.3363,-7.98117,5,0
38.35387,-7.98597,4,0
38.47689,-8.01968,11,0
38.50324,-8.02692,3,1
38.5823,-8.04871,3,0
38.63499,-8.06327,1,1
38.74036,-8.09249,7,1
38.74914,-8.09494,1,1
38.94224,-8.14887,161,47
38.95102,-8.15133,179,80
38.96857,-8.15626,1,1
39.04753,-8.17848,2,2
39.0563,-8.18095,6,3
39.07385,-8.1859,43,6
39.08262,-8.18837,29,12
39.09139,-8.19085,8,3
39.10016,-8.19333,92,31
39.10894,-8.19581,62,21
39.24926,-8.23559,3,2
39.38953,-8.27561,78,0
39.46841,-8.29823,6,1
39.48594,-8.30326,721,214
39.4947,-8.30578,12,2
39.51223,-8.31083,8,0
39.52099,-8.31335,21,9
39.52975,-8.31587,13,6
39.53852,-8.3184,84,36
39.54728,-8.32092,73,42
39.55604,-8.32345,26,5
39.57356,-8.3285,47,13
39.58232,-8.33103,45,20
39.59109,-8.33356,5,3
39.59985,-8.33609,6,4
39.60861,-8.33862,144,65
39.62613,-8.34369,11,7
39.63489,-8.34622,101,37
39.64365,-8.34876,17,6
39.65241,-8.3513,31,12
39.66117,-8.35383,162,41
39.66993,-8.35637,95,31
39.67869,-8.35891,144,42
39.68745,-8.36145,62,21
39.69621,-8.36399,30,11
39.71372,-8.36908,21,7
39.72248,-8.37162,50,22
39.73124,-8.37417,11,4
39.74,-8.37672,7,0
39.74876,-8.37926,5,1
39.76627,-8.38436,30,11
39.77503,-8.38691,41,11
39.78379,-8.38946,32,18
39.79254,-8.39201,29,18
39.8013,-8.39457,21,16
39.81006,-8.39712,6,4
39.81881,-8.39967,112,31
39.82757,-8.40223,1,0
39.83632,-8.40479,13,8
39.84508,-8.40734,22,10
39.86259,-8.41246,1,0
39.87135,-8.41502,2,2
39.88885,-8.42015,16,8
39.89761,-8.42271,58,18
39.90636,-8.42527,167,37
39.91512,-8.42784,272,89
39.92387,-8.43041,113,18
39.93263,-8.43297,111,44
39.94138,-8.43554,69,19
39.95013,-8.43811,12,4
39.95889,-8.44068,25,13
39.96764,-8.44325,36,7
39.97639,-8.44582,16,4
39.98514,-8.4484,19,7
39.9939,-8.45097,5,3
40.00265,-8.45355,16,4
40.0114,-8.45612,78,35
40.02891,-8.46128,16,6
40.03766,-8.46386,36,17
40.04641,-8.46644,24,15
40.08141,-8.47676,8,6
40.10766,-8.48452,393,92
40.11641,-8.48711,1043,258
40.12516,-8.4897,590,132
40.13391,-8.49229,357,106
40.16016,-8.50006,2,2
40.17766,-8.50525,30,7
40.1864,-8.50785,96,25
40.19515,-8.51044,260,53
40.2039,-8.51304,97,17
40.23014,-8.52084,1055,265
40.23889,-8.52344,409,96
40.26513,-8.53125,15,2
40.27388,-8.53385,33,6
40.28262,-8.53646,5,1
40.29137,-8.53907,76,25
40.30011,-8.54168,432,176
40.30886,-8.54428,38,17
40.31761,-8.5469,18,2
40.35259,-8.55735,28,6
40.36133,-8.55996,58,6
40.39631,-8.57043,19,8
40.40505,-8.57305,11,0
40.41379,-8.57567,179,45
40.42254,-8.57829,83,42
40.43128,-8.58092,33,6
40.44002,-8.58354,109,39
40.44876,-8.58617,190,80
40.46625,-8.59142,64,27
40.47499,-8.59405,100,42
40.48373,-8.59668,38,17
40.49247,-8.59931,578,169
40.50122,-8.60194,397,87
40.50996,-8.60457,398,99
40.5187,-8.6072,210,46
40.52744,-8.60984,194,31
40.53618,-8.61247,42,8
40.54492,-8.61511,24,0
40.55366,-8.61775,17,3
40.5624,-8.62038,364,77
40.57114,-8.62302,288,67
40.57988,-8.62566,457,101
40.58862,-8.6283,483,92
40.59736,-8.63095,1053,218
40.6061,-8.63359,866,192
40.61484,-8.63623,1043,268
40.62358,-8.63888,1924,374
40.63232,-8.64152,2428,504
40.64105,-8.64417,6898,1283
40.64979,-8.64682,2908,571
40.7459,-8.67601,25,6
40.75464,-8.67867,24,9
40.76337,-8.68134,18,2
40.78084,-8.68666,88,21
40.78958,-8.68933,58,8
37.11495,-7.64501,508,107
37.12376,-7.64729,3739,1131
37.13258,-7.64957,3029,865
37.14139,-7.65185,65,16
37.15021,-7.65413,36,15
37.15902,-7.65642,38,12
37.23834,-7.677,2,1
37.26478,-7.68388,7,2
37.27359,-7.68617,2,0
37.30884,-7.69536,5,0
37.31765,-7.69766,22,14
37.32646,-7.69996,9,9
37.33527,-7.70226,21,2
37.37051,-7.71146,3,2
37.42336,-7.7253,6,2
37.44098,-7.72992,3,3
37.52905,-7.75307,11,1
37.57308,-7.76467,2,2
37.66993,-7.79028,3,2
37.75795,-7.81364,34,13
37.76675,-7.81598,1,0
37.77555,-7.81833,4,0
37.80195,-7.82536,1,1
37.96913,-7.87007,705,238
38.00431,-7.87952,15,3
38.01311,-7.88189,5,2
38.0219,-7.88426,3,2
38.03949,-7.88899,9,1
38.05708,-7.89373,3,0
38.13623,-7.9151,8,0
38.15381,-7.91986,1,0
38.25931,-7.94848,3,0
38.29447,-7.95804,2,0
38.32084,-7.96523,3,0
38.46144,-8.00369,2,0
38.52294,-8.02058,1,0
38.53172,-8.023,366,95
38.54051,-8.02542,19,3
38.56686,-8.03268,9,2
38.59321,-8.03995,7,1
38.61956,-8.04722,2,0
38.62834,-8.04965,1,0
38.70738,-8.07154,4,0
38.72494,-8.07641,1,0
38.73372,-8.07885,7,2
38.7425,-8.08129,176,70
38.93561,-8.13517,33,14
38.94438,-8.13763,75,18
39.04968,-8.16722,15,3
39.05845,-8.16969,2,0
39.06722,-8.17216,9,4
39.076,-8.17464,796,356
39.08477,-8.17711,117,28
39.09354,-8.17959,37,16
39.10231,-8.18206,23,9
39.11109,-8.18454,6,2
39.1374,-8.19198,2,1
39.26018,-8.2268,67,20
39.27772,-8.23178,6,0
39.41799,-8.27183,2,0
39.43552,-8.27685,1,0
39.44428,-8.27936,1,0
39.47934,-8.28942,294,19
39.4881,-8.29194,201,25
39.51439,-8.2995,14,4
39.52316,-8.30202,33,11
39.53192,-8.30454,78,35
39.54068,-8.30706,75,24
39.54945,-8.30959,116,39
39.55821,-8.31211,45,17
39.57573,-8.31716,27,7
39.58449,-8.31969,16,5
39.59326,-8.32222,99,38
39.60202,-8.32475,52,13
39.61078,-8.32728,99,16
39.61954,-8.32981,67,22
39.6283,-8.33234,53,13
39.63706,-8.33488,52,21
39.65458,-8.33995,67,27
39.66334,-8.34248,8,3
39.6721,-8.34502,8,4
39.68086,-8.34756,102,25
39.68962,-8.3501,9,0
39.69838,-8.35264,22,6
39.70714,-8.35518,84,29
39.7159,-8.35772,71,24
39.72466,-8.36026,42,15
39.73341,-8.36281,94,34
39.74217,-8.36535,77,23
39.75093,-8.3679,28,12
39.75969,-8.37044,18,9
39.76845,-8.37299,21,7
39.7772,-8.37554,3,2
39.78596,-8.37809,71,18
39.79472,-8.38064,29,7
39.80348,-8.38319,20,4
39.81223,-8.38574,40,12
39.82099,-8.3883,184,36
39.82975,-8.39085,145,41
39.8385,-8.39341,24,5
39.84726,-8.39596,45,20
39.85601,-8.39852,5,3
39.86477,-8.40108,55,21
39.89104,-8.40876,3,3
39.89979,-8.41132,23,7
39.90855,-8.41388,76,14
39.92605,-8.41901,64,20
39.93481,-8.42158,53,15
39.94356,-8.42414,15,2
39.96107,-8.42928,57,14
39.96982,-8.43185,8,4
39.97858,-8.43442,17,4
39.99608,-8.43956,4,0
40.02234,-8.44729,3,1
40.03109,-8.44986,107,39
40.03984,-8.45244,30,8
40.05735,-8.4576,2,0
40.0661,-8.46018,32,8
40.07485,-8.46276,29,7
40.1011,-8.47051,11,3
40.10985,-8.4731,130,31
40.1186,-8.47568,21,4
40.12735,-8.47827,333,96
40.1361,-8.48086,238,113
40.16235,-8.48863,6,2
40.1711,-8.49122,198,39
40.17985,-8.49381,28,10
40.1886,-8.49641,28,10
40.19735,-8.499,818,235
40.20609,-8.5016,932,215
40.23234,-8.50939,491,197
40.24108,-8.51199,968,232
40.24983,-8.51459,63,5
40.25858,-8.5172,19,3
40.26733,-8.5198,577,147
40.27607,-8.5224,1302,394
40.28482,-8.52501,3,1
40.30231,-8.53022,45,12
40.32855,-8.53805,22,3
40.33729,-8.54066,287,98
40.34604,-8.54327,18,7
40.35479,-8.54588,355,89
40.36353,-8.54849,394,151
40.37227,-8.55111,1,1
40.38102,-8.55372,128,38
40.38976,-8.55634,75,25
40.40725,-8.56158,24,9
40.416,-8.5642,234,81
40.42474,-8.56682,171,91
40.43348,-8.56944,174,65
40.44223,-8.57206,27,13
40.45097,-8.57469,285,118
40.45971,-8.57731,54,21
40.46845,-8.57994,176,54
40.4772,-8.58256,281,83
40.48594,-8.58519,124,39
40.49468,-8.58782,468,155
40.50342,-8.59045,620,143
40.51216,-8.59308,258,51
40.5209,-8.59571,785,245
40.52965,-8.59834,866,207
40.53839,-8.60098,164,39
40.54713,-8.60361,8,5
40.55587,-8.60625,63,3
40.56461,-8.60888,57,4
40.57335,-8.61152,111,23
40.58209,-8.61416,650,124
40.59083,-8.6168,656,167
40.59957,-8.61944,277,65
40.60831,-8.62208,748,127
40.61705,-8.62472,1807,367
40.62579,-8.62737,2122,431
40.63453,-8.63001,1206,262
40.64326,-8.63266,2779,448
40.652,-8.6353,2642,538
40.66074,-8.63795,416,77
40.66948,-8.6406,2,0
40.73938,-8.66183,11,3
40.75685,-8.66714,170,54
40.76559,-8.6698,2,0
40.79179,-8.67779,193,35
40.80053,-8.68045,282,48
37.12584,-7.63632,30,7
37.13466,-7.6386,1955,424
37.14347,-7.64088,451,58
37.15229,-7.64316,19,6
37.1611,-7.64545,19,5
37.17873,-7.65001,12,2
37.20517,-7.65687,7,5
37.21398,-7.65916,2,1
37.2228,-7.66144,2,2
37.24042,-7.66602,3,2
37.31092,-7.68437,13,9
37.31973,-7.68666,2,1
37.33735,-7.69126,8,7
37.42545,-7.71429,74,51
37.46069,-7.72353,35,21
37.55756,-7.749,22,13
37.60159,-7.76061,9,2
37.61039,-7.76293,10,1
37.70724,-7.78856,32,7
37.74245,-7.79791,19,5
37.80406,-7.81429,2,2
37.97123,-7.85898,5,0
38.00642,-7.86843,2444,562
38.01522,-7.87079,5577,1364
38.02401,-7.87316,890,129
38.03281,-7.87552,8,2
38.0416,-7.87789,20,4
38.0504,-7.88026,56,46
38.10317,-7.89448,4,0
38.13834,-7.90398,5,2
38.15593,-7.90874,9,0
38.16472,-7.91112,5,0
38.22627,-7.92779,2,0
38.24385,-7.93257,246,74
38.25264,-7.93495,70,22
38.27022,-7.93973,2,1
38.27901,-7.94212,4,4
38.38448,-7.97087,13,1
38.39327,-7.97328,213,33
38.5075,-8.00458,3,1
38.5602,-8.01908,10,5
38.56899,-8.0215,290,69
38.57777,-8.02392,11,4
38.59534,-8.02876,1,0
38.69195,-8.05547,7,1
38.70951,-8.06033,4,3
38.73585,-8.06764,15,3
38.74463,-8.07008,168,47
38.76219,-8.07496,1,0
38.77975,-8.07984,1,0
38.96408,-8.13131,7,3
39.0606,-8.15843,1,0
39.07814,-8.16338,236,84
39.08692,-8.16585,54,18
39.09569,-8.16833,46,16
39.10446,-8.1708,10,3
39.11324,-8.17328,2,2
39.20972,-8.20057,3,0
39.26234,-8.21551,47,19
39.41138,-8.25801,4,0
39.43768,-8.26553,353,127
39.44644,-8.26804,158,42
39.45521,-8.27056,11,1
39.4815,-8.2781,2,0
39.52532,-8.29069,22,9
39.53409,-8.29321,7,1
39.54285,-8.29573,15,7
39.55161,-8.29825,11,4
39.56037,-8.30077,18,10
39.56914,-8.3033,15,2
39.5779,-8.30582,14,5
39.58666,-8.30835,19,8
39.59542,-8.31088,31,10
39.60418,-8.31341,20,5
39.61295,-8.31593,37,9
39.62171,-8.31846,104,42
39.63047,-8.321,98,39
39.63923,-8.32353,6,3
39.65675,-8.32859,24,13
39.66551,-8.33113,38,20
39.67427,-8.33366,52,20
39.68303,-8.3362,68,31
39.69179,-8.33874,56,16
39.70055,-8.34128,45,20
39.70931,-8.34382,11,7
39.72683,-8.3489,24,11
39.73559,-8.35144,112,72
39.74435,-8.35398,38,16
39.75311,-8.35653,55,22
39.76186,-8.35907,71,32
39.77062,-8.36162,27,8
39.77938,-8.36417,52,13
39.78814,-8.36672,75,29
39.79689,-8.36926,27,9
39.80565,-8.37181,84,34
39.81441,-8.37437,141,43
39.82317,-8.37692,508,133
39.83192,-8.37947,102,57
39.84068,-8.38202,42,14
39.84944,-8.38458,35,15
39.85819,-8.38713,51,17
39.86695,-8.38969,56,25
39.8757,-8.39225,95,45
39.88446,-8.39481,4,3
39.89322,-8.39737,64,15
39.92824,-8.40762,136,43
39.93699,-8.41018,87,27
39.94574,-8.41274,83,24
39.96325,-8.41788,103,31
39.97201,-8.42045,2,0
39.99827,-8.42816,74,31
40.02452,-8.43588,15,9
40.05078,-8.4436,60,20
40.05953,-8.44618,126,54
40.06828,-8.44876,25,7
40.07704,-8.45134,51,7
40.09454,-8.4565,45,12
40.10329,-8.45909,223,62
40.11204,-8.46167,72,14
40.12954,-8.46684,740,166
40.13829,-8.46943,692,164
40.14704,-8.47202,110,31
40.15579,-8.4746,9,5
40.16454,-8.47719,153,21
40.17329,-8.47978,443,122
40.18204,-8.48238,179,60
40.19079,-8.48497,178,52
40.19954,-8.48756,1157,280
40.20829,-8.49016,565,174
40.24328,-8.50055,45,11
40.26077,-8.50575,3,0
40.26952,-8.50835,229,58
40.27827,-8.51095,23,3
40.30451,-8.51876,89,30
40.322,-8.52398,6,1
40.33075,-8.52658,281,91
40.33949,-8.52919,199,81
40.35698,-8.53441,50,8
40.37447,-8.53964,11,4
40.38322,-8.54225,48,14
40.39196,-8.54487,25,10
40.4182,-8.55272,60,21
40.43568,-8.55796,6,2
40.44443,-8.56058,121,52
40.45317,-8.5632,175,70
40.46191,-8.56583,75,25
40.47066,-8.56845,212,59
40.4794,-8.57108,207,67
40.48814,-8.5737,136,41
40.49688,-8.57633,187,58
40.50563,-8.57896,369,106
40.51437,-8.58159,34,16
40.52311,-8.58422,237,63
40.53185,-8.58685,144,31
40.54059,-8.58948,399,98
40.54933,-8.59211,116,19
40.55807,-8.59475,204,55
40.56682,-8.59738,143,38
40.57556,-8.60002,128,41
40.5843,-8.60266,238,63
40.59304,-8.60529,588,163
40.60178,-8.60793,604,114
40.61052,-8.61057,835,273
40.61926,-8.61321,320,83
40.628,-8.61586,1030,301
40.63674,-8.6185,3060,748
40.64547,-8.62114,1452,337
40.65421,-8.62379,2660,381
40.66295,-8.62644,1074,227
40.67169,-8.62908,608,152
40.68043,-8.63173,359,64
40.73286,-8.64764,218,64
40.74159,-8.6503,812,257
40.75033,-8.65295,954,269
40.75907,-8.65561,407,119
40.7678,-8.65827,15,4
40.80275,-8.66891,18,6
40.81148,-8.67157,39,7
40.82022,-8.67424,138,39
40.82895,-8.6769,3,0
37.12792,-7.62536,4,0
37.13673,-7.62764,1664,246
37.14555,-7.62992,43,11
37.15436,-7.6322,61,8
37.16318,-7.63448,65,25
37.17199,-7.63676,21,4
37.18081,-7.63904,5,5
37.21606,-7.64818,3,2
37.22488,-7.65046,2,1
37.23369,-7.65275,2,2
37.2425,-7.65504,23,12
37.26013,-7.65962,10,10
37.26894,-7.66191,8,3
37.37468,-7.68946,2,2
37.50681,-7.72407,7,5
37.51562,-7.72639,22,6
37.57727,-7.74261,4,1
37.62129,-7.75422,48,20
37.65651,-7.76353,15,9
37.70933,-7.77751,40,20
37.74454,-7.78685,89,27
37.96454,-7.84553,3,2
37.99973,-7.85497,4,0
38.00853,-7.85733,5479,1210
38.01732,-7.8597,4108,879
38.02612,-7.86206,1388,181
38.03492,-7.86442,11,2
38.04371,-7.86679,25,7
38.05251,-7.86916,24,5
38.0613,-7.87152,12,2
38.14925,-7.89524,5,0
38.15804,-7.89762,18,3
38.16683,-7.9,561,163
38.17563,-7.90237,9,2
38.23717,-7.91905,1,0
38.28113,-7.93098,59,29
38.28992,-7.93337,2,2
38.35145,-7.95013,3,0
38.3866,-7.95972,31,7
38.39539,-7.96212,600,123
38.49205,-7.98859,3,1
38.52719,-7.99824,2,0
38.58868,-8.01516,3,0
38.67652,-8.03941,1,1
39.05397,-8.14471,5,1
39.06274,-8.14718,24,12
39.08906,-8.15459,17,11
39.09784,-8.15706,7,0
39.10661,-8.15954,3,0
39.21187,-8.18929,8,0
39.25572,-8.20173,11,0
39.26449,-8.20422,13,5
39.27326,-8.20671,88,26
39.28203,-8.2092,17,2
39.36971,-8.23417,4,1
39.37848,-8.23667,141,58
39.38724,-8.23918,105,44
39.44861,-8.25673,340,139
39.45737,-8.25924,13,4
39.46614,-8.26175,12,0
39.48367,-8.26677,51,16
39.49243,-8.26929,197,64
39.50119,-8.2718,4,2
39.55378,-8.28692,35,13
39.5713,-8.29196,44,16
39.58006,-8.29448,5,1
39.58883,-8.29701,11,3
39.59759,-8.29953,111,32
39.60635,-8.30206,117,85
39.61511,-8.30459,35,13
39.62388,-8.30712,114,33
39.63264,-8.30965,52,22
39.6414,-8.31218,16,7
39.66768,-8.31977,32,8
39.67644,-8.32231,118,62
39.6852,-8.32484,56,11
39.69396,-8.32738,71,30
39.70272,-8.32992,67,19
39.71148,-8.33246,137,56
39.72024,-8.33499,26,13
39.729,-8.33753,67,31
39.73776,-8.34008,38,18
39.74652,-8.34262,11,3
39.7728,-8.35025,49,18
39.78155,-8.35279,74,33
39.79031,-8.35534,11,5
39.79907,-8.35789,67,19
39.80783,-8.36044,122,36
39.81658,-8.36299,37,10
39.8341,-8.36809,4,4
39.84286,-8.37064,15,4
39.85161,-8.3732,62,15
39.86037,-8.37575,26,3
39.86913,-8.3783,97,39
39.87788,-8.38086,8,3
39.88664,-8.38342,1,1
39.89539,-8.38598,218,63
39.90415,-8.38854,32,12
39.9129,-8.3911,6,5
39.93041,-8.39622,10,1
39.93917,-8.39878,13,2
39.94792,-8.40135,103,31
39.95668,-8.40391,93,33
39.96543,-8.40648,72,18
39.97419,-8.40904,5,1
39.98294,-8.41161,51,22
39.9917,-8.41418,13,9
40.01796,-8.42189,58,26
40.06172,-8.43477,53,16
40.07047,-8.43734,19,10
40.08797,-8.4425,93,15
40.09672,-8.44508,54,24
40.10548,-8.44766,9,2
40.11423,-8.45024,57,19
40.12298,-8.45283,5,1
40.13173,-8.45541,366,110
40.14048,-8.458,352,66
40.14923,-8.46058,137,41
40.15798,-8.46317,139,25
40.16673,-8.46576,605,149
40.18423,-8.47094,329,81
40.19298,-8.47353,481,108
40.20173,-8.47612,1518,418
40.21048,-8.47872,879,247
40.23672,-8.4865,199,54
40.24547,-8.4891,513,136
40.25422,-8.4917,109,42
40.26297,-8.49429,323,80
40.27171,-8.49689,152,28
40.29796,-8.5047,77,17
40.3067,-8.5073,13,2
40.31545,-8.50991,5,0
40.3242,-8.51251,86,19
40.33294,-8.51512,18,6
40.34169,-8.51773,73,19
40.37667,-8.52817,106,44
40.39416,-8.5334,44,13
40.40291,-8.53601,145,64
40.41165,-8.53863,84,31
40.42039,-8.54124,69,28
40.42914,-8.54386,15,9
40.43788,-8.54648,49,15
40.44663,-8.5491,166,74
40.45537,-8.55172,250,90
40.46411,-8.55434,21,8
40.47286,-8.55697,123,52
40.4816,-8.55959,27,12
40.49034,-8.56221,214,66
40.49909,-8.56484,490,128
40.50783,-8.56747,226,59
40.51657,-8.57009,73,19
40.52531,-8.57272,76,13
40.53405,-8.57535,5,0
40.5428,-8.57798,2,0
40.55154,-8.58062,41,3
40.56028,-8.58325,171,41
40.56902,-8.58588,172,42
40.57776,-8.58852,300,58
40.5865,-8.59115,215,44
40.59524,-8.59379,119,16
40.60398,-8.59643,470,98
40.61272,-8.59906,406,92
40.62146,-8.6017,322,67
40.6302,-8.60435,668,163
40.63894,-8.60699,1653,256
40.64768,-8.60963,560,79
40.65642,-8.61227,430,89
40.66516,-8.61492,232,55
40.6739,-8.61756,346,59
40.68264,-8.62021,360,83
40.69138,-8.62286,328,85
40.72633,-8.63346,140,36
40.73507,-8.63611,895,256
40.7438,-8.63877,576,155
40.75254,-8.64142,857,220
40.76128,-8.64408,509,115
40.77002,-8.64673,313,102
40.77875,-8.64939,28,10
40.82243,-8.66269,37,12
40.83117,-8.66536,268,64
40.8399,-8.66802,178,43
40.84864,-8.67069,15,0
37.14762,-7.61895,28,11
37.15644,-7.62122,20,8
37.16525,-7.6235,17,1
37.17407,-7.62578,6,0
37.18288,-7.62807,28,9
37.1917,-7.63035,9,7
37.20933,-7.63491,3,1
37.22695,-7.63948,3,0
37.27102,-7.65092,5,1
37.29746,-7.65779,1,1
37.3239,-7.66468,10,4
37.33271,-7.66697,8,2
37.36795,-7.67616,15,11
37.52652,-7.71768,78,35
37.57936,-7.73158,3,0
37.99304,-7.84152,3,1
38.00183,-7.84388,57,17
38.01063,-7.84624,428,69
38.01943,-7.8486,1164,203
38.02823,-7.85096,888,178
38.03702,-7.85332,22,11
38.04582,-7.85569,24,9
38.05461,-7.85805,21,3
38.06341,-7.86042,4,0
38.09859,-7.86989,7,0
38.16015,-7.8865,596,106
38.16894,-7.88888,1828,434
38.17774,-7.89125,1,0
38.18653,-7.89363,4,0
38.19532,-7.89601,5,0
38.21291,-7.90077,9,2
38.2217,-7.90315,12,1
38.23049,-7.90553,2,0
38.26566,-7.91507,1,1
38.42388,-7.95817,4,0
38.49417,-7.97742,18,3
38.50296,-7.97983,2,0
38.52932,-7.98706,2,2
38.57324,-7.99914,13,1
38.59081,-8.00397,3,0
38.66108,-8.02335,4,1
38.7489,-8.04766,2,0
39.05611,-8.13345,23,6
39.06489,-8.13592,27,9
39.07366,-8.13839,15,10
39.08244,-8.14086,1,1
39.09121,-8.14333,2,0
39.09998,-8.1458,4,0
39.19648,-8.17304,2,0
39.26664,-8.19293,2,0
39.27541,-8.19542,155,52
39.3631,-8.22036,116,42
39.37187,-8.22286,47,20
39.38063,-8.22537,35,13
39.442,-8.2429,15,6
39.45076,-8.24541,1578,627
39.45953,-8.24791,274,120
39.4683,-8.25043,1,0
39.48583,-8.25545,16,13
39.53841,-8.27054,21,6
39.54718,-8.27306,44,22
39.55594,-8.27558,7,4
39.5647,-8.2781,5,1
39.57347,-8.28062,19,0
39.58223,-8.28314,1,1
39.59099,-8.28567,54,14
39.59975,-8.28819,24,1
39.60852,-8.29072,87,57
39.62604,-8.29577,26,4
39.6348,-8.2983,141,60
39.64357,-8.30083,17,6
39.65233,-8.30336,8,5
39.66109,-8.30589,11,8
39.66985,-8.30842,33,16
39.67861,-8.31095,19,6
39.68737,-8.31349,63,23
39.69613,-8.31602,6,2
39.70489,-8.31856,23,7
39.71365,-8.32109,25,10
39.72241,-8.32363,19,6
39.73117,-8.32617,23,8
39.73993,-8.32871,38,14
39.74869,-8.33125,31,6
39.75745,-8.33379,35,10
39.76621,-8.33633,21,8
39.77497,-8.33888,81,24
39.78373,-8.34142,91,28
39.79248,-8.34397,66,16
39.80124,-8.34651,250,74
39.81,-8.34906,118,33
39.81876,-8.35161,15,7
39.82752,-8.35416,5,1
39.83627,-8.35671,49,21
39.84503,-8.35926,5,2
39.85379,-8.36181,29,6
39.86254,-8.36436,41,14
39.8713,-8.36692,17,4
39.88006,-8.36947,14,6
39.88881,-8.37203,240,117
39.89757,-8.37459,176,56
39.90633,-8.37714,206,74
39.91508,-8.3797,127,32
39.94135,-8.38738,48,14
39.96761,-8.39507,33,7
39.97637,-8.39764,57,21
39.98512,-8.40021,35,10
40.01138,-8.40791,57,21
40.02014,-8.41048,57,16
40.02889,-8.41305,71,12
40.03764,-8.41562,148,41
40.0464,-8.4182,93,30
40.0639,-8.42335,12,2
40.07265,-8.42592,5,1
40.08141,-8.4285,89,37
40.12516,-8.4414,117,22
40.13391,-8.44398,38,6
40.14267,-8.44657,161,26
40.15142,-8.44915,14,3
40.16017,-8.45174,381,113
40.16892,-8.45432,761,136
40.17767,-8.45691,417,127
40.18642,-8.4595,66,12
40.19517,-8.46209,1103,271
40.20392,-8.46468,3600,755
40.21267,-8.46727,1144,330
40.22141,-8.46987,2,1
40.23891,-8.47505,3,1
40.24766,-8.47765,148,48
40.25641,-8.48025,787,214
40.26516,-8.48284,31,5
40.27391,-8.48544,210,55
40.28265,-8.48804,156,47
40.2914,-8.49064,31,7
40.30015,-8.49324,184,52
40.3089,-8.49585,121,41
40.33514,-8.50366,61,15
40.34388,-8.50627,120,48
40.35263,-8.50887,21,2
40.36138,-8.51148,327,121
40.38761,-8.51931,10,5
40.39636,-8.52192,38,12
40.4051,-8.52454,287,94
40.41385,-8.52715,104,45
40.42259,-8.52977,266,86
40.43134,-8.53238,83,25
40.44008,-8.535,15,3
40.44883,-8.53762,36,7
40.45757,-8.54024,34,12
40.46631,-8.54286,81,34
40.47506,-8.54548,184,62
40.4838,-8.5481,103,35
40.49254,-8.55073,315,101
40.50129,-8.55335,208,78
40.51003,-8.55598,322,92
40.51877,-8.5586,479,118
40.52752,-8.56123,168,40
40.53626,-8.56386,463,129
40.545,-8.56649,154,36
40.57122,-8.57438,330,63
40.57997,-8.57701,229,54
40.58871,-8.57965,17,3
40.59745,-8.58228,198,55
40.60619,-8.58492,333,71
40.61493,-8.58756,53,10
40.62367,-8.59019,2,0
40.63241,-8.59283,1486,142
40.64115,-8.59547,1563,211
40.64989,-8.59811,6,4
40.65863,-8.60076,32,2
40.66737,-8.6034,44,12
40.67611,-8.60604,729,202
40.68485,-8.60869,986,181
40.69359,-8.61134,84,21
40.73728,-8.62458,21,9
40.74602,-8.62723,255,71
40.75475,-8.62989,468,82
40.76349,-8.63254,258,57
40.77223,-8.6352,122,36
40.78096,-8.63785,378,93
40.7897,-8.64051,125,31
40.82465,-8.65115,6,0
40.83338,-8.65381,141,33
40.84212,-8.65648,295,82
40.85085,-8.65914,24,5
40.85959,-8.66181,74,15
40.86832,-8.66447,881,94
37.14088,-7.6057,806,277
37.1497,-7.60798,643,143
37.15851,-7.61025,76,29
37.16733,-7.61253,22,9
37.17614,-7.61481,3,2
37.19377,-7.61937,10,4
37.20259,-7.62165,7,1
37.2114,-7.62394,9,2
37.22022,-7.62622,7,3
37.25547,-7.63536,7,1
37.26429,-7.63765,10,5
37.2731,-7.63993,3,2
37.29073,-7.64451,1,1
37.29954,-7.6468,29,13
37.33479,-7.65597,12,8
37.3436,-7.65827,8,4
37.37884,-7.66746,14,7
37.44052,-7.68357,7,5
37.46694,-7.69048,20,14
37.47575,-7.69279,68,34
37.60786,-7.7275,28,9
37.64309,-7.73679,18,6
37.67831,-7.74609,88,33
37.73993,-7.7624,2,2
37.74873,-7.76473,3,0
37.99514,-7.83042,22,6
38.00394,-7.83278,25,4
38.01274,-7.83514,7,0
38.02153,-7.8375,97,44
38.03033,-7.83986,19,2
38.03913,-7.84222,19,8
38.06552,-7.84931,3,0
38.10949,-7.86115,406,84
38.11829,-7.86352,5,0
38.25019,-7.89917,405,201
38.31173,-7.91587,4,0
38.48751,-7.96384,4,0
38.49629,-7.96624,6,0
38.59294,-7.99279,20,5
38.60172,-7.9952,9,2
38.63686,-8.00489,6,0
38.78615,-8.04619,1,1
38.80371,-8.05107,3,0
39.03193,-8.1148,6,0
39.06703,-8.12466,1,0
39.44416,-8.23158,10,6
39.45292,-8.23409,68,29
39.46169,-8.23659,3,1
39.47045,-8.2391,6,1
39.47922,-8.24161,480,169
39.51428,-8.25166,19,6
39.5581,-8.26424,23,11
39.56687,-8.26676,9,5
39.57563,-8.26928,9,2
39.58439,-8.2718,32,10
39.59316,-8.27432,40,12
39.60192,-8.27685,9,5
39.61068,-8.27937,8,1
39.62821,-8.28442,16,6
39.63697,-8.28695,48,18
39.64573,-8.28948,72,24
39.65449,-8.29201,66,21
39.66325,-8.29453,54,15
39.67202,-8.29707,36,9
39.68078,-8.2996,64,11
39.68954,-8.30213,168,41
39.6983,-8.30466,178,30
39.70706,-8.3072,113,17
39.71582,-8.30973,53,9
39.72458,-8.31227,13,4
39.73334,-8.31481,53,18
39.7421,-8.31734,25,10
39.75086,-8.31988,22,4
39.75962,-8.32242,25,8
39.76838,-8.32496,13,9
39.77714,-8.32751,45,16
39.7859,-8.33005,23,12
39.79466,-8.33259,25,9
39.80341,-8.33514,19,7
39.82969,-8.34278,72,30
39.83845,-8.34533,80,22
39.8472,-8.34788,106,38
39.85596,-8.35043,56,12
39.86472,-8.35298,49,17
39.87348,-8.35553,130,52
39.88223,-8.35808,83,36
39.89099,-8.36064,84,27
39.89975,-8.36319,111,36
39.9085,-8.36575,163,52
39.91726,-8.36831,393,107
39.92601,-8.37086,73,23
39.93477,-8.37342,62,6
39.94353,-8.37598,137,43
39.9873,-8.3888,54,20
40.00481,-8.39393,4,0
40.01356,-8.3965,19,7
40.02232,-8.39907,16,7
40.03107,-8.40164,12,4
40.03982,-8.40421,35,7
40.04858,-8.40678,28,3
40.05733,-8.40935,68,20
40.07484,-8.4145,42,6
40.09234,-8.41965,39,23
40.10109,-8.42223,206,79
40.10985,-8.42481,104,33
40.12735,-8.42997,5,0
40.1361,-8.43255,272,85
40.14485,-8.43513,76,21
40.1536,-8.43772,117,29
40.16235,-8.4403,179,36
40.1711,-8.44289,687,128
40.17985,-8.44547,550,154
40.1886,-8.44806,760,236
40.19735,-8.45065,3366,622
40.2061,-8.45324,932,340
40.21485,-8.45583,916,342
40.24985,-8.4662,45,16
40.2586,-8.46879,4,0
40.26735,-8.47139,28,3
40.2761,-8.47399,306,82
40.28484,-8.47659,39,5
40.29359,-8.47919,58,27
40.30234,-8.48179,156,19
40.31109,-8.48439,8,0
40.33733,-8.4922,113,51
40.34608,-8.4948,55,17
40.35482,-8.49741,72,57
40.36357,-8.50001,356,113
40.37232,-8.50262,92,35
40.38106,-8.50523,200,47
40.38981,-8.50784,172,66
40.4073,-8.51306,112,30
40.41604,-8.51568,42,15
40.42479,-8.51829,246,81
40.43353,-8.5209,223,73
40.44228,-8.52352,233,83
40.45102,-8.52614,75,27
40.45977,-8.52875,38,13
40.46851,-8.53137,202,59
40.47726,-8.53399,258,89
40.486,-8.53661,126,31
40.49474,-8.53924,14,6
40.50349,-8.54186,132,37
40.51223,-8.54448,43,13
40.52097,-8.54711,172,45
40.52972,-8.54973,236,76
40.53846,-8.55236,216,65
40.5472,-8.55499,620,107
40.57343,-8.56288,212,35
40.58217,-8.56551,118,31
40.59965,-8.57078,48,8
40.60839,-8.57341,18,3
40.61713,-8.57605,144,33
40.62587,-8.57868,255,60
40.63462,-8.58132,307,91
40.64336,-8.58396,72,11
40.6521,-8.5866,801,153
40.66084,-8.58924,117,28
40.66958,-8.59188,595,136
40.67832,-8.59452,1433,295
40.68705,-8.59717,1081,191
40.69579,-8.59981,179,53
40.73949,-8.61305,20,4
40.74823,-8.6157,285,72
40.75696,-8.61835,170,39
40.7657,-8.62101,3,0
40.77444,-8.62366,35,6
40.78318,-8.62632,302,75
40.79191,-8.62897,702,155
40.80065,-8.63163,467,166
40.80939,-8.63429,118,32
40.8356,-8.64227,7,0
40.84433,-8.64493,37,8
40.85307,-8.64759,162,21
40.8618,-8.65026,276,68
40.87054,-8.65292,67,17
37.15177,-7.59701,123,26
37.16058,-7.59928,37,17
37.1694,-7.60156,30,8
37.19585,-7.6084,47,14
37.20466,-7.61068,20,8
37.21348,-7.61296,8,4
37.22229,-7.61524,41,15
37.23111,-7.61752,5,1
37.24873,-7.62209,8,4
37.25755,-7.62437,3,2
37.27518,-7.62895,2,1
37.2928,-7.63352,3,3
37.30162,-7.63581,3,2
37.32805,-7.64268,3,0
37.3633,-7.65186,24,13
37.39855,-7.66105,14,11
37.51307,-7.691,6,1
37.5483,-7.70025,27,5
37.74202,-7.75134,3,1
37.75083,-7.75368,2,2
37.83885,-7.77705,1,0
37.91806,-7.79815,284,90
37.92685,-7.8005,131,41
37.97085,-7.81226,2,0
37.99724,-7.81933,18,6
38.00604,-7.82168,10,0
38.01484,-7.82404,7,0
38.02364,-7.8264,25,6
38.03243,-7.82876,19,2
38.04123,-7.83112,9,3
38.05003,-7.83348,3,1
38.05882,-7.83584,4,1
38.10281,-7.84767,5,1
38.1116,-7.85004,64,25
38.19955,-7.87376,5,0
38.20834,-7.87614,5,0
38.21713,-7.87851,2,0
38.2611,-7.89042,1,0
38.34901,-7.91429,37,11
38.3578,-7.91668,45,2
38.41054,-7.93105,2,1
38.48963,-7.95267,4,0
38.55113,-7.96953,34,5
38.55992,-7.97194,29,2
38.56871,-7.97435,8,1
38.57749,-7.97677,10,2
38.58628,-7.97918,5,0
38.60385,-7.98402,6,1
38.64777,-7.99611,30,12
38.65655,-7.99854,9,4
38.75316,-8.02524,3,1
38.76194,-8.02767,47,1
38.77072,-8.03011,206,61
38.94631,-8.07898,78,58
38.95509,-8.08143,315,127
38.96386,-8.08388,2,2
39.13937,-8.13315,2,1
39.14814,-8.13562,3,3
39.15691,-8.1381,6,3
39.42001,-8.21275,190,70
39.42878,-8.21525,531,224
39.43755,-8.21775,2,0
39.46385,-8.22527,131,32
39.47261,-8.22778,270,88
39.48138,-8.23029,136,27
39.49014,-8.2328,39,11
39.49891,-8.23531,79,30
39.50767,-8.23782,54,17
39.51644,-8.24033,9,6
39.5515,-8.25039,79,52
39.56026,-8.2529,31,16
39.56903,-8.25542,35,14
39.57779,-8.25794,14,6
39.58655,-8.26046,48,22
39.59532,-8.26298,3,2
39.61284,-8.26803,1,0
39.62161,-8.27055,16,1
39.63037,-8.27307,92,38
39.63913,-8.2756,19,6
39.6479,-8.27812,30,12
39.65666,-8.28065,28,9
39.66542,-8.28318,48,16
39.67418,-8.28571,21,7
39.68294,-8.28824,11,4
39.6917,-8.29077,1172,232
39.70047,-8.2933,120,38
39.70923,-8.29584,102,29
39.71799,-8.29837,112,23
39.72675,-8.3009,60,17
39.73551,-8.30344,86,30
39.74427,-8.30598,26,11
39.75303,-8.30851,144,48
39.76179,-8.31105,130,40
39.77055,-8.31359,37,24
39.77931,-8.31613,82,18
39.78807,-8.31867,122,41
39.79683,-8.32122,34,12
39.80558,-8.32376,6,0
39.81434,-8.3263,7,2
39.8231,-8.32885,4,1
39.83186,-8.3314,89,40
39.84062,-8.33394,49,24
39.84938,-8.33649,10,2
39.85813,-8.33904,33,15
39.86689,-8.34159,79,22
39.87565,-8.34414,92,29
39.88441,-8.34669,80,29
39.89316,-8.34925,49,14
39.90192,-8.3518,151,45
39.91068,-8.35436,172,47
39.91943,-8.35691,734,200
39.92819,-8.35947,611,226
39.93695,-8.36203,124,24
39.9457,-8.36458,98,39
39.95446,-8.36714,79,23
39.96321,-8.3697,59,27
39.98072,-8.37483,3,3
39.98948,-8.37739,89,29
39.99823,-8.37996,159,34
40.00699,-8.38252,36,12
40.01574,-8.38509,36,11
40.0245,-8.38766,709,187
40.03325,-8.39022,326,87
40.042,-8.39279,2,1
40.05076,-8.39536,2,1
40.05951,-8.39794,115,50
40.06826,-8.40051,4,0
40.09452,-8.40823,9,0
40.10328,-8.41081,96,25
40.11203,-8.41338,151,49
40.12078,-8.41596,81,25
40.13828,-8.42112,110,38
40.14704,-8.4237,186,48
40.15579,-8.42628,248,53
40.16454,-8.42887,582,132
40.17329,-8.43145,265,70
40.18204,-8.43404,289,111
40.19079,-8.43662,1596,235
40.19954,-8.43921,3695,881
40.20829,-8.4418,667,120
40.21704,-8.44438,87,22
40.22579,-8.44697,63,8
40.23454,-8.44957,249,81
40.24329,-8.45216,880,237
40.25204,-8.45475,425,96
40.26079,-8.45734,411,115
40.26954,-8.45994,203,48
40.27829,-8.46253,78,18
40.29578,-8.46773,48,12
40.30453,-8.47033,575,189
40.31328,-8.47293,37,10
40.32203,-8.47553,5,1
40.33952,-8.48073,124,37
40.34827,-8.48333,293,87
40.36576,-8.48854,7,2
40.38325,-8.49376,326,146
40.392,-8.49637,151,34
40.40075,-8.49898,20,6
40.40949,-8.50159,94,31
40.41824,-8.5042,32,16
40.42698,-8.50681,25,6
40.43573,-8.50942,129,52
40.44447,-8.51204,237,95
40.45322,-8.51465,247,79
40.46196,-8.51727,30,12
40.47071,-8.51989,23,5
40.47945,-8.52251,10,2
40.4882,-8.52513,61,14
40.49694,-8.52775,131,32
40.50568,-8.53037,161,29
40.51443,-8.53299,15,8
40.52317,-8.53561,34,0
40.54066,-8.54086,1228,181
40.5494,-8.54349,736,100
40.55814,-8.54612,15,0
40.57563,-8.55137,325,68
40.58437,-8.554,6,1
40.6106,-8.5619,2,2
40.61934,-8.56453,499,95
40.62808,-8.56717,927,199
40.63682,-8.56981,103,30
40.6543,-8.57508,221,72
40.66304,-8.57772,74,19
40.67178,-8.58036,76,14
40.68052,-8.583,154,30
40.7417,-8.60152,125,32
40.75043,-8.60417,689,138
40.75917,-8.60682,49,11
40.77665,-8.61212,78,14
40.78539,-8.61478,435,87
40.79412,-8.61743,1012,235
40.80286,-8.62009,411,94
40.8116,-8.62274,178,33
40.84654,-8.63338,134,26
40.85528,-8.63604,927,235
40.86402,-8.6387,1265,261
40.87275,-8.64137,13,2
37.15384,-7.58604,20,5
37.16266,-7.58831,107,85
37.17147,-7.59059,14,6
37.1891,-7.59514,4,1
37.19792,-7.59742,31,9
37.20673,-7.5997,6,2
37.24199,-7.60882,9,9
37.25081,-7.6111,10,6
37.25962,-7.61339,9,5
37.27725,-7.61796,7,4
37.29488,-7.62253,23,13
37.30369,-7.62482,2,0
37.55039,-7.68922,23,10
37.58562,-7.69848,29,14
37.62965,-7.71006,48,12
37.92015,-7.78707,75,16
37.92895,-7.78942,630,177
37.95535,-7.79646,2,0
37.97295,-7.80117,5,0
37.98175,-7.80352,22,6
37.99055,-7.80588,71,23
37.99935,-7.80823,4,0
38.00814,-7.81059,196,62
38.01694,-7.81294,712,164
38.02574,-7.8153,121,34
38.03454,-7.81766,27,4
38.04333,-7.82002,1,1
38.05213,-7.82238,6,0
38.11371,-7.83892,3,0
38.18407,-7.85788,4,0
38.20165,-7.86263,2,0
38.31596,-7.89359,3,2
38.34233,-7.90075,2,0
38.35112,-7.90314,119,42
38.35991,-7.90553,176,72
38.53568,-7.95353,8,2
38.54447,-7.95594,18,5
38.55326,-7.95835,93,25
38.56204,-7.96076,31,5
38.59718,-7.97041,4,0
38.60597,-7.97283,3,1
38.64989,-7.98492,105,36
38.65868,-7.98734,261,57
38.7026,-7.99946,4,1
38.71138,-8.00188,13,2
38.72894,-8.00674,5,0
38.87822,-8.04815,3,1
38.93967,-8.06528,6,1
38.94845,-8.06773,135,77
38.95722,-8.07019,319,149
38.966,-8.07264,2,2
39.13274,-8.11941,23,7
39.14151,-8.12188,72,15
39.15028,-8.12435,9,8
39.19415,-8.13672,6,0
39.20292,-8.1392,1,0
39.25555,-8.15408,2,1
39.31694,-8.17149,6,2
39.32571,-8.17398,16,12
39.43093,-8.20393,97,41
39.4397,-8.20644,9,5
39.45724,-8.21144,334,90
39.466,-8.21395,1713,420
39.47477,-8.21645,32,12
39.48353,-8.21896,21,2
39.4923,-8.22147,163,53
39.56242,-8.24157,29,15
39.57119,-8.24408,26,7
39.57995,-8.2466,20,8
39.60624,-8.25416,27,15
39.61501,-8.25668,2,1
39.62377,-8.2592,1,0
39.63253,-8.26172,90,20
39.6413,-8.26425,80,32
39.65006,-8.26677,42,15
39.65882,-8.2693,5,4
39.66758,-8.27182,6,2
39.67634,-8.27435,1,0
39.68511,-8.27688,50,24
39.69387,-8.27941,181,71
39.70263,-8.28194,124,39
39.71139,-8.28447,178,49
39.72015,-8.28701,56,13
39.72891,-8.28954,163,38
39.73767,-8.29207,116,39
39.74643,-8.29461,36,10
39.7552,-8.29714,86,27
39.76396,-8.29968,91,37
39.77272,-8.30222,70,21
39.78148,-8.30476,50,18
39.79024,-8.3073,46,15
39.79899,-8.30984,17,12
39.83403,-8.32001,149,55
39.84279,-8.32256,99,15
39.85155,-8.32511,16,7
39.86906,-8.3302,238,138
39.87782,-8.33275,123,57
39.88658,-8.3353,80,27
39.89534,-8.33785,49,21
39.90409,-8.34041,77,18
39.91285,-8.34296,54,15
39.92161,-8.34551,14,5
39.93036,-8.34807,96,36
39.93912,-8.35063,4,2
39.94788,-8.35318,12,1
39.96539,-8.3583,138,60
39.97414,-8.36086,59,34
39.9829,-8.36342,7,3
39.99165,-8.36598,7,4
40.00041,-8.36855,25,8
40.00916,-8.37111,128,40
40.01792,-8.37368,80,16
40.02667,-8.37624,34,20
40.03543,-8.37881,37,11
40.04418,-8.38138,1,1
40.05294,-8.38395,105,31
40.06169,-8.38652,18,8
40.07044,-8.38909,9,3
40.0792,-8.39166,67,22
40.10546,-8.39938,156,60
40.11421,-8.40196,95,23
40.12296,-8.40453,14,2
40.13171,-8.40711,4,4
40.14047,-8.40969,242,72
40.14922,-8.41227,231,86
40.15797,-8.41485,192,62
40.16672,-8.41743,386,108
40.17547,-8.42001,137,43
40.18422,-8.4226,150,64
40.19297,-8.42518,1030,219
40.20173,-8.42777,816,177
40.21048,-8.43035,3173,890
40.21923,-8.43294,2814,636
40.22798,-8.43553,3590,712
40.23673,-8.43812,1767,411
40.24548,-8.44071,646,158
40.25423,-8.4433,1227,297
40.26297,-8.44589,324,101
40.27172,-8.44848,388,138
40.28047,-8.45108,403,124
40.28922,-8.45367,229,51
40.29797,-8.45627,10,3
40.30672,-8.45887,112,31
40.32422,-8.46406,12,4
40.33296,-8.46667,355,124
40.34171,-8.46927,6,3
40.35921,-8.47447,5,0
40.36795,-8.47708,224,49
40.3767,-8.47968,76,49
40.38545,-8.48229,264,64
40.39419,-8.48489,184,58
40.40294,-8.4875,149,51
40.41169,-8.49011,208,69
40.42043,-8.49272,187,58
40.43792,-8.49794,154,60
40.44667,-8.50056,183,47
40.45541,-8.50317,207,66
40.46416,-8.50579,416,145
40.4729,-8.5084,85,28
40.49039,-8.51364,108,33
40.49914,-8.51625,70,15
40.50788,-8.51887,316,90
40.51663,-8.5215,307,72
40.53411,-8.52674,24,9
40.54286,-8.52936,442,75
40.5516,-8.53199,296,57
40.56034,-8.53461,489,131
40.56909,-8.53724,302,51
40.58657,-8.5425,72,44
40.59531,-8.54513,219,42
40.6128,-8.55039,124,27
40.62154,-8.55302,249,65
40.63028,-8.55566,176,48
40.75264,-8.59264,79,7
40.76138,-8.59529,623,129
40.77012,-8.59794,24,10
40.78759,-8.60324,273,31
40.79633,-8.60589,380,74
40.80507,-8.60855,126,24
40.81381,-8.6112,20,9
40.82254,-8.61386,11,1
40.83128,-8.61651,139,29
40.84002,-8.61917,106,2
40.84875,-8.62183,90,29
40.85749,-8.62449,3212,812
40.86623,-8.62715,3445,838
40.87496,-8.62981,239,83
37.15591,-7.57507,10,2
37.16473,-7.57734,53,27
37.17354,-7.57961,50,0
37.19118,-7.58416,25,8
37.19999,-7.58644,12,3
37.20881,-7.58872,4,0
37.22644,-7.59328,10,3
37.23525,-7.59556,31,17
37.24407,-7.59784,35,12
37.25288,-7.60012,2,1
37.28814,-7.60925,3,3
37.29695,-7.61154,3,2
37.30577,-7.61383,4,1
37.31458,-7.61611,7,3
37.37627,-7.63215,6,4
37.42914,-7.64593,4,3
37.45557,-7.65283,5,2
37.47319,-7.65743,29,9
37.482,-7.65973,10,5
37.51724,-7.66896,9,4
37.5789,-7.68513,51,22
37.62293,-7.6967,49,12
37.64935,-7.70366,1,1
37.93105,-7.77833,518,130
37.93985,-7.78068,207,52
37.99265,-7.79478,9,6
38.01024,-7.79949,6,3
38.01904,-7.80184,92,24
38.02784,-7.8042,19,10
38.08062,-7.81836,1,0
38.11581,-7.82781,8,0
38.1422,-7.83491,1,0
38.20376,-7.85151,1,0
38.23014,-7.85863,5,1
38.24773,-7.86339,2,0
38.29169,-7.87529,2,1
38.33565,-7.88721,2,0
38.5378,-7.94235,21,2
38.54659,-7.94476,41,10
38.55538,-7.94717,17,5
38.56416,-7.94958,260,61
38.57295,-7.95199,84,33
38.59931,-7.95923,23,2
38.60809,-7.96164,2,0
38.64323,-7.97131,5,0
38.65202,-7.97372,3,1
38.6608,-7.97614,5,1
38.70472,-7.98825,24,1
38.7135,-7.99068,42,8
38.72229,-7.99311,547,97
38.73107,-7.99553,13,2
38.77498,-8.00768,10,1
38.80133,-8.01498,2,2
38.82767,-8.02229,2,2
38.87157,-8.03448,1,0
38.95058,-8.05649,5,4
38.97691,-8.06385,1,0
39.14365,-8.11061,23,5
39.1612,-8.11555,4,2
39.18752,-8.12297,5,1
39.30155,-8.15521,4,0
39.31909,-8.16019,36,15
39.32786,-8.16268,88,43
39.41555,-8.18762,9,3
39.42432,-8.19012,49,7
39.43309,-8.19262,254,88
39.44186,-8.19512,402,145
39.45062,-8.19762,673,220
39.45939,-8.20012,2075,677
39.46816,-8.20262,2689,507
39.47692,-8.20513,1350,159
39.48569,-8.20763,554,115
39.49446,-8.21014,69,15
39.50322,-8.21265,85,30
39.51199,-8.21516,32,9
39.56458,-8.23023,7,3
39.57335,-8.23274,117,56
39.58211,-8.23526,11,7
39.59087,-8.23778,44,17
39.59964,-8.24029,20,10
39.6084,-8.24281,30,18
39.61717,-8.24533,22,13
39.65222,-8.25542,48,13
39.68727,-8.26552,13,3
39.69603,-8.26805,74,18
39.70479,-8.27058,7,1
39.72232,-8.27564,22,11
39.73108,-8.27817,69,26
39.73984,-8.28071,87,31
39.7486,-8.28324,68,25
39.75736,-8.28577,18,9
39.76612,-8.28831,17,3
39.77488,-8.29085,57,16
39.78364,-8.29339,8,5
39.80116,-8.29846,3,2
39.80992,-8.301,8,0
39.82744,-8.30609,12,7
39.8362,-8.30863,37,14
39.84496,-8.31118,65,42
39.85372,-8.31372,101,39
39.86248,-8.31627,17,8
39.87123,-8.31881,29,12
39.87999,-8.32136,47,18
39.88875,-8.32391,53,18
39.89751,-8.32646,10,6
39.90626,-8.32901,113,36
39.91502,-8.33157,3,1
39.92378,-8.33412,33,7
39.95881,-8.34434,19,13
39.97632,-8.34946,25,9
39.98507,-8.35202,69,16
39.99383,-8.35458,61,23
40.00259,-8.35714,15,7
40.01134,-8.3597,287,65
40.0201,-8.36226,5,2
40.02885,-8.36483,2,1
40.03761,-8.36739,2,1
40.05511,-8.37253,20,2
40.07262,-8.37767,136,52
40.08138,-8.38024,186,52
40.09013,-8.38281,85,23
40.09888,-8.38538,104,29
40.10764,-8.38795,106,34
40.11639,-8.39053,49,8
40.12514,-8.3931,150,71
40.13389,-8.39568,628,186
40.14265,-8.39826,107,30
40.1514,-8.40083,133,36
40.16015,-8.40341,206,61
40.1689,-8.40599,59,19
40.17765,-8.40857,7,3
40.18641,-8.41116,2526,177
40.19516,-8.41374,5463,1665
40.20391,-8.41632,5114,1168
40.21266,-8.41891,4069,1271
40.22141,-8.42149,554,136
40.23016,-8.42408,1314,307
40.23891,-8.42667,1398,226
40.24766,-8.42926,248,53
40.25641,-8.43185,2445,475
40.26516,-8.43444,641,116
40.27391,-8.43703,147,31
40.28266,-8.43962,35,11
40.29141,-8.44222,621,163
40.30016,-8.44481,140,40
40.30891,-8.44741,200,36
40.31766,-8.45,205,61
40.3264,-8.4526,280,93
40.33515,-8.4552,70,9
40.3439,-8.4578,211,69
40.35265,-8.4604,253,56
40.3614,-8.463,482,129
40.37014,-8.46561,377,115
40.37889,-8.46821,71,28
40.38764,-8.47081,534,137
40.39638,-8.47342,242,89
40.40513,-8.47603,41,9
40.41388,-8.47863,9,2
40.42262,-8.48124,110,16
40.43137,-8.48385,269,80
40.44012,-8.48646,6,2
40.4751,-8.49691,25,7
40.48384,-8.49953,183,66
40.49259,-8.50215,13,2
40.50133,-8.50476,102,17
40.51008,-8.50738,93,17
40.51882,-8.51,103,15
40.52757,-8.51262,61,28
40.53631,-8.51524,246,65
40.54505,-8.51787,608,77
40.5538,-8.52049,411,67
40.56254,-8.52311,804,241
40.57128,-8.52574,984,263
40.58877,-8.53099,191,60
40.59751,-8.53362,327,92
40.60625,-8.53625,328,101
40.615,-8.53888,219,53
40.62374,-8.54151,87,34
40.63248,-8.54414,554,167
40.64122,-8.54678,405,87
40.64996,-8.54941,146,35
40.66745,-8.55468,121,15
40.67619,-8.55732,805,221
40.68493,-8.55996,329,86
40.71115,-8.56788,7,0
40.73737,-8.57581,15,4
40.74611,-8.57846,44,12
40.75485,-8.5811,634,175
40.76359,-8.58375,759,191
40.79854,-8.59435,162,45
40.80728,-8.597,554,104
40.81601,-8.59966,133,15
40.82475,-8.60231,95,19
40.83349,-8.60497,876,102
40.84223,-8.60762,34,12
40.85096,-8.61028,1100,220
40.8597,-8.61294,2535,510
40.86844,-8.6156,1585,358
40.87717,-8.61826,366,96
40.92085,-8.63158,25,8
40.92959,-8.63424,62,19
40.93832,-8.63691,231,31
40.94706,-8.63958,126,25
40.95579,-8.64225,1556,201
37.15798,-7.56409,35,7
37.1668,-7.56637,37,13
37.17561,-7.56864,123,33
37.18443,-7.57091,41,11
37.19325,-7.57319,9,2
37.20206,-7.57546,10,2
37.21088,-7.57774,21,5
37.22851,-7.58229,6,4
37.23732,-7.58457,48,17
37.24614,-7.58685,26,4
37.27258,-7.5937,1,1
37.30784,-7.60283,23,11
37.31666,-7.60512,2,2
37.3431,-7.61198,8,6
37.37835,-7.62115,11,8
37.38716,-7.62344,3,2
37.47527,-7.64641,3,2
37.48408,-7.64872,6,3
37.5986,-7.67872,1,0
37.63382,-7.68798,2,2
37.72188,-7.71119,132,34
37.78351,-7.72749,22,11
37.79232,-7.72982,2,0
37.89794,-7.75787,3,1
37.93315,-7.76724,153,39
37.94195,-7.76959,41,14
37.99474,-7.78368,2,2
38.01234,-7.78839,7,1
38.02114,-7.79074,87,23
38.02994,-7.7931,35,5
38.03874,-7.79545,7,0
38.04754,-7.79781,3,1
38.1531,-7.82616,2,0
38.21466,-7.84275,4,0
38.28501,-7.86177,3,0
38.32018,-7.8713,176,60
38.43446,-7.90236,8,0
38.44325,-7.90476,4,0
38.53113,-7.92877,3,0
38.54871,-7.93358,4,0
38.5575,-7.93599,25,1
38.56628,-7.9384,689,97
38.57507,-7.94081,32,6
38.58385,-7.94322,10,3
38.59264,-7.94563,8,0
38.60143,-7.94804,22,0
38.61021,-7.95045,13,5
38.619,-7.95286,71,17
38.63657,-7.95769,1,0
38.64535,-7.96011,9,0
38.65414,-7.96253,6,0
38.68928,-7.97221,1,0
38.69806,-7.97463,6,0
38.70685,-7.97705,38,6
38.71563,-7.97947,504,96
38.72441,-7.9819,1331,407
38.7332,-7.98432,5,1
38.74198,-7.98675,1,1
38.75954,-7.99161,4,0
38.76833,-7.99403,1,1
38.77711,-7.99646,2,1
38.89126,-8.02813,64,28
38.90004,-8.03058,29,7
38.9176,-8.03546,1,1
38.94394,-8.0428,2,0
39.3914,-8.16881,5,2
39.40017,-8.17131,1,0
39.4177,-8.1763,244,129
39.42647,-8.1788,13,4
39.43524,-8.1813,334,107
39.44401,-8.1838,754,202
39.45278,-8.1863,185,49
39.46154,-8.1888,104,12
39.47031,-8.1913,905,201
39.47908,-8.1938,2017,353
39.48784,-8.19631,930,220
39.49661,-8.19881,27,8
39.56674,-8.21889,1,0
39.5755,-8.2214,37,8
39.58427,-8.22392,101,51
39.59303,-8.22643,34,13
39.6018,-8.22895,113,46
39.61056,-8.23146,56,16
39.61933,-8.23398,31,17
39.64562,-8.24154,46,10
39.65438,-8.24407,2,2
39.67191,-8.24911,5,2
39.68067,-8.25164,11,1
39.68943,-8.25416,6,4
39.70696,-8.25922,4,0
39.75076,-8.27187,4,3
39.75953,-8.2744,6,2
39.76829,-8.27694,13,6
39.79457,-8.28455,7,0
39.80333,-8.28709,27,11
39.81209,-8.28962,6,0
39.84713,-8.29979,1,1
39.85589,-8.30233,43,15
39.8734,-8.30743,72,39
39.88216,-8.30997,4,2
39.89092,-8.31252,8,1
39.89968,-8.31507,30,8
39.90844,-8.31762,15,10
39.91719,-8.32017,12,5
39.92595,-8.32272,11,8
39.93471,-8.32527,8,4
39.94346,-8.32783,2,0
39.95222,-8.33038,15,6
39.96973,-8.33549,19,12
40.00476,-8.34573,63,18
40.01351,-8.34829,297,105
40.02227,-8.35085,59,34
40.03103,-8.35341,48,20
40.03978,-8.35598,16,5
40.05729,-8.36111,20,6
40.0748,-8.36624,4,3
40.08355,-8.36881,60,15
40.09231,-8.37138,74,24
40.10106,-8.37395,34,6
40.10981,-8.37653,25,10
40.11857,-8.3791,7,3
40.13607,-8.38425,75,9
40.14483,-8.38682,232,82
40.15358,-8.3894,87,23
40.16233,-8.39198,196,55
40.17108,-8.39456,712,204
40.17984,-8.39714,278,83
40.18859,-8.39972,2185,459
40.19734,-8.4023,7030,1576
40.20609,-8.40488,5846,1517
40.21484,-8.40746,4949,1251
40.22359,-8.41005,564,193
40.23234,-8.41263,634,176
40.24109,-8.41522,313,146
40.24984,-8.41781,1145,230
40.2586,-8.4204,122,32
40.26735,-8.42299,456,98
40.2761,-8.42558,301,98
40.28484,-8.42817,330,93
40.29359,-8.43076,504,125
40.30234,-8.43335,134,47
40.31109,-8.43595,14,1
40.33734,-8.44374,357,93
40.34609,-8.44633,141,38
40.35484,-8.44893,33,8
40.36358,-8.45153,122,37
40.37233,-8.45413,757,165
40.38108,-8.45674,1422,295
40.38983,-8.45934,9,0
40.40732,-8.46455,19,2
40.41607,-8.46716,300,106
40.42482,-8.46976,478,145
40.43356,-8.47237,44,15
40.44231,-8.47498,323,79
40.45105,-8.47759,102,41
40.4598,-8.4802,7,1
40.47729,-8.48543,149,52
40.48604,-8.48804,143,45
40.49478,-8.49065,74,12
40.50353,-8.49327,214,36
40.51227,-8.49589,1929,334
40.52102,-8.49851,741,198
40.52976,-8.50112,128,25
40.53851,-8.50374,436,134
40.54725,-8.50637,578,181
40.55599,-8.50899,30,6
40.56474,-8.51161,186,38
40.57348,-8.51423,141,38
40.58222,-8.51686,7,4
40.59097,-8.51949,10,3
40.59971,-8.52211,53,14
40.60845,-8.52474,96,42
40.6172,-8.52737,411,120
40.62594,-8.53,205,57
40.63468,-8.53263,58,16
40.64342,-8.53526,16,1
40.65216,-8.53789,88,10
40.66091,-8.54053,482,112
40.66965,-8.54316,23,9
40.67839,-8.5458,59,13
40.68713,-8.54844,417,113
40.69587,-8.55107,317,86
40.70461,-8.55371,450,99
40.71335,-8.55635,390,99
40.72209,-8.55899,404,111
40.73083,-8.56164,628,169
40.73957,-8.56428,498,138
40.74831,-8.56692,711,199
40.75705,-8.56957,2797,609
40.76579,-8.57221,948,154
40.78327,-8.57751,2,0
40.79201,-8.58016,136,36
40.80075,-8.58281,307,87
40.80948,-8.58546,637,152
40.81822,-8.58811,563,135
40.82696,-8.59076,363,60
40.8357,-8.59342,599,133
40.84444,-8.59607,521,129
40.85317,-8.59873,582,138
40.86191,-8.60139,597,144
40.87065,-8.60404,613,137
40.87938,-8.6067,549,129
40.89686,-8.61202,89,20
40.90559,-8.61469,98,18
40.91433,-8.61735,252,57
40.92307,-8.62001,1028,221
40.9318,-8.62268,257,59
40.94054,-8.62535,864,210
40.94927,-8.62801,1184,313
40.95801,-8.63068,2193,443
40.96674,-8.63335,937,228
40.97548,-8.63602,773,262
40.98421,-8.63869,380,108
41.20252,-8.70581,2632,434
41.23743,-8.71661,929,206
41.3858,-8.76268,7937,2058
41.39452,-8.7654,3088,429
41.40325,-8.76812,2506,506
41.41197,-8.77085,252,66
41.4207,-8.77357,585,162
41.42942,-8.77629,1625,340
37.16005,-7.55312,40,16
37.16886,-7.55539,58,11
37.17768,-7.55766,8,3
37.20413,-7.56448,31,7
37.21295,-7.56676,16,2
37.22176,-7.56903,112,30
37.23058,-7.57131,26,17
37.23939,-7.57359,5,1
37.24821,-7.57587,30,16
37.26584,-7.58043,7,4
37.3011,-7.58955,15,12
37.30991,-7.59184,26,12
37.31873,-7.59412,11,11
37.42448,-7.62161,1,0
37.43329,-7.6239,17,6
37.45973,-7.6308,4,2
37.53902,-7.65152,54,24
37.54783,-7.65382,1,1
37.55664,-7.65613,3,1
37.61829,-7.67231,7,4
37.68875,-7.69085,2,0
37.76799,-7.71177,1,1
37.87363,-7.73977,15,5
37.88243,-7.7421,5,2
37.93524,-7.75616,1,0
37.97044,-7.76554,10,1
38.00564,-7.77494,4,0
38.02324,-7.77964,16,1
38.03204,-7.782,17,7
38.04084,-7.78435,2,2
38.04963,-7.78671,4,0
38.19038,-7.82451,2,2
38.19918,-7.82688,1,1
38.20797,-7.82925,48,9
38.21677,-7.83162,163,41
38.24315,-7.83874,3,0
38.32229,-7.86015,220,36
38.33108,-7.86253,2,0
38.36625,-7.87208,2,1
38.39262,-7.87924,1,0
38.4102,-7.88402,4,0
38.54204,-7.91999,5,0
38.55083,-7.9224,926,184
38.55961,-7.92481,2002,435
38.5684,-7.92721,5180,1239
38.57719,-7.92962,943,153
38.58597,-7.93203,29,7
38.59476,-7.93444,36,20
38.60355,-7.93685,14,5
38.61233,-7.93926,64,16
38.62112,-7.94167,64,7
38.71775,-7.96827,279,73
38.72654,-7.97069,8,0
38.73532,-7.97311,4,0
38.75289,-7.97797,5,1
38.77923,-7.98525,5,0
38.81436,-7.99497,3,0
38.86705,-8.00958,6,2
38.88461,-8.01446,5,1
38.89339,-8.0169,431,160
38.90217,-8.01934,2,2
39.33216,-8.14007,2,2
39.3497,-8.14505,186,70
39.35847,-8.14754,105,25
39.38478,-8.15501,3,2
39.39355,-8.1575,4,4
39.41108,-8.16249,37,11
39.41985,-8.16498,241,87
39.43739,-8.16998,124,38
39.44616,-8.17248,105,23
39.45493,-8.17497,59,24
39.46369,-8.17747,2,2
39.47246,-8.17998,297,94
39.48123,-8.18248,298,69
39.49,-8.18498,143,21
39.5163,-8.19249,30,2
39.52506,-8.195,133,42
39.56889,-8.20755,2,0
39.57766,-8.21006,41,16
39.58642,-8.21257,40,29
39.60395,-8.2176,20,13
39.67407,-8.23776,3,2
39.68283,-8.24028,3,1
39.69159,-8.2428,10,2
39.70912,-8.24786,6,2
39.74417,-8.25797,1,1
39.75293,-8.2605,2,2
39.77045,-8.26557,15,8
39.79673,-8.27317,9,1
39.82301,-8.28078,24,7
39.83177,-8.28332,13,1
39.84929,-8.28841,13,6
39.85805,-8.29095,2,1
39.86681,-8.29349,11,4
39.89309,-8.30113,2,0
39.90185,-8.30367,14,10
39.9106,-8.30622,3,2
39.91936,-8.30877,22,9
39.94564,-8.31643,1,1
39.95439,-8.31898,48,23
39.96315,-8.32153,1,1
39.97191,-8.32409,36,13
40.01569,-8.33688,8,3
40.02444,-8.33944,13,3
40.0332,-8.342,31,15
40.04195,-8.34456,153,50
40.05071,-8.34713,4,0
40.05946,-8.34969,9,4
40.06822,-8.35226,27,6
40.09448,-8.35996,3,0
40.10324,-8.36253,3,1
40.11199,-8.3651,193,60
40.12074,-8.36767,92,35
40.13825,-8.37282,86,22
40.147,-8.37539,74,16
40.15576,-8.37796,92,21
40.16451,-8.38054,427,112
40.17326,-8.38312,708,229
40.18202,-8.3857,6,3
40.19077,-8.38828,272,92
40.19952,-8.39086,1162,322
40.20827,-8.39344,2870,696
40.21702,-8.39602,2858,651
40.22577,-8.3986,261,82
40.23453,-8.40119,539,160
40.24328,-8.40377,443,122
40.25203,-8.40636,650,169
40.26078,-8.40894,318,86
40.26953,-8.41153,48,3
40.27828,-8.41412,10,2
40.28703,-8.41671,336,106
40.29578,-8.4193,11,3
40.30453,-8.42189,256,67
40.31328,-8.42449,359,125
40.32203,-8.42708,7,0
40.33078,-8.42967,690,115
40.33953,-8.43227,810,156
40.34827,-8.43487,326,96
40.35702,-8.43746,192,69
40.36577,-8.44006,131,18
40.37452,-8.44266,1082,205
40.38327,-8.44526,686,126
40.39202,-8.44787,269,82
40.40076,-8.45047,162,49
40.40951,-8.45307,143,47
40.41826,-8.45568,211,78
40.427,-8.45828,405,96
40.43575,-8.46089,637,135
40.4445,-8.4635,462,114
40.45324,-8.46611,601,159
40.46199,-8.46871,96,22
40.47074,-8.47133,261,80
40.47948,-8.47394,326,76
40.48823,-8.47655,618,131
40.49697,-8.47916,351,82
40.50572,-8.48178,378,45
40.51446,-8.48439,439,72
40.52321,-8.48701,456,94
40.53195,-8.48963,20,3
40.5407,-8.49225,143,43
40.54944,-8.49486,75,21
40.55819,-8.49749,22,4
40.56693,-8.50011,4,2
40.57568,-8.50273,223,50
40.58442,-8.50535,368,128
40.59316,-8.50798,528,127
40.60191,-8.5106,358,94
40.61065,-8.51323,24,3
40.61939,-8.51586,318,88
40.62814,-8.51849,164,32
40.63688,-8.52111,9,0
40.65436,-8.52638,35,10
40.6631,-8.52901,134,28
40.67185,-8.53164,169,48
40.68059,-8.53428,52,10
40.68933,-8.53691,13,4
40.69807,-8.53955,116,23
40.70681,-8.54219,261,55
40.71555,-8.54482,362,94
40.72429,-8.54746,266,73
40.73303,-8.5501,274,101
40.74177,-8.55275,568,169
40.75051,-8.55539,491,139
40.75925,-8.55803,368,103
40.76799,-8.56068,360,122
40.77673,-8.56332,82,3
40.78547,-8.56597,112,33
40.79421,-8.56862,372,88
40.80295,-8.57126,865,225
40.81169,-8.57391,733,166
40.82043,-8.57656,345,93
40.82917,-8.57922,311,71
40.8379,-8.58187,517,138
40.84664,-8.58452,356,85
40.85538,-8.58718,451,100
40.86412,-8.58983,471,106
40.87285,-8.59249,587,154
40.88159,-8.59515,92,16
40.89033,-8.59781,20,7
40.89907,-8.60047,157,38
40.9078,-8.60313,84,21
40.91654,-8.60579,295,60
40.92528,-8.60845,363,89
40.93401,-8.61111,1231,321
40.94275,-8.61378,759,212
40.95148,-8.61644,1725,502
40.96022,-8.61911,1783,371
40.96895,-8.62178,642,121
40.97769,-8.62445,1085,272
40.98642,-8.62712,974,320
40.99516,-8.62979,1154,347
41.00389,-8.63246,4330,1221
41.01263,-8.63513,5287,1436
41.02136,-8.63781,3361,528
41.04756,-8.64584,2600,470
41.0563,-8.64851,1620,397
41.18728,-8.68881,3707,1116
41.19601,-8.6915,3949,897
41.20474,-8.6942,2595,642
41.21347,-8.69689,1284,324
41.2222,-8.69959,2104,510
41.23093,-8.70229,1178,370
41.23966,-8.70499,382,121
41.24838,-8.70769,767,155
41.25711,-8.71039,713,180
41.26584,-8.71309,608,170
41.27457,-8.7158,639,156
41.2833,-8.7185,559,187
41.29203,-8.72121,738,201
41.30076,-8.72392,633,147
41.30948,-8.72662,1114,184
41.31821,-8.72933,410,97
41.32694,-8.73204,471,74
41.34439,-8.73747,1728,331
41.35312,-8.74018,3048,1033
41.36185,-8.74289,4191,645
41.37057,-8.74561,4084,500
41.3793,-8.74832,7236,1200
41.38803,-8.75104,2615,464
41.39675,-8.75376,1227,164
41.40548,-8.75648,644,169
41.4142,-8.7592,137,16
41.42293,-8.76192,506,137
41.43166,-8.76464,717,143
41.44038,-8.76737,7,3
41.71077,-8.85232,1116,307
41.71948,-8.85508,847,243
41.7282,-8.85784,563,121
41.73692,-8.86059,275,69
41.74564,-8.86336,509,181
41.75436,-8.86612,530,153
41.76308,-8.86888,15,6
37.17093,-7.54442,98,33
37.17975,-7.54669,192,70
37.18856,-7.54896,85,53
37.19738,-7.55123,5,3
37.2062,-7.5535,43,9
37.21501,-7.55578,8,2
37.22383,-7.55805,39,8
37.24146,-7.5626,2,2
37.26791,-7.56944,24,9
37.30317,-7.57856,14,9
37.31199,-7.58084,6,2
37.3208,-7.58313,32,22
37.37368,-7.59685,2,2
37.43537,-7.61289,5,4
37.51467,-7.63358,20,10
37.52348,-7.63588,5,1
37.5411,-7.64049,4,4
37.62918,-7.66358,8,0
37.63799,-7.66589,597,138
37.6468,-7.66821,61,11
37.65561,-7.67052,5,0
37.71725,-7.68676,51,29
37.75247,-7.69605,2,0
37.77889,-7.70303,1,1
37.78769,-7.70536,4,0
37.92853,-7.74273,1,0
37.97254,-7.75445,3,0
37.98134,-7.7568,2,1
38.02534,-7.76854,3,1
38.04293,-7.77325,3,2
38.20128,-7.81575,7,2
38.21008,-7.81812,247,68
38.21887,-7.82049,334,86
38.26284,-7.83236,2,0
38.29802,-7.84187,6,0
38.34198,-7.85377,7,0
38.39473,-7.86808,1,1
38.51779,-7.90161,21,0
38.53537,-7.90641,3,1
38.54415,-7.90881,309,12
38.55294,-7.91122,302,46
38.56173,-7.91362,3758,718
38.57052,-7.91603,3690,1049
38.5793,-7.91844,2375,662
38.58809,-7.92084,896,111
38.59688,-7.92325,65,21
38.60566,-7.92566,97,35
38.61445,-7.92807,112,39
38.62324,-7.93048,175,48
38.67595,-7.94497,4,0
38.71987,-7.95706,4,0
38.74623,-7.96433,1,0
38.78136,-7.97403,2,1
39.06231,-8.05218,1,0
39.13252,-8.07186,4,0
39.34307,-8.13126,7,1
39.35184,-8.13374,245,105
39.36061,-8.13623,2,0
39.43954,-8.15866,6,2
39.44831,-8.16115,8,4
39.45708,-8.16365,124,30
39.47461,-8.16865,451,165
39.48338,-8.17115,27,9
39.49215,-8.17365,35,7
39.50092,-8.17615,410,111
39.50968,-8.17866,85,35
39.52722,-8.18367,5,2
39.54475,-8.18868,16,6
39.56228,-8.1937,141,63
39.57105,-8.19621,270,98
39.62364,-8.21129,1,1
39.6324,-8.2138,14,12
39.6587,-8.22136,16,12
39.70251,-8.23397,26,22
39.7288,-8.24154,5,4
39.73756,-8.24407,15,5
39.76385,-8.25166,16,6
39.77261,-8.25419,11,8
39.78137,-8.25673,2,0
39.79013,-8.25926,17,4
39.7989,-8.26179,11,4
39.80766,-8.26433,10,9
39.81642,-8.26686,2,2
39.82518,-8.2694,30,10
39.83394,-8.27194,4,3
39.8427,-8.27448,4,1
39.85146,-8.27702,9,8
39.86898,-8.2821,2,0
39.87774,-8.28465,45,16
39.8865,-8.28719,90,41
39.89525,-8.28973,116,37
39.90401,-8.29228,136,52
39.91277,-8.29483,92,24
39.92153,-8.29737,10,2
39.93029,-8.29992,15,9
39.93905,-8.30247,33,14
39.9478,-8.30502,11,2
40.0091,-8.32291,14,6
40.01786,-8.32546,22,7
40.02662,-8.32802,37,18
40.03537,-8.33058,19,10
40.04413,-8.33314,65,19
40.05288,-8.33571,25,6
40.07039,-8.34083,4,3
40.09666,-8.34853,2,2
40.10541,-8.3511,63,16
40.11417,-8.35367,206,66
40.12292,-8.35624,86,7
40.13167,-8.35881,98,41
40.14043,-8.36138,49,23
40.15793,-8.36653,272,90
40.16669,-8.3691,15,2
40.17544,-8.37168,500,201
40.18419,-8.37426,144,40
40.19295,-8.37683,519,183
40.2017,-8.37941,37,13
40.21045,-8.38199,668,145
40.2192,-8.38457,199,35
40.22795,-8.38715,17,6
40.23671,-8.38974,363,106
40.24546,-8.39232,193,64
40.25421,-8.3949,311,72
40.26296,-8.39749,276,63
40.27171,-8.40008,926,248
40.28046,-8.40266,90,24
40.29796,-8.40784,11,1
40.30671,-8.41043,17,6
40.33296,-8.41821,765,241
40.34171,-8.4208,555,135
40.35046,-8.4234,143,34
40.35921,-8.426,59,18
40.36796,-8.42859,152,43
40.37671,-8.43119,30,3
40.38545,-8.43379,36,7
40.3942,-8.43639,9,0
40.40295,-8.43899,158,50
40.4117,-8.44159,215,52
40.42045,-8.4442,370,116
40.42919,-8.4468,11,6
40.43794,-8.44941,415,115
40.44669,-8.45201,587,83
40.45543,-8.45462,571,193
40.46418,-8.45723,38,6
40.47293,-8.45984,191,87
40.48167,-8.46245,477,100
40.49042,-8.46506,490,134
40.49917,-8.46767,97,26
40.50791,-8.47028,125,36
40.51666,-8.4729,336,98
40.5254,-8.47551,191,56
40.53415,-8.47813,243,93
40.54289,-8.48075,265,77
40.55164,-8.48336,249,71
40.56038,-8.48598,251,81
40.56913,-8.4886,237,72
40.57787,-8.49122,143,42
40.58661,-8.49385,228,52
40.59536,-8.49647,409,145
40.6041,-8.49909,385,65
40.61284,-8.50172,59,21
40.62159,-8.50434,630,154
40.63033,-8.50697,70,16
40.63907,-8.5096,239,61
40.64782,-8.51223,147,26
40.65656,-8.51486,8,5
40.67404,-8.52012,37,2
40.68279,-8.52275,30,5
40.70901,-8.53066,6,4
40.71775,-8.5333,59,9
40.73523,-8.53857,164,36
40.74397,-8.54121,206,84
40.75271,-8.54385,146,51
40.76145,-8.5465,45,20
40.77019,-8.54914,445,107
40.77893,-8.55178,345,103
40.78767,-8.55443,38,12
40.79641,-8.55707,98,30
40.80515,-8.55972,200,47
40.81389,-8.56237,364,97
40.82263,-8.56502,289,56
40.83137,-8.56767,276,71
40.84011,-8.57032,192,47
40.84885,-8.57297,178,50
40.85758,-8.57562,26,5
40.86632,-8.57828,102,14
40.87506,-8.58093,378,87
40.8838,-8.58359,31,1
40.89254,-8.58625,284,30
40.90127,-8.58891,572,109
40.91001,-8.59156,779,178
40.91875,-8.59423,876,188
40.92748,-8.59689,72,11
40.93622,-8.59955,125,22
40.94496,-8.60221,189,29
40.95369,-8.60488,312,118
40.96243,-8.60754,753,168
40.97116,-8.61021,142,36
40.9799,-8.61288,335,93
40.98863,-8.61554,594,165
40.99737,-8.61821,754,203
41.0061,-8.62088,1404,485
41.01484,-8.62355,953,365
41.02357,-8.62623,997,243
41.03231,-8.6289,977,262
41.04104,-8.63158,3012,524
41.04978,-8.63425,2520,624
41.05851,-8.63693,1672,331
41.06724,-8.6396,2082,375
41.07598,-8.64228,2282,473
41.08471,-8.64496,1677,291
41.09344,-8.64764,1182,330
41.10218,-8.65033,2625,489
41.11091,-8.65301,1400,266
41.11964,-8.65569,3078,688
41.12837,-8.65838,3241,896
41.15457,-8.66644,7258,1844
41.1633,-8.66913,4285,942
41.17203,-8.67182,4902,1318
41.18076,-8.67451,8250,1866
41.18949,-8.6772,3864,1048
41.19823,-8.67989,1404,388
41.20696,-8.68258,755,225
41.21569,-8.68528,793,188
41.22442,-8.68798,3572,769
41.23315,-8.69067,2260,311
41.24188,-8.69337,296,65
41.25061,-8.69607,722,196
41.25934,-8.69877,139,27
41.26807,-8.70147,393,97
41.27679,-8.70417,241,77
41.28552,-8.70688,198,56
41.29425,-8.70958,103,12
41.30298,-8.71229,84,30
41.31171,-8.71499,863,245
41.32044,-8.7177,396,85
41.32916,-8.72041,1126,153
41.33789,-8.72312,1732,371
41.34662,-8.72583,242,40
41.35535,-8.72854,2028,283
41.36407,-8.73125,1033,159
41.3728,-8.73397,601,108
41.38153,-8.73668,1211,241
41.39025,-8.7394,361,76
41.39898,-8.74211,808,114
41.40771,-8.74483,870,195
41.41643,-8.74755,299,72
41.42516,-8.75027,139,32
41.43389,-8.75299,241,58
41.44261,-8.75571,478,101
41.45134,-8.75844,295,50
41.46879,-8.76389,2,1
41.47751,-8.76661,375,62
41.48624,-8.76934,1370,304
41.49496,-8.77207,23,2
41.50368,-8.7748,436,58
41.51241,-8.77753,1710,402
41.52113,-8.78026,84,18
41.52985,-8.78299,2965,560
41.68685,-8.83236,906,283
41.69557,-8.83511,3626,1090
41.70429,-8.83787,1169,139
41.71301,-8.84062,123,31
41.72173,-8.84338,51,11
41.7566,-8.85441,95,41
41.76532,-8.85717,184,73
41.77404,-8.85993,438,157
41.78276,-8.8627,467,148
41.79147,-8.86546,56,13
37.17299,-7.53344,1595,388
37.18181,-7.53571,224,45
37.19063,-7.53798,59,22
37.20826,-7.54252,2,0
37.24353,-7.55162,2,2
37.2788,-7.56073,16,12
37.36694,-7.58355,4,4
37.46388,-7.60876,11,9
37.47269,-7.61106,2,1
37.5696,-7.63637,3,3
37.58722,-7.64099,34,12
37.64007,-7.65485,357,82
37.64888,-7.65716,323,111
37.78978,-7.69429,38,16
37.93943,-7.73398,2,0
37.96583,-7.74101,1,0
37.97463,-7.74335,6,0
37.99223,-7.74805,3,0
38.00103,-7.75039,7,2
38.19459,-7.80226,1,0
38.20338,-7.80462,102,14
38.21218,-7.80699,1029,287
38.22097,-7.80936,7,0
38.22977,-7.81173,2,2
38.52869,-7.89283,2,2
38.54627,-7.89763,1485,223
38.55506,-7.90004,8,5
38.56384,-7.90244,1880,484
38.57263,-7.90484,3726,1111
38.58142,-7.90725,1062,161
38.59021,-7.90966,4654,927
38.59899,-7.91206,177,42
38.60778,-7.91447,242,105
38.61657,-7.91688,203,37
38.62535,-7.91929,63,17
38.66928,-7.93135,2,0
38.71321,-7.94343,10,1
38.74835,-7.95312,12,0
38.79226,-7.96524,43,18
38.95033,-8.00907,1,0
39.02934,-8.0311,2,2
39.082,-8.04583,1,0
39.09078,-8.04828,5,3
39.17853,-8.07291,40,15
39.28381,-8.10258,3,0
39.32767,-8.11498,4,0
39.34522,-8.11995,3,1
39.45046,-8.14983,11,3
39.45922,-8.15233,1150,484
39.46799,-8.15483,331,96
39.47676,-8.15732,88,42
39.48553,-8.15982,17,14
39.51183,-8.16733,4,2
39.53813,-8.17484,54,7
39.5469,-8.17734,30,13
39.56443,-8.18236,3,1
39.5732,-8.18487,8,3
39.59073,-8.18988,16,4
39.62579,-8.19994,1,1
39.70467,-8.2226,10,5
39.71344,-8.22513,8,8
39.7222,-8.22765,1,0
39.75725,-8.23776,5,3
39.76601,-8.24029,9,5
39.77477,-8.24282,2,1
39.80106,-8.25041,6,1
39.80982,-8.25295,42,15
39.82734,-8.25802,27,8
39.8361,-8.26056,8,3
39.85362,-8.26563,2,2
39.87114,-8.27071,10,4
39.8799,-8.27325,20,8
39.88866,-8.2758,121,35
39.89742,-8.27834,591,156
39.90618,-8.28088,483,203
39.91494,-8.28343,70,23
39.9237,-8.28598,64,28
39.93246,-8.28852,10,4
39.94121,-8.29107,2,2
39.94997,-8.29362,17,10
39.95873,-8.29617,14,9
39.985,-8.30383,3,3
40.01127,-8.31149,5,3
40.02003,-8.31405,6,2
40.02879,-8.31661,20,6
40.03754,-8.31917,109,45
40.0463,-8.32173,90,33
40.05505,-8.32429,159,45
40.06381,-8.32685,48,3
40.07257,-8.32941,105,41
40.08132,-8.33198,461,113
40.09008,-8.33454,1836,342
40.09883,-8.33711,44,19
40.15136,-8.35252,282,122
40.16011,-8.35509,138,45
40.17762,-8.36024,29,8
40.18637,-8.36281,59,18
40.19512,-8.36539,8,3
40.20388,-8.36797,570,182
40.21263,-8.37055,137,39
40.22138,-8.37313,254,81
40.23013,-8.37571,307,79
40.23888,-8.37829,61,16
40.24764,-8.38087,9,7
40.27389,-8.38862,5,4
40.28264,-8.39121,2,2
40.30014,-8.39638,162,46
40.30889,-8.39897,205,64
40.31764,-8.40156,204,58
40.32639,-8.40415,8,2
40.33514,-8.40674,6,2
40.34389,-8.40934,24,2
40.35264,-8.41193,221,60
40.36139,-8.41453,20,4
40.37014,-8.41712,60,11
40.37889,-8.41972,28,4
40.39639,-8.42492,30,15
40.40514,-8.42751,103,31
40.42263,-8.43272,164,25
40.43138,-8.43532,739,195
40.44013,-8.43792,2026,505
40.44887,-8.44053,612,180
40.45762,-8.44313,347,108
40.46637,-8.44574,15,3
40.47512,-8.44835,665,155
40.48386,-8.45096,596,180
40.49261,-8.45357,180,49
40.50135,-8.45618,179,54
40.5101,-8.45879,326,114
40.51885,-8.4614,133,14
40.52759,-8.46402,485,111
40.53634,-8.46663,804,227
40.54508,-8.46925,208,72
40.55383,-8.47186,259,49
40.56257,-8.47448,410,125
40.57132,-8.4771,337,97
40.58006,-8.47972,254,65
40.58881,-8.48234,32,11
40.6063,-8.48758,423,101
40.62378,-8.49283,150,54
40.63253,-8.49546,166,36
40.64127,-8.49808,45,11
40.65001,-8.50071,1,0
40.65876,-8.50334,128,21
40.6675,-8.50597,60,15
40.67624,-8.5086,53,10
40.68498,-8.51123,193,33
40.69372,-8.51386,289,70
40.73743,-8.52704,62,10
40.74617,-8.52968,201,43
40.76365,-8.53496,287,80
40.7724,-8.5376,161,41
40.78988,-8.54289,174,54
40.79862,-8.54553,366,100
40.80736,-8.54818,95,19
40.81609,-8.55082,118,26
40.82483,-8.55347,101,19
40.83357,-8.55612,6,0
40.84231,-8.55877,195,44
40.85105,-8.56142,224,55
40.85979,-8.56407,14,2
40.86853,-8.56672,49,0
40.87727,-8.56938,325,78
40.886,-8.57203,487,134
40.89474,-8.57469,468,146
40.90348,-8.57735,143,39
40.91222,-8.58,547,127
40.92095,-8.58266,552,106
40.92969,-8.58532,248,42
40.93843,-8.58798,15,5
40.94716,-8.59064,343,69
40.9559,-8.59331,877,221
40.96464,-8.59597,597,77
40.97337,-8.59864,1255,272
40.98211,-8.6013,1177,295
40.99084,-8.60397,762,182
40.99958,-8.60664,1052,270
41.00831,-8.60931,666,172
41.01705,-8.61198,1030,325
41.02579,-8.61465,745,139
41.03452,-8.61732,774,246
41.04325,-8.61999,1084,238
41.05199,-8.62266,2054,399
41.06072,-8.62534,831,213
41.06946,-8.62802,1922,361
41.07819,-8.63069,1752,420
41.08692,-8.63337,1486,251
41.09566,-8.63605,3744,948
41.10439,-8.63873,2630,646
41.11312,-8.64141,2545,660
41.12186,-8.64409,2836,665
41.13059,-8.64678,8087,1263
41.13932,-8.64946,3486,875
41.14805,-8.65215,3047,873
41.15679,-8.65483,7265,1602
41.16552,-8.65752,6786,1692
41.17425,-8.66021,8479,2448
41.18298,-8.6629,4943,1196
41.19171,-8.66559,7491,1641
41.20044,-8.66828,3125,882
41.20917,-8.67097,1447,401
41.21791,-8.67367,3540,705
41.22664,-8.67636,1049,326
41.23537,-8.67906,194,59
41.2441,-8.68175,47,13
41.25283,-8.68445,332,89
41.26156,-8.68715,114,22
41.27029,-8.68985,277,72
41.27902,-8.69255,135,24
41.28774,-8.69525,161,56
41.29647,-8.69795,713,142
41.31393,-8.70336,571,148
41.32266,-8.70607,368,106
41.33139,-8.70878,153,21
41.34012,-8.71148,783,121
41.34884,-8.71419,688,79
41.35757,-8.7169,335,85
41.3663,-8.71961,337,80
41.37503,-8.72233,1143,151
41.38375,-8.72504,213,49
41.39248,-8.72775,827,193
41.40121,-8.73047,986,108
41.40993,-8.73319,246,55
41.41866,-8.7359,822,202
41.42739,-8.73862,12,4
41.43611,-8.74134,18,0
41.44484,-8.74406,340,54
41.45356,-8.74678,679,138
41.46229,-8.74951,69,13
41.47102,-8.75223,472,106
41.47974,-8.75495,32,6
41.48847,-8.75768,449,86
41.49719,-8.76041,63,9
41.50591,-8.76314,412,92
41.51464,-8.76586,920,170
41.52336,-8.76859,203,52
41.53209,-8.77132,418,76
41.54081,-8.77406,293,62
41.54953,-8.77679,582,160
41.55826,-8.77952,786,175
41.56698,-8.78226,1026,275
41.5757,-8.785,919,189
41.58443,-8.78773,1007,218
41.59315,-8.79047,201,32
41.60187,-8.79321,125,36
41.61059,-8.79595,783,174
41.61932,-8.79869,491,124
41.62804,-8.80144,692,238
41.63676,-8.80418,242,62
41.64548,-8.80692,37,12
41.66292,-8.81242,49,7
41.67164,-8.81516,22,10
41.68037,-8.81791,1116,108
41.68909,-8.82066,177,54
41.69781,-8.82342,3857,1170
41.70653,-8.82617,4489,865
41.71525,-8.82892,172,12
41.72397,-8.83167,2,2
41.73269,-8.83443,18,2
41.76756,-8.84546,98,29
41.77628,-8.84822,206,74
41.785,-8.85098,87,38
41.79372,-8.85375,331,63
41.80244,-8.85651,503,103
41.81987,-8.86204,1397,350
41.82859,-8.86481,70,13
41.83731,-8.86758,106,28
37.17506,-7.52247,222,73
37.18388,-7.52474,78,32
37.19269,-7.527,28,5
37.20151,-7.52927,13,1
37.21033,-7.53154,3,2
37.21915,-7.53382,3,0
37.22796,-7.53609,61,18
37.2456,-7.54063,3,1
37.28968,-7.55201,13,10
37.30731,-7.55657,3,2
37.31612,-7.55885,17,15
37.3602,-7.57027,34,28
37.36901,-7.57255,7,7
37.41308,-7.58399,4,3
37.44833,-7.59316,62,30
37.46595,-7.59774,8,2
37.47477,-7.60004,1,1
37.53644,-7.61613,3,3
37.54525,-7.61843,11,2
37.57168,-7.62534,28,17
37.83589,-7.69487,1,0
37.96792,-7.72992,2,0
37.98552,-7.73461,2,1
38.02073,-7.74399,1,0
38.08232,-7.76045,3,0
38.09992,-7.76516,3,0
38.10872,-7.76752,5,0
38.18789,-7.78876,4,2
38.20548,-7.7935,299,90
38.21428,-7.79586,1069,229
38.22307,-7.79823,15,4
38.23187,-7.8006,1,1
38.26705,-7.81008,62,15
38.37257,-7.83862,2,0
38.39016,-7.84338,3,2
38.40774,-7.84816,1,1
38.41653,-7.85054,3,0
38.52201,-7.87926,11,2
38.55717,-7.88885,289,44
38.56596,-7.89126,1703,489
38.57475,-7.89366,3086,790
38.58353,-7.89606,972,220
38.59232,-7.89847,781,151
38.60111,-7.90087,161,48
38.6099,-7.90328,1136,186
38.61868,-7.90569,529,85
38.62747,-7.9081,23,3
38.65383,-7.91533,8,0
38.66262,-7.91774,2,1
38.6714,-7.92015,2,2
38.75047,-7.94191,11,2
38.75925,-7.94433,7,2
38.76804,-7.94675,3,0
38.79439,-7.95402,8,5
38.92611,-7.99051,1,0
38.9349,-7.99295,2,0
38.98757,-8.00761,2,2
38.99635,-8.01005,7,0
39.04902,-8.02475,1,1
39.08413,-8.03456,13,8
39.09291,-8.03702,173,81
39.18067,-8.06163,3,1
39.33859,-8.10616,2,1
39.37367,-8.1161,13,6
39.42629,-8.13103,3,1
39.44383,-8.13602,7,1
39.4526,-8.13851,6,0
39.46137,-8.141,404,121
39.47014,-8.1435,11,0
39.47891,-8.146,5,2
39.48768,-8.14849,2,0
39.49645,-8.15099,1,0
39.50521,-8.15349,6,2
39.51398,-8.15599,12,1
39.52275,-8.15849,2,0
39.53152,-8.161,420,141
39.54029,-8.1635,793,207
39.54905,-8.166,82,17
39.55782,-8.16851,225,65
39.62795,-8.18858,25,20
39.63671,-8.1911,2,1
39.64548,-8.19361,14,6
39.66301,-8.19864,31,7
39.67177,-8.20116,13,6
39.68054,-8.20368,41,21
39.69807,-8.20872,8,2
39.70683,-8.21124,7,0
39.74188,-8.22133,25,22
39.75065,-8.22386,6,6
39.75941,-8.22639,6,3
39.76817,-8.22892,10,8
39.77693,-8.23144,3,3
39.79446,-8.2365,2,0
39.80322,-8.23904,57,24
39.82074,-8.2441,11,3
39.8733,-8.25932,2,1
39.88206,-8.26186,27,14
39.89082,-8.2644,14,9
39.89958,-8.26695,267,74
39.90834,-8.26949,471,143
39.9171,-8.27203,21,3
39.92586,-8.27458,3,1
39.93462,-8.27712,52,24
39.94338,-8.27967,29,13
39.95214,-8.28222,3,0
39.9609,-8.28477,5,2
39.96965,-8.28732,2,2
39.98717,-8.29242,3,2
40.03096,-8.30519,7,5
40.03971,-8.30775,86,30
40.04847,-8.31031,91,35
40.05723,-8.31287,128,44
40.06598,-8.31543,63,16
40.07474,-8.31799,257,90
40.08349,-8.32055,357,63
40.09225,-8.32311,1071,300
40.101,-8.32568,953,192
40.10976,-8.32824,2,1
40.11851,-8.33081,2,0
40.12727,-8.33338,129,39
40.13602,-8.33594,130,37
40.14478,-8.33851,52,16
40.15353,-8.34108,174,40
40.16229,-8.34365,137,30
40.17104,-8.34623,213,85
40.17979,-8.3488,330,108
40.18855,-8.35137,151,54
40.20605,-8.35652,159,53
40.21481,-8.3591,17,4
40.22356,-8.36168,2,2
40.23231,-8.36426,335,106
40.24106,-8.36684,319,76
40.24981,-8.36942,139,38
40.25857,-8.372,9,4
40.27607,-8.37717,18,5
40.28482,-8.37975,156,34
40.31982,-8.3901,114,26
40.32858,-8.39269,247,81
40.33733,-8.39528,88,18
40.34608,-8.39787,215,65
40.35483,-8.40046,2,0
40.36357,-8.40306,58,13
40.37232,-8.40565,166,60
40.38107,-8.40825,262,82
40.38982,-8.41084,71,23
40.41607,-8.41864,86,22
40.42482,-8.42124,332,84
40.43356,-8.42384,281,87
40.44231,-8.42644,56,20
40.45106,-8.42904,53,23
40.45981,-8.43165,90,25
40.46856,-8.43425,252,67
40.4773,-8.43686,10,3
40.48605,-8.43947,3,0
40.4948,-8.44207,26,0
40.50354,-8.44468,203,65
40.51229,-8.44729,327,108
40.52104,-8.44991,222,64
40.52978,-8.45252,46,11
40.53853,-8.45513,8,2
40.54727,-8.45774,151,34
40.55602,-8.46036,453,92
40.56476,-8.46298,839,238
40.57351,-8.46559,324,94
40.58225,-8.46821,312,61
40.60849,-8.47607,386,117
40.61723,-8.47869,242,55
40.62598,-8.48132,12,6
40.63472,-8.48394,153,48
40.64346,-8.48657,132,34
40.66095,-8.49182,22,2
40.67844,-8.49708,37,3
40.68718,-8.49971,46,4
40.69592,-8.50234,447,90
40.73963,-8.51551,49,7
40.74837,-8.51814,467,107
40.75711,-8.52078,34,4
40.76585,-8.52342,68,25
40.80082,-8.53399,257,54
40.80956,-8.53663,402,94
40.82704,-8.54192,185,37
40.83577,-8.54457,145,42
40.84451,-8.54722,229,46
40.85325,-8.54987,11,4
40.86199,-8.55252,359,80
40.87073,-8.55517,272,83
40.87947,-8.55782,517,126
40.88821,-8.56047,425,95
40.89695,-8.56313,341,70
40.90568,-8.56578,605,124
40.91442,-8.56844,548,93
40.92316,-8.5711,416,98
40.9319,-8.57376,81,20
40.94063,-8.57642,105,18
40.94937,-8.57908,532,116
40.95811,-8.58174,957,256
40.96684,-8.5844,224,81
40.97558,-8.58706,2132,458
40.98432,-8.58973,1450,303
40.99305,-8.59239,770,242
41.00179,-8.59506,1439,319
41.01052,-8.59773,457,61
41.01926,-8.60039,647,182
41.02799,-8.60306,610,161
41.03673,-8.60573,533,133
41.04546,-8.60841,1312,281
41.0542,-8.61108,1780,354
41.06293,-8.61375,1398,227
41.07167,-8.61643,1009,145
41.0804,-8.6191,1484,356
41.08914,-8.62178,716,224
41.09787,-8.62446,4620,1001
41.1066,-8.62714,2447,535
41.11534,-8.62982,3962,723
41.12407,-8.6325,5899,1457
41.1328,-8.63518,7545,1358
41.14154,-8.63786,4194,740
41.15027,-8.64054,2453,546
41.159,-8.64323,7699,1871
41.16773,-8.64591,8125,1837
41.17647,-8.6486,4169,1071
41.1852,-8.65129,5054,1211
41.19393,-8.65398,5192,1173
41.20266,-8.65667,1702,448
41.21139,-8.65936,793,225
41.22012,-8.66205,172,33
41.22885,-8.66474,369,88
41.23758,-8.66744,1063,215
41.24632,-8.67013,2145,473
41.25505,-8.67283,1290,239
41.26378,-8.67553,484,132
41.27251,-8.67823,578,132
41.28124,-8.68092,126,35
41.28997,-8.68362,416,150
41.29869,-8.68633,856,207
41.30742,-8.68903,19,4
41.31615,-8.69173,109,29
41.32488,-8.69444,354,79
41.33361,-8.69714,30,9
41.34234,-8.69985,411,109
41.35107,-8.70256,48,13
41.3598,-8.70526,481,95
41.36852,-8.70797,92,20
41.37725,-8.71069,587,79
41.38598,-8.7134,144,26
41.39471,-8.71611,651,166
41.40343,-8.71882,777,162
41.41216,-8.72154,892,175
41.42089,-8.72425,174,16
41.42961,-8.72697,170,24
41.43834,-8.72969,121,23
41.44707,-8.73241,65,7
41.45579,-8.73513,250,52
41.46452,-8.73785,90,11
41.47324,-8.74057,220,57
41.48197,-8.74329,138,30
41.49069,-8.74602,136,23
41.49942,-8.74874,195,37
41.50814,-8.75147,535,90
41.51687,-8.7542,355,39
41.52559,-8.75693,419,71
41.53432,-8.75966,97,20
41.54304,-8.76239,1036,155
41.55177,-8.76512,361,54
41.56049,-8.76785,53,1
41.56921,-8.77058,44,15
41.58666,-8.77606,206,15
41.59538,-8.77879,756,179
41.60411,-8.78153,406,117
41.61283,-8.78427,251,52
41.62155,-8.78701,288,78
41.63027,-8.78975,1,0
41.63899,-8.79249,8,2
41.64772,-8.79524,482,114
41.65644,-8.79798,55,8
41.66516,-8.80073,839,241
41.67388,-8.80347,340,83
41.6826,-8.80622,3293,639
41.69132,-8.80897,189,46
41.70004,-8.81172,1608,360
41.70876,-8.81447,5481,972
41.71748,-8.81722,865,114
41.76108,-8.83099,4,0
41.78724,-8.83927,18,4
41.79596,-8.84203,222,61
41.80468,-8.8448,293,104
41.8134,-8.84756,604,154
41.82211,-8.85032,57,13
41.83955,-8.85586,221,64
41.84827,-8.85862,624,169
37.17712,-7.51149,202,52
37.18594,-7.51376,383,112
37.19476,-7.51603,31,6
37.20358,-7.51829,56,15
37.21239,-7.52056,13,0
37.22121,-7.52283,9,3
37.23003,-7.5251,9,5
37.24766,-7.52965,20,6
37.2653,-7.53419,7,4
37.29175,-7.54102,8,2
37.30938,-7.54558,2,2
37.42396,-7.57527,11,9
37.45921,-7.58443,16,6
37.47684,-7.58902,6,4
37.5209,-7.6005,3,2
37.52971,-7.6028,13,12
37.53852,-7.6051,4,4
37.56495,-7.612,2,2
37.61781,-7.62584,72,20
37.62662,-7.62814,61,23
37.63542,-7.63045,2,2
37.67946,-7.64201,4,3
37.68827,-7.64432,2,2
37.96121,-7.71648,10,3
37.98762,-7.72351,2,0
38.12841,-7.76112,2,0
38.146,-7.76583,293,136
38.1636,-7.77055,3,1
38.17239,-7.77291,12,0
38.19879,-7.78,2,0
38.20758,-7.78237,92,52
38.21638,-7.78473,2,1
38.22517,-7.7871,12,5
38.26915,-7.79894,401,115
38.30433,-7.80844,4,1
38.40985,-7.837,446,178
38.41864,-7.83938,4,0
38.44501,-7.84654,2,0
38.5417,-7.87287,3,2
38.55049,-7.87527,6,1
38.55928,-7.87767,6,1
38.56807,-7.88007,406,110
38.57686,-7.88247,381,83
38.58565,-7.88488,11,2
38.59443,-7.88728,9,2
38.60322,-7.88968,78,18
38.61201,-7.89209,270,33
38.6208,-7.8945,359,39
38.6823,-7.91136,1,0
38.97214,-7.99147,1,0
38.99848,-7.9988,5,0
39.0336,-8.00859,2,0
39.09504,-8.02575,7,4
39.26177,-8.07257,4,0
39.31441,-8.08742,25,12
39.32319,-8.0899,84,45
39.33196,-8.09238,40,17
39.34073,-8.09486,4,1
39.36704,-8.1023,59,23
39.37582,-8.10479,307,113
39.40213,-8.11225,33,10
39.44598,-8.12469,2,0
39.46352,-8.12968,6,0
39.48983,-8.13717,13,10
39.50736,-8.14216,13,1
39.51613,-8.14466,60,16
39.5249,-8.14716,10,4
39.53367,-8.14966,13,4
39.54243,-8.15216,50,12
39.5512,-8.15467,31,6
39.55997,-8.15717,17,7
39.5775,-8.16218,32,10
39.58627,-8.16469,41,11
39.59504,-8.16719,59,23
39.6038,-8.1697,31,13
39.61257,-8.17221,2,1
39.62133,-8.17472,12,6
39.6301,-8.17723,4,3
39.63887,-8.17975,10,5
39.64763,-8.18226,26,14
39.66516,-8.18729,14,11
39.67393,-8.1898,1,0
39.68269,-8.19232,13,4
39.69146,-8.19484,4,4
39.70022,-8.19736,4,0
39.70898,-8.19988,2,1
39.71775,-8.2024,26,13
39.73528,-8.20744,5,5
39.7528,-8.21249,21,14
39.76157,-8.21502,2,2
39.77033,-8.21754,4,4
39.77909,-8.22007,1,0
39.78785,-8.2226,2,0
39.8229,-8.23272,15,5
39.83166,-8.23525,2,2
39.84042,-8.23779,6,6
39.84918,-8.24032,24,11
39.85795,-8.24286,81,41
39.86671,-8.24539,144,50
39.87547,-8.24793,35,13
39.88423,-8.25047,20,8
39.89299,-8.25301,25,8
39.90175,-8.25555,62,25
39.91051,-8.25809,42,11
39.91927,-8.26064,67,21
39.92803,-8.26318,59,18
39.94554,-8.26827,33,16
39.9543,-8.27081,3,3
39.96306,-8.27336,12,2
39.98934,-8.28101,2,2
40.00685,-8.28611,2,2
40.02437,-8.29122,2,0
40.05064,-8.29889,14,8
40.05939,-8.30145,2,1
40.06815,-8.30401,119,33
40.07691,-8.30656,185,40
40.08566,-8.30913,97,26
40.09442,-8.31169,78,21
40.10317,-8.31425,111,27
40.11193,-8.31681,3,0
40.12944,-8.32194,106,39
40.1382,-8.32451,72,17
40.14695,-8.32708,155,43
40.1557,-8.32965,283,79
40.16446,-8.33222,196,38
40.17321,-8.33479,141,39
40.24324,-8.35539,41,3
40.3045,-8.37346,161,49
40.322,-8.37863,55,15
40.33075,-8.38122,7,4
40.34826,-8.3864,113,39
40.36576,-8.39158,155,47
40.37451,-8.39418,81,18
40.38326,-8.39677,530,141
40.392,-8.39937,125,27
40.40075,-8.40196,72,15
40.4095,-8.40456,273,83
40.43575,-8.41236,168,33
40.4445,-8.41496,562,208
40.45325,-8.41756,41,9
40.47074,-8.42276,45,16
40.47949,-8.42537,114,40
40.49698,-8.43058,4,2
40.50573,-8.43319,246,81
40.51448,-8.4358,134,33
40.52322,-8.43841,149,37
40.54072,-8.44363,11,2
40.54946,-8.44624,259,95
40.55821,-8.44886,534,156
40.56695,-8.45147,504,120
40.5757,-8.45409,1609,464
40.58444,-8.4567,331,90
40.59319,-8.45932,112,16
40.60193,-8.46194,390,110
40.61068,-8.46456,1060,229
40.61942,-8.46718,473,106
40.62817,-8.4698,359,93
40.63691,-8.47242,129,30
40.6544,-8.47767,117,21
40.66314,-8.4803,16,5
40.68063,-8.48555,522,100
40.68937,-8.48818,1072,289
40.69812,-8.49081,974,208
40.70686,-8.49344,5,1
40.75057,-8.50661,58,15
40.75931,-8.50925,1,0
40.76805,-8.51188,13,3
40.77679,-8.51452,70,21
40.78553,-8.51716,104,20
40.79427,-8.5198,130,29
40.80301,-8.52244,304,80
40.81176,-8.52509,896,135
40.8205,-8.52773,409,96
40.82924,-8.53037,154,38
40.83798,-8.53302,203,64
40.84671,-8.53567,184,27
40.85545,-8.53832,318,91
40.86419,-8.54096,347,112
40.87293,-8.54361,246,59
40.88167,-8.54626,285,78
40.89041,-8.54892,806,209
40.89915,-8.55157,204,53
40.90789,-8.55422,702,142
40.91662,-8.55688,987,208
40.92536,-8.55953,4350,585
40.9341,-8.56219,941,124
40.94284,-8.56485,779,129
40.95158,-8.56751,671,179
40.96031,-8.57017,1119,209
40.96905,-8.57283,1123,235
40.97779,-8.57549,2290,516
40.98652,-8.57815,880,207
40.99526,-8.58082,743,201
41.004,-8.58348,1258,249
41.01273,-8.58615,842,137
41.02147,-8.58881,962,172
41.0302,-8.59148,1096,298
41.03894,-8.59415,216,39
41.04767,-8.59682,81,20
41.05641,-8.59949,747,169
41.06514,-8.60216,3166,581
41.07388,-8.60484,2050,315
41.08261,-8.60751,3138,501
41.09135,-8.61019,233,92
41.10008,-8.61286,3276,754
41.10882,-8.61554,5435,1251
41.11755,-8.61822,4723,903
41.12628,-8.6209,7189,1561
41.13502,-8.62358,3460,746
41.14375,-8.62626,1183,368
41.15248,-8.62894,5101,1406
41.16122,-8.63162,6956,1756
41.16995,-8.63431,8478,1890
41.17868,-8.63699,5044,967
41.18741,-8.63968,7315,1365
41.19614,-8.64237,5630,1352
41.20488,-8.64506,2812,586
41.21361,-8.64775,869,271
41.22234,-8.65044,128,28
41.23107,-8.65313,410,148
41.2398,-8.65582,1439,140
41.24853,-8.65851,2577,568
41.25726,-8.66121,2507,570
41.26599,-8.6639,1337,231
41.27472,-8.6666,419,98
41.28345,-8.6693,575,120
41.29218,-8.672,832,201
41.30091,-8.6747,466,93
41.30964,-8.6774,391,83
41.31837,-8.6801,406,55
41.3271,-8.6828,78,23
41.33583,-8.68551,884,153
41.34456,-8.68821,97,10
41.35329,-8.69092,71,4
41.36202,-8.69363,285,48
41.37075,-8.69633,300,65
41.37947,-8.69904,508,118
41.3882,-8.70175,274,84
41.39693,-8.70446,42,8
41.40566,-8.70718,238,54
41.41438,-8.70989,142,36
41.42311,-8.7126,60,1
41.43184,-8.71532,538,132
41.44057,-8.71804,907,197
41.44929,-8.72075,109,29
41.45802,-8.72347,279,49
41.46674,-8.72619,466,105
41.47547,-8.72891,180,37
41.4842,-8.73163,75,35
41.49292,-8.73436,177,55
41.50165,-8.73708,555,128
41.51037,-8.73981,116,16
41.5191,-8.74253,317,62
41.52782,-8.74526,18,3
41.53655,-8.74799,746,125
41.54527,-8.75072,46,9
41.554,-8.75345,25,1
41.56272,-8.75618,65,9
41.57144,-8.75891,377,95
41.59761,-8.76711,216,35
41.60634,-8.76985,595,128
41.61506,-8.77259,13,3
41.62378,-8.77532,478,105
41.63251,-8.77806,259,60
41.64123,-8.78081,52,15
41.64995,-8.78355,524,151
41.65867,-8.78629,456,110
41.66739,-8.78903,591,184
41.67612,-8.79178,23,5
41.68484,-8.79452,1826,445
41.70228,-8.80002,657,164
41.711,-8.80277,1829,408
41.71972,-8.80552,299,92
41.78948,-8.82756,13,0
41.7982,-8.83032,73,30
41.80692,-8.83308,207,76
41.81564,-8.83584,207,63
41.82436,-8.8386,9,1
41.85051,-8.8469,159,51
41.85923,-8.84967,135,32
41.86794,-8.85243,104,29
37.17918,-7.50052,1128,352
37.188,-7.50278,176,48
37.19682,-7.50505,10,1
37.20564,-7.50731,13,4
37.21446,-7.50958,34,15
37.22327,-7.51185,17,6
37.24091,-7.51639,4,2
37.25854,-7.52093,28,14
37.26736,-7.52321,2,2
37.27618,-7.52548,1,1
37.28499,-7.52775,15,9
37.31144,-7.53458,1,0
37.36433,-7.54826,8,6
37.59345,-7.60788,1,1
37.61988,-7.61479,190,63
37.9633,-7.70539,172,51
37.99851,-7.71476,2,0
38.02491,-7.72179,473,101
38.04251,-7.72648,4,0
38.09531,-7.74058,9,0
38.1481,-7.75471,312,83
38.20088,-7.76887,1,0
38.21848,-7.7736,11,4
38.26246,-7.78544,3,0
38.48228,-7.84493,4,1
38.49986,-7.84972,23,1
38.54381,-7.86169,14,2
38.56139,-7.86649,54,7
38.57018,-7.86889,102,17
38.57897,-7.87129,32,3
38.58776,-7.87369,20,1
38.59655,-7.87609,79,12
38.60533,-7.87849,48,12
38.61412,-7.8809,6,2
38.62291,-7.8833,1,1
38.71078,-7.9074,13,1
38.78984,-7.92916,1,0
38.79863,-7.93158,2,2
38.84254,-7.94371,1,0
38.87768,-7.95343,2,2
39.00061,-7.98755,29,2
39.20249,-8.044,5,2
39.22004,-8.04893,56,16
39.22881,-8.0514,73,18
39.26391,-8.06127,1,0
39.32532,-8.07859,5,3
39.3341,-8.08107,93,50
39.34287,-8.08355,3,0
39.40427,-8.10093,132,33
39.45689,-8.11586,3,0
39.4832,-8.12334,3,2
39.49197,-8.12584,19,4
39.50951,-8.13083,9,4
39.51828,-8.13333,263,100
39.52705,-8.13583,16,3
39.53581,-8.13832,37,14
39.54458,-8.14083,48,10
39.55335,-8.14333,26,4
39.57965,-8.15084,16,6
39.58842,-8.15334,21,14
39.60595,-8.15835,2,0
39.61472,-8.16086,4,2
39.64102,-8.16839,5,5
39.64978,-8.1709,13,8
39.66731,-8.17593,8,4
39.68484,-8.18096,93,21
39.70237,-8.18599,6,3
39.75496,-8.20112,9,5
39.76372,-8.20364,29,13
39.79001,-8.21122,4,2
39.79877,-8.21375,164,56
39.80754,-8.21628,55,18
39.82506,-8.22134,47,21
39.83382,-8.22387,47,14
39.84258,-8.2264,41,17
39.85134,-8.22893,8,7
39.86011,-8.23147,12,8
39.86887,-8.234,37,19
39.88639,-8.23908,11,4
39.89515,-8.24162,9,1
39.91267,-8.2467,1,0
39.92143,-8.24924,4,3
39.93895,-8.25432,8,3
39.95647,-8.25941,7,4
39.96523,-8.26196,5,2
39.97398,-8.2645,21,8
39.98274,-8.26705,6,3
39.9915,-8.2696,3,1
40.00026,-8.27215,20,5
40.00902,-8.2747,3,0
40.07908,-8.29514,92,42
40.08783,-8.2977,153,40
40.10534,-8.30282,203,45
40.13161,-8.31051,57,18
40.14037,-8.31308,103,27
40.14912,-8.31564,127,35
40.15788,-8.31821,220,48
40.16663,-8.32078,71,26
40.17539,-8.32335,113,38
40.23666,-8.34136,3,0
40.24541,-8.34393,450,108
40.25417,-8.34651,77,0
40.26292,-8.34909,363,102
40.27167,-8.35167,22,1
40.28042,-8.35425,201,75
40.28918,-8.35683,14,0
40.30668,-8.362,67,2
40.31543,-8.36458,27,11
40.32418,-8.36717,91,22
40.37669,-8.3827,126,37
40.38544,-8.3853,761,190
40.39419,-8.38789,42,14
40.40294,-8.39048,205,57
40.41168,-8.39308,256,77
40.42043,-8.39568,25,5
40.42918,-8.39827,135,54
40.43793,-8.40087,83,33
40.44668,-8.40347,116,37
40.47293,-8.41128,379,112
40.48167,-8.41388,229,64
40.50792,-8.42169,242,33
40.51666,-8.4243,751,132
40.52541,-8.42691,605,146
40.53416,-8.42952,40,12
40.5429,-8.43213,62,29
40.55165,-8.43474,864,185
40.5604,-8.43735,768,183
40.56914,-8.43997,360,82
40.57789,-8.44258,3046,668
40.58663,-8.4452,933,147
40.59538,-8.44781,372,85
40.60412,-8.45043,33,3
40.61287,-8.45305,557,139
40.62161,-8.45567,518,123
40.63036,-8.45829,76,17
40.6391,-8.46091,73,17
40.64785,-8.46353,96,23
40.65659,-8.46615,490,132
40.66534,-8.46878,42,12
40.67408,-8.4714,41,6
40.68282,-8.47403,1066,188
40.69157,-8.47666,3115,532
40.70031,-8.47928,944,144
40.70905,-8.48191,169,15
40.72654,-8.48717,18,0
40.73528,-8.48981,247,58
40.74402,-8.49244,440,117
40.75276,-8.49507,132,33
40.76151,-8.49771,137,30
40.77025,-8.50034,5,1
40.77899,-8.50298,75,10
40.78773,-8.50562,102,15
40.80521,-8.5109,43,12
40.81395,-8.51354,272,59
40.82269,-8.51618,111,23
40.83143,-8.51883,147,40
40.84017,-8.52147,291,92
40.84891,-8.52412,283,52
40.85765,-8.52676,270,70
40.86639,-8.52941,145,38
40.87513,-8.53206,273,60
40.88387,-8.53471,269,55
40.89261,-8.53736,542,143
40.90135,-8.54001,144,32
40.91009,-8.54266,445,69
40.91883,-8.54531,292,73
40.92757,-8.54797,3504,603
40.9363,-8.55062,578,97
40.94504,-8.55328,533,111
40.95378,-8.55594,1084,181
40.96252,-8.55859,193,51
40.97125,-8.56125,480,73
40.97999,-8.56391,932,204
40.98873,-8.56658,1542,291
40.99746,-8.56924,2135,290
41.0062,-8.5719,1281,248
41.01494,-8.57457,871,164
41.02367,-8.57723,1382,261
41.03241,-8.5799,291,53
41.04115,-8.58257,814,209
41.04988,-8.58523,1331,262
41.05862,-8.5879,1225,259
41.06735,-8.59057,1486,256
41.07609,-8.59325,519,110
41.08482,-8.59592,3384,545
41.09356,-8.59859,3575,802
41.10229,-8.60127,5725,1104
41.11103,-8.60394,6587,1587
41.11976,-8.60662,10839,2714
41.12849,-8.6093,8634,2205
41.13723,-8.61198,3591,1123
41.14596,-8.61466,4281,1259
41.15469,-8.61734,6966,1721
41.16343,-8.62002,10954,3252
41.17216,-8.6227,8534,2215
41.18089,-8.62539,9321,2055
41.18963,-8.62807,6754,1408
41.19836,-8.63076,3592,1027
41.20709,-8.63344,2200,422
41.21582,-8.63613,3225,761
41.22455,-8.63882,1980,449
41.23329,-8.64151,250,52
41.24202,-8.6442,2418,240
41.25075,-8.64689,3079,563
41.25948,-8.64959,890,160
41.26821,-8.65228,587,140
41.27694,-8.65498,172,43
41.28567,-8.65767,233,44
41.2944,-8.66037,160,33
41.30313,-8.66307,609,105
41.31186,-8.66577,37,7
41.32059,-8.66847,599,119
41.32932,-8.67117,284,57
41.33805,-8.67387,466,95
41.34678,-8.67658,181,36
41.35551,-8.67928,81,17
41.36424,-8.68199,130,45
41.37297,-8.68469,519,111
41.3817,-8.6874,578,141
41.39042,-8.69011,119,27
41.39915,-8.69282,199,35
41.40788,-8.69553,256,49
41.41661,-8.69824,291,60
41.42533,-8.70095,38,8
41.43406,-8.70367,71,13
41.44279,-8.70638,117,18
41.45152,-8.7091,8,3
41.46024,-8.71182,353,55
41.46897,-8.71453,250,44
41.4777,-8.71725,418,134
41.48642,-8.71997,361,98
41.49515,-8.72269,215,51
41.50387,-8.72542,11,6
41.5126,-8.72814,1,1
41.52132,-8.73086,332,69
41.53005,-8.73359,321,49
41.53878,-8.73632,590,118
41.5475,-8.73904,380,58
41.55622,-8.74177,425,99
41.56495,-8.7445,5,1
41.57367,-8.74723,334,54
41.5824,-8.74996,195,37
41.59985,-8.75543,99,19
41.60857,-8.75817,92,14
41.61729,-8.7609,95,19
41.62602,-8.76364,212,58
41.63474,-8.76638,12,5
41.64346,-8.76912,4,2
41.65218,-8.77186,173,52
41.66091,-8.7746,278,90
41.66963,-8.77734,462,131
41.67835,-8.78008,590,112
41.68707,-8.78283,537,175
41.70452,-8.78832,1057,293
41.71324,-8.79107,114,34
41.72196,-8.79382,382,110
41.73068,-8.79657,165,32
41.74812,-8.80207,55,24
41.79172,-8.81584,49,17
41.80044,-8.8186,276,73
41.80916,-8.82136,200,49
41.81788,-8.82412,23,10
41.86147,-8.83794,155,47
41.87019,-8.84071,1125,460
37.18124,-7.48954,69,23
37.19006,-7.4918,132,30
37.2077,-7.49633,1,1
37.21652,-7.4986,6,2
37.22534,-7.50087,14,1
37.23415,-7.50314,17,8
37.24297,-7.5054,2,0
37.26942,-7.51222,11,1
37.32232,-7.52586,10,10
37.33996,-7.53042,9,4
37.34877,-7.5327,10,10
37.35759,-7.53498,31,17
37.37522,-7.53954,15,14
37.43692,-7.55553,19,11
37.48979,-7.56927,20,7
37.49861,-7.57156,14,5
37.57791,-7.59224,5,0
37.58672,-7.59454,5,0
37.61315,-7.60145,15,4
37.64839,-7.61067,15,7
37.93018,-7.68495,2,0
37.95659,-7.69196,2,0
37.96539,-7.6943,12,5
38.027,-7.71069,336,105
38.0358,-7.71303,2,1
38.0974,-7.72947,2,1
38.21178,-7.76011,4,4
38.30853,-7.78615,4,0
38.32612,-7.79089,1,0
38.45802,-7.8266,2,0
38.46681,-7.82898,2,2
38.58987,-7.8625,74,15
38.59866,-7.8649,97,22
38.60745,-7.8673,79,14
38.65139,-7.87932,9,1
38.70411,-7.89378,220,73
38.71289,-7.89619,678,134
38.72168,-7.8986,1,0
38.80075,-7.92036,4,3
38.81831,-7.92521,2,1
38.83588,-7.93006,4,0
38.85345,-7.93491,1,1
39.17829,-8.02533,2,2
39.22217,-8.03764,890,240
39.23095,-8.04011,186,44
39.23972,-8.04257,9,4
39.26605,-8.04998,5,4
39.27482,-8.05245,51,10
39.2836,-8.05492,1,0
39.34501,-8.07224,247,95
39.47658,-8.10952,2,0
39.48535,-8.11201,15,6
39.49412,-8.11451,14,5
39.50288,-8.117,6,1
39.52042,-8.12199,10,9
39.52919,-8.12449,190,87
39.53796,-8.12699,10,3
39.54673,-8.12949,59,17
39.56426,-8.13449,4,2
39.59057,-8.142,7,2
39.59933,-8.1445,5,2
39.61687,-8.14951,1,0
39.64317,-8.15704,19,14
39.67823,-8.16709,51,10
39.687,-8.1696,2,1
39.69576,-8.17211,39,21
39.71329,-8.17715,10,8
39.72206,-8.17966,20,13
39.73958,-8.1847,39,22
39.74835,-8.18722,2,1
39.75711,-8.18975,8,3
39.76588,-8.19227,12,10
39.77464,-8.19479,4,0
39.7834,-8.19732,72,22
39.79217,-8.19984,139,46
39.80093,-8.20237,185,55
39.80969,-8.2049,32,6
39.82722,-8.20995,85,34
39.83598,-8.21248,16,7
39.84474,-8.21501,9,7
39.8535,-8.21755,2,1
39.88855,-8.22768,19,11
39.89731,-8.23022,32,12
39.90607,-8.23276,33,14
39.91483,-8.2353,3,1
39.92359,-8.23784,37,19
39.93235,-8.24038,28,12
39.94111,-8.24292,68,29
39.94987,-8.24546,30,11
39.96739,-8.25055,23,10
39.99367,-8.25819,3,0
40.00242,-8.26074,11,8
40.01118,-8.26329,3,3
40.01994,-8.26584,9,6
40.06373,-8.2786,3,3
40.07249,-8.28116,6,3
40.08124,-8.28372,17,10
40.09,-8.28627,171,60
40.09876,-8.28883,81,19
40.10751,-8.29139,76,19
40.11627,-8.29395,1,0
40.14254,-8.30164,130,33
40.15129,-8.30421,57,9
40.16005,-8.30677,121,37
40.1688,-8.30934,16,4
40.17756,-8.31191,7,1
40.20382,-8.31961,158,68
40.21257,-8.32219,11,2
40.23008,-8.32733,92,34
40.23883,-8.32991,13,5
40.24759,-8.33248,4,0
40.25634,-8.33506,3,0
40.26509,-8.33764,249,37
40.27385,-8.34021,95,11
40.2826,-8.34279,340,70
40.29135,-8.34537,32,14
40.3001,-8.34795,22,5
40.30886,-8.35054,56,23
40.31761,-8.35312,14,0
40.33511,-8.35829,1,1
40.34386,-8.36088,55,22
40.35261,-8.36346,28,9
40.36136,-8.36605,43,21
40.37887,-8.37123,58,21
40.38762,-8.37382,462,143
40.42261,-8.38419,1,0
40.43136,-8.38679,25,7
40.44011,-8.38939,95,31
40.44886,-8.39199,203,66
40.45761,-8.39458,4,2
40.47511,-8.39979,8,0
40.48386,-8.40239,85,21
40.4926,-8.40499,144,80
40.5101,-8.4102,180,56
40.51885,-8.4128,389,117
40.53634,-8.41802,365,80
40.54509,-8.42063,117,30
40.55384,-8.42324,26,4
40.56258,-8.42585,505,32
40.57133,-8.42846,1355,307
40.58007,-8.43107,684,157
40.58882,-8.43369,233,43
40.59757,-8.4363,72,2
40.60631,-8.43892,466,137
40.61506,-8.44153,251,60
40.6238,-8.44415,420,98
40.63255,-8.44677,314,79
40.64129,-8.44939,143,34
40.65004,-8.45201,508,158
40.65878,-8.45463,370,114
40.66753,-8.45725,371,114
40.67627,-8.45988,26,10
40.68501,-8.4625,279,57
40.69376,-8.46513,149,49
40.7025,-8.46776,353,86
40.71124,-8.47038,13,0
40.71999,-8.47301,8,1
40.73747,-8.47827,47,12
40.74622,-8.4809,346,74
40.75496,-8.48354,833,162
40.7637,-8.48617,805,212
40.77244,-8.4888,440,83
40.78118,-8.49144,814,188
40.78993,-8.49408,440,95
40.79867,-8.49671,96,29
40.80741,-8.49935,104,17
40.81615,-8.50199,351,108
40.82489,-8.50463,482,111
40.83363,-8.50728,380,68
40.84237,-8.50992,203,42
40.85111,-8.51256,114,25
40.85985,-8.51521,317,47
40.86859,-8.51785,318,97
40.87733,-8.5205,463,112
40.88607,-8.52315,202,55
40.89481,-8.5258,927,178
40.90355,-8.52845,652,160
40.91229,-8.5311,1262,247
40.92103,-8.53375,1191,149
40.92977,-8.5364,1241,256
40.93851,-8.53906,1271,196
40.94724,-8.54171,741,184
40.95598,-8.54437,771,143
40.96472,-8.54702,832,197
40.97346,-8.54968,290,53
40.98219,-8.55234,1203,289
40.99093,-8.555,1134,302
40.99967,-8.55766,979,221
41.00841,-8.56032,1023,188
41.01714,-8.56299,803,143
41.02588,-8.56565,1175,246
41.03462,-8.56831,1815,300
41.04335,-8.57098,925,206
41.05209,-8.57365,862,189
41.06082,-8.57632,1385,285
41.06956,-8.57898,2008,408
41.07829,-8.58165,586,178
41.08703,-8.58433,1550,299
41.09576,-8.587,5349,813
41.1045,-8.58967,3556,589
41.11323,-8.59235,3392,760
41.12197,-8.59502,4723,915
41.1307,-8.5977,3319,981
41.13944,-8.60037,3203,932
41.14817,-8.60305,7051,2004
41.1569,-8.60573,9180,2352
41.16564,-8.60841,10174,2636
41.17437,-8.61109,6216,1795
41.1831,-8.61378,4438,1145
41.19184,-8.61646,4973,1197
41.20057,-8.61914,1805,355
41.2093,-8.62183,573,141
41.21804,-8.62452,135,38
41.22677,-8.6272,2560,605
41.2355,-8.62989,3993,740
41.24423,-8.63258,486,102
41.25296,-8.63527,405,82
41.26169,-8.63796,618,128
41.27043,-8.64066,509,119
41.27916,-8.64335,18,3
41.28789,-8.64605,501,73
41.29662,-8.64874,587,132
41.30535,-8.65144,625,130
41.31408,-8.65414,215,52
41.32281,-8.65683,72,23
41.33154,-8.65953,360,94
41.34027,-8.66224,684,110
41.349,-8.66494,130,32
41.35773,-8.66764,60,13
41.36646,-8.67034,129,37
41.37519,-8.67305,129,46
41.38392,-8.67576,394,85
41.39264,-8.67846,117,19
41.40137,-8.68117,533,84
41.4101,-8.68388,12,0
41.42756,-8.6893,10,3
41.43628,-8.69202,116,21
41.44501,-8.69473,4,0
41.47119,-8.70288,225,46
41.47992,-8.70559,91,22
41.48865,-8.70831,95,16
41.49737,-8.71103,219,63
41.5061,-8.71375,2,1
41.51483,-8.71647,315,76
41.52355,-8.7192,43,3
41.53228,-8.72192,7,0
41.541,-8.72465,19,3
41.54973,-8.72737,66,10
41.55845,-8.7301,363,53
41.56718,-8.73283,95,23
41.5759,-8.73556,173,46
41.58463,-8.73829,87,18
41.59335,-8.74102,204,39
41.60207,-8.74375,356,125
41.6108,-8.74648,445,96
41.61952,-8.74922,229,64
41.62825,-8.75195,349,78
41.63697,-8.75469,227,67
41.64569,-8.75743,125,28
41.65442,-8.76017,81,12
41.66314,-8.76291,331,76
41.67186,-8.76565,496,145
41.68058,-8.76839,479,132
41.69803,-8.77388,416,124
41.70675,-8.77662,1310,252
41.71547,-8.77937,543,116
41.72419,-8.78211,471,129
41.73291,-8.78486,806,211
41.74163,-8.78761,175,54
41.75036,-8.79036,99,23
41.75908,-8.79311,180,49
41.78524,-8.80137,3,2
41.79396,-8.80413,47,11
41.80268,-8.80689,103,35
41.8114,-8.80964,98,32
41.82012,-8.8124,13,4
41.83755,-8.81792,82,30
41.84627,-8.82069,61,11
41.85499,-8.82345,187,56
41.86371,-8.82621,286,66
41.87243,-8.82898,391,94
41.88115,-8.83174,94,30
37.1833,-7.47856,61,20
37.19212,-7.48082,183,77
37.20094,-7.48309,16,0
37.20976,-7.48535,48,15
37.21858,-7.48762,69,16
37.2274,-7.48988,38,6
37.23621,-7.49215,7,4
37.25385,-7.49669,6,1
37.26267,-7.49896,7,2
37.27149,-7.50123,19,6
37.2803,-7.5035,2,0
37.30675,-7.51031,26,14
37.31557,-7.51259,13,6
37.39491,-7.53309,14,10
37.65046,-7.59963,71,35
37.70331,-7.61348,5,4
37.71212,-7.61579,106,33
37.72974,-7.62042,2,1
37.90585,-7.66687,1,0
37.96747,-7.6832,2,0
38.02029,-7.69724,5,0
38.02909,-7.69958,8,2
38.19628,-7.74426,30,8
38.20507,-7.74662,104,36
38.31063,-7.775,1,0
38.41616,-7.80351,3,0
38.48649,-7.82259,9,0
38.55682,-7.84172,2,0
38.58319,-7.84891,1,0
38.59198,-7.85131,62,17
38.60077,-7.85371,9,5
38.70622,-7.88257,2,2
38.79408,-7.90672,89,35
38.80286,-7.90914,40,11
38.82043,-7.91398,24,9
38.82922,-7.91641,3,2
38.838,-7.91883,2,0
38.84678,-7.92125,5,1
38.93461,-7.94555,22,6
39.1541,-8.00667,47,14
39.16287,-8.00913,3,3
39.18043,-8.01405,7,2
39.22431,-8.02635,144,36
39.23308,-8.02882,116,28
39.24186,-8.03128,258,66
39.25063,-8.03375,97,24
39.25941,-8.03622,96,17
39.26818,-8.03868,45,13
39.30328,-8.04857,1,0
39.33837,-8.05846,73,30
39.34715,-8.06094,188,68
39.45241,-8.09072,3,0
39.47872,-8.09819,17,9
39.48749,-8.10068,24,12
39.49626,-8.10318,124,73
39.50503,-8.10567,267,98
39.5138,-8.10816,28,14
39.52257,-8.11066,8,2
39.53134,-8.11315,7,3
39.5401,-8.11565,5,4
39.55764,-8.12065,12,6
39.56641,-8.12315,65,28
39.57518,-8.12565,135,50
39.58395,-8.12815,12,1
39.59271,-8.13065,10,0
39.62778,-8.14067,147,83
39.63655,-8.14318,5,5
39.64532,-8.14568,35,16
39.65408,-8.14819,8,4
39.67162,-8.15321,64,12
39.68038,-8.15572,1,1
39.68915,-8.15824,29,19
39.71544,-8.16578,41,27
39.74174,-8.17333,25,9
39.7505,-8.17585,1,1
39.76803,-8.18089,9,2
39.78556,-8.18594,1,0
39.79432,-8.18846,92,21
39.80308,-8.19099,89,34
39.81185,-8.19351,412,93
39.82061,-8.19604,7,2
39.82937,-8.19857,18,4
39.83814,-8.2011,92,36
39.8469,-8.20363,8,3
39.87318,-8.21122,103,44
39.88194,-8.21376,39,16
39.89071,-8.21629,55,26
39.89947,-8.21883,40,21
39.90823,-8.22136,33,13
39.91699,-8.2239,32,12
39.92575,-8.22644,13,6
39.93451,-8.22898,128,48
39.94327,-8.23152,3,2
39.95203,-8.23406,14,10
39.96955,-8.23914,11,4
39.98707,-8.24423,17,2
40.00459,-8.24932,24,10
40.0221,-8.25442,1,1
40.09217,-8.27485,170,61
40.10092,-8.2774,145,43
40.1447,-8.29021,35,2
40.15346,-8.29277,47,8
40.16222,-8.29533,12,2
40.17097,-8.2979,1,1
40.18848,-8.30303,79,32
40.19724,-8.3056,3,1
40.20599,-8.30817,5,3
40.21474,-8.31074,32,9
40.2235,-8.31331,16,5
40.23225,-8.31588,22,11
40.24101,-8.31846,13,7
40.24976,-8.32103,449,149
40.25851,-8.3236,13,6
40.26727,-8.32618,92,35
40.28477,-8.33133,313,99
40.29353,-8.33391,49,19
40.30228,-8.33649,252,85
40.31103,-8.33907,95,26
40.31978,-8.34166,31,6
40.32853,-8.34424,198,81
40.33729,-8.34682,43,11
40.34604,-8.34941,16,8
40.37229,-8.35717,73,13
40.38104,-8.35976,94,40
40.38979,-8.36234,64,25
40.39854,-8.36494,11,4
40.41604,-8.37012,60,21
40.43354,-8.37531,8,3
40.44229,-8.3779,28,16
40.48604,-8.3909,78,29
40.49479,-8.3935,9,2
40.50353,-8.3961,61,12
40.51228,-8.3987,24,5
40.52103,-8.40131,82,7
40.53853,-8.40652,185,46
40.54727,-8.40913,4,0
40.55602,-8.41173,83,18
40.56477,-8.41434,217,72
40.57351,-8.41695,168,37
40.58226,-8.41956,209,36
40.59101,-8.42218,221,57
40.6085,-8.4274,317,92
40.61724,-8.43002,752,206
40.62599,-8.43264,448,168
40.63474,-8.43525,290,80
40.64348,-8.43787,79,19
40.65223,-8.44049,310,87
40.66097,-8.44311,47,8
40.66972,-8.44573,35,11
40.67846,-8.44835,16,6
40.69595,-8.4536,443,86
40.70469,-8.45623,155,44
40.71344,-8.45885,8,2
40.72218,-8.46148,12,3
40.73092,-8.46411,72,17
40.73967,-8.46674,141,48
40.74841,-8.46937,220,63
40.75715,-8.472,301,71
40.76589,-8.47463,494,99
40.77464,-8.47726,329,65
40.78338,-8.4799,358,103
40.79212,-8.48253,357,84
40.80086,-8.48517,586,133
40.8096,-8.48781,357,70
40.81835,-8.49045,418,116
40.82709,-8.49308,704,189
40.83583,-8.49573,332,86
40.84457,-8.49837,111,35
40.85331,-8.50101,278,73
40.86205,-8.50365,708,159
40.87079,-8.5063,1820,337
40.87953,-8.50894,1476,371
40.88827,-8.51159,1963,457
40.89701,-8.51424,543,121
40.90575,-8.51688,319,70
40.91449,-8.51953,652,142
40.92323,-8.52218,963,236
40.93197,-8.52483,496,101
40.94071,-8.52749,878,131
40.94944,-8.53014,163,28
40.95818,-8.53279,777,151
40.96692,-8.53545,1803,271
40.97566,-8.53811,1438,329
40.9844,-8.54076,1965,460
40.99313,-8.54342,1828,377
41.00187,-8.54608,1902,298
41.01061,-8.54874,1226,272
41.01935,-8.5514,1774,423
41.02808,-8.55407,1519,300
41.03682,-8.55673,1301,336
41.04556,-8.55939,933,181
41.05429,-8.56206,1030,257
41.06303,-8.56473,1478,328
41.07176,-8.56739,685,136
41.0805,-8.57006,1182,217
41.08924,-8.57273,666,178
41.09797,-8.5754,2282,371
41.10671,-8.57807,2879,678
41.11544,-8.58075,3130,516
41.12418,-8.58342,6492,1570
41.13291,-8.5861,3332,677
41.14165,-8.58877,827,276
41.15038,-8.59145,6115,1728
41.15911,-8.59413,10132,3050
41.16785,-8.59681,7697,2196
41.17658,-8.59948,1335,318
41.18532,-8.60217,3117,434
41.19405,-8.60485,4722,1349
41.20278,-8.60753,1736,514
41.21151,-8.61021,3495,691
41.22025,-8.6129,5410,1345
41.22898,-8.61559,8992,1624
41.23771,-8.61827,5265,986
41.24644,-8.62096,1243,386
41.25518,-8.62365,404,64
41.26391,-8.62634,1071,151
41.27264,-8.62903,942,182
41.28137,-8.63172,213,30
41.2901,-8.63442,609,138
41.29883,-8.63711,395,102
41.30756,-8.63981,80,22
41.3163,-8.6425,449,84
41.32503,-8.6452,305,78
41.33376,-8.6479,575,80
41.34249,-8.6506,155,20
41.35995,-8.656,100,23
41.36868,-8.6587,597,132
41.37741,-8.66141,238,66
41.38613,-8.66411,29,2
41.39486,-8.66682,266,55
41.40359,-8.66952,137,22
41.41232,-8.67223,140,22
41.42105,-8.67494,313,96
41.42978,-8.67765,416,85
41.43851,-8.68036,112,15
41.45596,-8.68579,225,45
41.46469,-8.6885,134,33
41.47342,-8.69122,195,38
41.48214,-8.69393,265,57
41.49087,-8.69665,221,47
41.4996,-8.69937,110,31
41.51705,-8.70481,6,1
41.52578,-8.70753,29,11
41.5345,-8.71025,306,48
41.54323,-8.71297,428,101
41.55195,-8.7157,457,94
41.56068,-8.71842,217,39
41.5694,-8.72115,15,2
41.58685,-8.72661,274,43
41.59558,-8.72934,254,37
41.6043,-8.73207,249,58
41.61303,-8.7348,728,102
41.62175,-8.73753,88,14
41.63047,-8.74027,468,125
41.6392,-8.743,442,166
41.64792,-8.74574,565,138
41.65665,-8.74847,307,66
41.66537,-8.75121,76,19
41.67409,-8.75395,366,102
41.68281,-8.75669,353,101
41.69154,-8.75943,1,0
41.70026,-8.76218,194,62
41.70898,-8.76492,566,138
41.7177,-8.76766,314,61
41.72643,-8.77041,651,177
41.73515,-8.77316,97,18
41.74387,-8.7759,101,27
41.75259,-8.77865,73,22
41.76131,-8.7814,90,30
41.77003,-8.78415,102,37
41.81363,-8.79792,42,18
41.82235,-8.80068,20,5
41.83979,-8.8062,1,1
41.84851,-8.80896,73,22
41.85723,-8.81172,333,102
41.86595,-8.81448,84,27
41.87467,-8.81725,76,24
41.88339,-8.82001,315,79
41.8921,-8.82278,315,132
37.18536,-7.46758,168,51
37.19418,-7.46984,1,1
37.21182,-7.47437,129,26
37.22064,-7.47663,8,1
37.23827,-7.48116,13,4
37.24709,-7.48343,41,17
37.25591,-7.4857,2,2
37.26473,-7.48797,4,1
37.27355,-7.49023,3,2
37.28236,-7.4925,1,1
37.3,-7.49705,17,7
37.30882,-7.49932,8,6
37.42342,-7.52893,17,11
37.43224,-7.53121,11,7
37.49393,-7.54722,3,3
37.59086,-7.57246,8,2
37.64373,-7.58627,2,2
37.70539,-7.60242,20,7
37.7142,-7.60473,51,14
37.76705,-7.61862,2,0
37.77585,-7.62093,3,2
37.79347,-7.62557,11,5
37.93435,-7.66277,5,0
38.02237,-7.68614,9,2
38.04878,-7.69316,4,0
38.12798,-7.71429,3,0
38.16318,-7.7237,9,1
38.27754,-7.75438,2,0
38.53255,-7.82336,2,2
38.5853,-7.83773,2,2
38.59409,-7.84012,35,14
38.60287,-7.84252,1,0
38.72591,-7.87618,2,1
38.74348,-7.88101,5,0
38.79619,-7.8955,8,6
38.80498,-7.89792,1,0
38.82255,-7.90276,2,1
38.83133,-7.90518,33,12
38.85768,-7.91245,2,0
38.91038,-7.92701,2,2
38.91917,-7.92944,6,5
38.92795,-7.93187,4,3
38.93673,-7.9343,120,39
38.94551,-7.93674,9,5
39.03332,-7.96111,2,0
39.15622,-7.9954,545,221
39.165,-7.99785,369,117
39.17378,-8.00031,1,1
39.18256,-8.00277,15,11
39.21766,-8.0126,409,90
39.23521,-8.01753,96,35
39.24399,-8.01999,901,208
39.25276,-8.02246,1039,151
39.26154,-8.02492,19,4
39.34051,-8.04716,3,0
39.41069,-8.06698,37,25
39.41946,-8.06946,136,65
39.44578,-8.07691,28,7
39.45455,-8.0794,6,0
39.46332,-8.08189,2,2
39.47209,-8.08438,65,30
39.48086,-8.08686,90,37
39.48963,-8.08935,197,76
39.4984,-8.09184,102,41
39.50717,-8.09434,180,66
39.51594,-8.09683,107,29
39.52471,-8.09932,4,3
39.53348,-8.10182,34,10
39.54225,-8.10431,13,6
39.55102,-8.10681,58,10
39.55979,-8.10931,156,54
39.56855,-8.1118,29,12
39.57732,-8.1143,27,13
39.58609,-8.1168,79,25
39.59486,-8.1193,20,10
39.60363,-8.1218,11,6
39.64746,-8.13433,1,1
39.665,-8.13934,18,3
39.67376,-8.14185,603,159
39.68253,-8.14436,209,109
39.6913,-8.14688,6,1
39.71759,-8.15441,12,6
39.72636,-8.15693,4,0
39.73512,-8.15945,44,26
39.77018,-8.16952,45,22
39.79647,-8.17708,6,2
39.80524,-8.17961,30,17
39.814,-8.18213,611,146
39.82276,-8.18466,293,84
39.83153,-8.18718,38,7
39.84029,-8.18971,24,11
39.84905,-8.19224,13,5
39.89286,-8.20489,32,12
39.90162,-8.20743,17,3
39.91039,-8.20996,7,1
39.91915,-8.2125,68,22
39.92791,-8.21504,39,16
39.93667,-8.21757,48,15
39.94543,-8.22011,9,4
39.95419,-8.22265,22,5
39.96295,-8.22519,30,12
39.97171,-8.22774,11,3
39.98047,-8.23028,24,9
40.08557,-8.26086,2,0
40.09433,-8.26342,132,37
40.10309,-8.26597,179,52
40.11184,-8.26853,239,58
40.1206,-8.27109,277,72
40.12936,-8.27365,18,2
40.15563,-8.28133,133,21
40.16438,-8.28389,86,35
40.17314,-8.28646,56,9
40.18189,-8.28902,2,0
40.19065,-8.29159,19,5
40.1994,-8.29415,81,17
40.20816,-8.29672,69,13
40.22567,-8.30186,24,8
40.23442,-8.30443,44,13
40.25193,-8.30958,74,13
40.26069,-8.31215,480,209
40.26944,-8.31472,31,13
40.27819,-8.3173,241,78
40.28695,-8.31988,328,90
40.2957,-8.32245,17,6
40.30445,-8.32503,81,19
40.3132,-8.32761,78,26
40.34821,-8.33794,5,3
40.35696,-8.34052,33,8
40.36572,-8.34311,49,18
40.37447,-8.34569,66,29
40.38322,-8.34828,26,16
40.39197,-8.35087,3,2
40.40072,-8.35346,20,8
40.43572,-8.36382,25,8
40.44447,-8.36642,21,5
40.46197,-8.37161,11,2
40.47072,-8.37421,134,51
40.47947,-8.3768,43,15
40.48822,-8.3794,59,17
40.49697,-8.382,63,29
40.50572,-8.3846,22,5
40.51446,-8.3872,142,33
40.52321,-8.38981,20,2
40.54071,-8.39502,20,1
40.5582,-8.40023,98,39
40.56695,-8.40284,99,33
40.5757,-8.40545,104,34
40.58444,-8.40806,19,7
40.59319,-8.41067,3,0
40.61068,-8.41589,49,13
40.61943,-8.4185,196,58
40.62818,-8.42112,34,7
40.63692,-8.42374,4,0
40.66316,-8.43159,51,16
40.6719,-8.43421,101,42
40.68065,-8.43683,68,19
40.68939,-8.43945,144,26
40.69814,-8.44207,127,39
40.71563,-8.44732,47,7
40.72437,-8.44995,27,16
40.73311,-8.45257,86,19
40.74186,-8.4552,176,55
40.7506,-8.45783,17,6
40.75934,-8.46046,290,95
40.76809,-8.46309,16,6
40.77683,-8.46572,7,2
40.78557,-8.46836,559,100
40.79431,-8.47099,144,31
40.80306,-8.47362,165,50
40.8118,-8.47626,436,110
40.82054,-8.4789,285,59
40.82928,-8.48153,1542,236
40.83802,-8.48417,3040,618
40.84676,-8.48681,1031,284
40.8555,-8.48945,830,207
40.86425,-8.4921,575,201
40.87299,-8.49474,1283,337
40.88173,-8.49738,826,255
40.89047,-8.50003,3037,807
40.89921,-8.50267,4158,878
40.90795,-8.50532,1182,307
40.91669,-8.50797,865,238
40.92543,-8.51062,1496,338
40.93417,-8.51327,736,165
40.9429,-8.51592,138,16
40.95164,-8.51857,700,123
40.96038,-8.52122,961,155
40.96912,-8.52388,1122,107
40.97786,-8.52653,1308,274
40.9866,-8.52919,1652,377
40.99534,-8.53184,1044,247
41.00407,-8.5345,208,53
41.01281,-8.53716,657,181
41.02155,-8.53982,1028,260
41.03029,-8.54248,735,155
41.03902,-8.54514,635,148
41.04776,-8.54781,993,192
41.0565,-8.55047,391,83
41.06523,-8.55314,685,119
41.07397,-8.5558,1608,293
41.08271,-8.55847,629,121
41.09144,-8.56114,907,224
41.10018,-8.56381,827,218
41.10891,-8.56648,1583,255
41.11765,-8.56915,2877,597
41.12638,-8.57182,457,107
41.13512,-8.57449,1064,217
41.14385,-8.57717,1218,318
41.15259,-8.57984,2647,810
41.16132,-8.58252,4754,1186
41.17006,-8.5852,7677,2069
41.17879,-8.58788,7382,1508
41.18752,-8.59056,4725,1026
41.19626,-8.59324,1599,429
41.20499,-8.59592,2055,450
41.21372,-8.5986,1539,419
41.22246,-8.60128,4098,947
41.23119,-8.60397,2337,345
41.23992,-8.60665,3475,547
41.24866,-8.60934,1432,352
41.25739,-8.61203,1189,237
41.26612,-8.61472,4679,511
41.27485,-8.61741,795,159
41.28358,-8.6201,593,118
41.29232,-8.62279,21,3
41.30105,-8.62548,45,21
41.30978,-8.62818,138,32
41.31851,-8.63087,283,68
41.32724,-8.63357,52,7
41.33597,-8.63626,303,84
41.3447,-8.63896,40,9
41.35343,-8.64166,51,7
41.36216,-8.64436,98,25
41.37089,-8.64706,115,16
41.37962,-8.64976,63,9
41.39708,-8.65517,263,65
41.40581,-8.65788,188,44
41.41454,-8.66058,134,23
41.42327,-8.66329,431,89
41.432,-8.666,545,96
41.44072,-8.66871,61,7
41.45818,-8.67413,265,43
41.46691,-8.67684,143,22
41.47564,-8.67956,215,35
41.48436,-8.68227,51,9
41.49309,-8.68499,149,38
41.50182,-8.6877,273,86
41.51055,-8.69042,553,99
41.51927,-8.69314,2,1
41.528,-8.69586,736,163
41.53673,-8.69858,149,35
41.54545,-8.7013,198,32
41.55418,-8.70402,265,60
41.5629,-8.70675,66,15
41.58035,-8.7122,42,3
41.58908,-8.71493,516,89
41.5978,-8.71766,3,0
41.60653,-8.72038,278,64
41.61525,-8.72312,277,53
41.62398,-8.72585,112,19
41.6327,-8.72858,64,12
41.64143,-8.73131,30,1
41.65015,-8.73405,419,115
41.65887,-8.73678,647,168
41.6676,-8.73952,61,10
41.67632,-8.74226,145,39
41.68504,-8.745,554,181
41.69377,-8.74774,5,2
41.70249,-8.75048,323,82
41.71121,-8.75322,459,110
41.71993,-8.75596,257,74
41.72866,-8.75871,176,53
41.77227,-8.77244,106,36
41.79843,-8.7807,7,1
41.81587,-8.78621,10,3
41.85075,-8.79723,1,0
41.85947,-8.79999,36,9
41.86819,-8.80276,90,14
41.87691,-8.80552,96,32
41.88562,-8.80828,12,4
41.89434,-8.81105,423,112
41.90306,-8.81381,270,82
37.18742,-7.4566,228,54
37.20506,-7.46113,1,0
37.21387,-7.46339,2,0
37.22269,-7.46565,15,3
37.23151,-7.46791,12,6
37.24915,-7.47244,140,47
37.25797,-7.47471,93,33
37.26679,-7.47698,2,2
37.27561,-7.47924,2,1
37.29324,-7.48378,16,0
37.30206,-7.48605,5,3
37.32851,-7.49287,4,3
37.33733,-7.49514,53,18
37.42549,-7.51792,59,33
37.4343,-7.5202,8,4
37.496,-7.5362,2,2
37.59293,-7.56143,75,21
37.60175,-7.56372,48,21
37.61056,-7.56602,6,4
37.63699,-7.57293,4,1
37.76912,-7.60755,3,3
37.77793,-7.60987,4,1
37.78674,-7.61218,4,0
37.79554,-7.6145,1,0
37.80435,-7.61682,1,0
37.92763,-7.64935,2,2
37.95404,-7.65635,3,0
37.98045,-7.66335,3,1
37.99805,-7.66802,1,1
38.05967,-7.6844,1,0
38.06847,-7.68674,2,0
38.09487,-7.69378,5,0
38.24445,-7.73379,2,0
38.34121,-7.75982,2,0
38.50828,-7.80502,4,0
38.59619,-7.82893,3,3
38.61377,-7.83373,6,0
38.67529,-7.85053,16,0
38.71044,-7.86016,2,0
38.75438,-7.87221,2,1
38.77195,-7.87703,2,1
38.81588,-7.88911,3,0
38.93885,-7.92306,2,2
39.08812,-7.96452,3,0
39.0969,-7.96696,2,0
39.10568,-7.96941,2,0
39.15835,-7.98412,16,5
39.18468,-7.99148,7,4
39.21979,-8.00132,84,21
39.23734,-8.00624,45,5
39.24612,-8.0087,2256,743
39.2549,-8.01116,1970,407
39.26367,-8.01363,122,27
39.27245,-8.01609,165,74
39.28122,-8.01856,6,1
39.43914,-8.06311,2,2
39.44791,-8.06559,159,41
39.45669,-8.06808,228,71
39.483,-8.07553,96,42
39.49177,-8.07802,2,0
39.50054,-8.08051,39,26
39.50931,-8.083,19,6
39.54439,-8.09297,12,5
39.55316,-8.09547,42,19
39.56193,-8.09796,13,4
39.57947,-8.10296,50,20
39.58824,-8.10546,8,3
39.62331,-8.11546,38,17
39.66714,-8.12799,172,20
39.67591,-8.13049,81,60
39.68468,-8.133,77,14
39.69344,-8.13551,37,0
39.71974,-8.14305,166,45
39.72851,-8.14556,100,73
39.73727,-8.14808,27,5
39.76357,-8.15562,6,5
39.77233,-8.15814,50,25
39.7811,-8.16066,17,10
39.79863,-8.1657,26,8
39.80739,-8.16823,95,36
39.81615,-8.17075,89,31
39.82492,-8.17327,31,14
39.83368,-8.1758,16,5
39.84244,-8.17832,83,33
39.85121,-8.18085,61,13
39.85997,-8.18338,2,2
39.89502,-8.1935,4,2
39.90378,-8.19603,19,10
39.91254,-8.19857,65,17
39.9213,-8.2011,47,18
39.93007,-8.20364,6,6
39.93883,-8.20617,20,7
39.94759,-8.20871,31,9
39.95635,-8.21125,44,14
39.96511,-8.21379,53,21
39.97387,-8.21633,106,30
39.98263,-8.21887,53,20
39.99139,-8.22141,104,38
40.00015,-8.22395,3,2
40.04394,-8.23668,2,2
40.09649,-8.25199,4,0
40.10525,-8.25454,1051,185
40.11401,-8.2571,1250,307
40.12277,-8.25966,414,130
40.13152,-8.26221,247,53
40.14028,-8.26477,57,4
40.14904,-8.26733,98,23
40.15779,-8.26989,210,55
40.16655,-8.27245,56,18
40.17531,-8.27502,26,8
40.18406,-8.27758,39,11
40.19282,-8.28014,121,38
40.20157,-8.28271,45,15
40.21033,-8.28528,108,34
40.21908,-8.28784,115,42
40.22784,-8.29041,40,17
40.23659,-8.29298,12,8
40.24535,-8.29555,9,4
40.2541,-8.29812,66,21
40.26286,-8.30069,4,0
40.28036,-8.30584,53,14
40.28912,-8.30841,190,54
40.29787,-8.31099,45,18
40.30662,-8.31357,74,19
40.31538,-8.31615,3,0
40.33288,-8.3213,6,1
40.35039,-8.32647,16,9
40.35914,-8.32905,34,17
40.39415,-8.33939,48,23
40.41165,-8.34457,24,8
40.4904,-8.36791,32,12
40.49915,-8.37051,114,39
40.5079,-8.37311,48,6
40.51664,-8.37571,23,4
40.52539,-8.37831,140,44
40.54289,-8.38351,56,17
40.55164,-8.38612,13,5
40.56039,-8.38872,19,3
40.56913,-8.39133,57,16
40.57788,-8.39394,162,24
40.58663,-8.39655,169,41
40.59537,-8.39916,301,87
40.62161,-8.40699,83,19
40.64785,-8.41483,3,0
40.6566,-8.41745,55,19
40.66534,-8.42007,3,1
40.67409,-8.42268,87,24
40.68283,-8.4253,2,2
40.69158,-8.42792,2,1
40.70032,-8.43055,25,9
40.71781,-8.43579,26,14
40.72656,-8.43842,79,29
40.7353,-8.44104,34,15
40.74405,-8.44367,258,63
40.75279,-8.44629,152,44
40.76153,-8.44892,403,136
40.77028,-8.45155,108,21
40.77902,-8.45418,19,6
40.78776,-8.45681,204,71
40.7965,-8.45945,407,91
40.80525,-8.46208,278,70
40.81399,-8.46471,240,68
40.82273,-8.46735,539,128
40.83147,-8.46998,772,203
40.84022,-8.47262,3562,804
40.84896,-8.47526,1708,306
40.8577,-8.4779,1552,355
40.86644,-8.48054,379,84
40.87518,-8.48318,822,207
40.88392,-8.48582,1009,201
40.89266,-8.48847,4478,803
40.9014,-8.49111,5578,1244
40.91014,-8.49376,2911,762
40.91888,-8.4964,1813,505
40.92762,-8.49905,345,44
40.93636,-8.5017,529,70
40.9451,-8.50435,53,12
40.95384,-8.507,160,28
40.96258,-8.50965,728,158
40.97132,-8.5123,488,126
40.98006,-8.51496,816,240
40.9888,-8.51761,1295,290
40.99753,-8.52027,1235,345
41.00627,-8.52292,1009,217
41.01501,-8.52558,407,71
41.02375,-8.52824,853,196
41.03249,-8.5309,603,140
41.04122,-8.53356,811,173
41.04996,-8.53622,259,66
41.0587,-8.53888,608,139
41.06744,-8.54155,863,166
41.07617,-8.54421,1250,244
41.08491,-8.54688,404,100
41.09364,-8.54954,1880,316
41.10238,-8.55221,3426,627
41.11112,-8.55488,1330,398
41.11985,-8.55755,817,189
41.12859,-8.56022,2001,319
41.13732,-8.56289,5753,1529
41.14606,-8.56556,1959,437
41.15479,-8.56824,4365,1049
41.16353,-8.57091,7198,1811
41.17226,-8.57359,1438,519
41.181,-8.57627,3611,946
41.18973,-8.57894,7523,1876
41.19847,-8.58162,3628,895
41.2072,-8.5843,2335,391
41.21593,-8.58698,1612,391
41.22467,-8.58967,1646,194
41.2334,-8.59235,1552,343
41.24213,-8.59503,1230,269
41.25087,-8.59772,1134,136
41.2596,-8.6004,1403,301
41.26833,-8.60309,1132,212
41.27706,-8.60578,818,122
41.2858,-8.60847,609,133
41.29453,-8.61116,110,34
41.30326,-8.61385,266,56
41.31199,-8.61654,716,145
41.32072,-8.61924,822,147
41.32945,-8.62193,444,115
41.33819,-8.62463,104,8
41.34692,-8.62732,122,16
41.35565,-8.63002,501,91
41.36438,-8.63272,154,42
41.37311,-8.63542,132,23
41.38184,-8.63812,82,27
41.3993,-8.64352,227,39
41.40803,-8.64623,137,27
41.41676,-8.64893,775,102
41.42549,-8.65164,156,20
41.43421,-8.65434,5,2
41.44294,-8.65705,16,2
41.45167,-8.65976,42,10
41.4604,-8.66247,98,22
41.46913,-8.66518,43,14
41.47786,-8.66789,348,88
41.48658,-8.67061,41,13
41.49531,-8.67332,236,47
41.50404,-8.67604,132,22
41.51277,-8.67875,400,77
41.52149,-8.68147,27,5
41.53022,-8.68419,552,83
41.53895,-8.68691,250,61
41.54767,-8.68963,37,8
41.5564,-8.69235,117,32
41.56513,-8.69507,8,0
41.57385,-8.6978,213,34
41.58258,-8.70052,7,1
41.5913,-8.70325,66,10
41.60003,-8.70597,412,74
41.60875,-8.7087,303,81
41.61748,-8.71143,448,91
41.6262,-8.71416,65,6
41.63493,-8.71689,51,8
41.64365,-8.71962,387,110
41.65238,-8.72236,780,242
41.6611,-8.72509,183,66
41.67855,-8.73056,155,23
41.68727,-8.7333,553,139
41.696,-8.73604,65,20
41.70472,-8.73878,181,49
41.71344,-8.74152,672,148
41.78322,-8.76348,35,9
41.79194,-8.76623,87,25
41.80066,-8.76898,118,31
41.80938,-8.77173,65,28
41.8181,-8.77448,148,39
41.82682,-8.77724,45,13
41.84426,-8.78275,20,5
41.8617,-8.78827,82,25
41.87042,-8.79103,214,54
41.87914,-8.79379,18,6
41.88786,-8.79655,203,64
41.89658,-8.79931,141,41
41.9053,-8.80208,131,27
37.18947,-7.44563,129,46
37.20711,-7.45014,1,1
37.21593,-7.4524,282,44
37.22475,-7.45467,313,9
37.23357,-7.45693,252,98
37.24239,-7.45919,2,2
37.25121,-7.46145,21,6
37.26003,-7.46372,5,3
37.26885,-7.46598,2,0
37.27766,-7.46825,34,7
37.28648,-7.47052,172,93
37.2953,-7.47279,11,5
37.31294,-7.47732,2,1
37.32175,-7.47959,1,1
37.33057,-7.48187,52,19
37.33939,-7.48414,28,8
37.36584,-7.49096,17,13
37.42755,-7.5069,94,66
37.43636,-7.50918,7,2
37.46281,-7.51603,4,2
37.51569,-7.52975,7,5
37.54213,-7.53662,24,18
37.55094,-7.53891,4,2
37.63906,-7.56188,11,4
37.64787,-7.56418,165,75
37.65668,-7.56648,2,0
37.6743,-7.57109,2,2
37.76239,-7.59417,2,1
37.78,-7.5988,4,2
37.78881,-7.60111,11,2
37.85927,-7.61966,2,0
37.90329,-7.63128,8,0
37.92971,-7.63827,6,0
37.93851,-7.64059,2,2
37.97373,-7.64992,1,1
38.44005,-7.77478,4,0
38.44884,-7.77716,3,0
38.51918,-7.79622,5,0
38.69498,-7.84414,3,0
38.94097,-7.91182,1,0
39.02,-7.93372,5,2
39.02879,-7.93616,3,0
39.18681,-7.9802,1,1
39.19559,-7.98266,4,2
39.25703,-7.99987,202,51
39.2658,-8.00233,96,22
39.27458,-8.0048,18,3
39.29213,-8.00973,5,0
39.3009,-8.01219,6,1
39.30968,-8.01466,5,0
39.31845,-8.01713,14,8
39.38864,-8.03691,19,11
39.45005,-8.05427,37,12
39.45882,-8.05675,88,28
39.4676,-8.05923,1,0
39.51145,-8.07167,5,1
39.53776,-8.07914,21,12
39.5553,-8.08413,10,5
39.56407,-8.08662,13,6
39.60791,-8.09911,18,10
39.61668,-8.10161,39,17
39.63422,-8.10661,14,5
39.67806,-8.11913,44,7
39.70436,-8.12666,27,8
39.72189,-8.13168,32,22
39.73066,-8.13419,3,1
39.76572,-8.14425,26,19
39.77448,-8.14677,32,15
39.80078,-8.15432,31,11
39.80954,-8.15684,39,15
39.8183,-8.15937,22,1
39.82707,-8.16189,21,10
39.83583,-8.16441,15,4
39.8446,-8.16694,104,47
39.85336,-8.16946,63,19
39.86212,-8.17199,71,34
39.89717,-8.1821,8,7
39.90594,-8.18463,14,7
39.9147,-8.18717,40,17
39.92346,-8.1897,4,0
39.93222,-8.19223,2,1
39.94098,-8.19477,3,2
39.94974,-8.1973,26,12
39.9585,-8.19984,2,2
39.96727,-8.20238,1,0
39.97603,-8.20492,57,25
39.98479,-8.20746,9,0
39.99355,-8.21,86,29
40.00231,-8.21254,605,205
40.01107,-8.21508,230,117
40.0899,-8.23801,3,2
40.09866,-8.24056,20,7
40.10741,-8.24311,1216,365
40.11617,-8.24567,3694,743
40.12493,-8.24822,1001,192
40.13369,-8.25078,194,38
40.14244,-8.25334,442,100
40.1512,-8.25589,85,18
40.15996,-8.25845,32,9
40.16871,-8.26101,20,6
40.17747,-8.26357,136,38
40.18623,-8.26614,52,5
40.19498,-8.2687,73,20
40.20374,-8.27126,152,38
40.21249,-8.27383,17,8
40.22125,-8.27639,126,39
40.23001,-8.27896,286,77
40.23876,-8.28153,52,13
40.24752,-8.2841,277,124
40.25627,-8.28667,277,109
40.26502,-8.28924,594,143
40.27378,-8.29181,104,27
40.28253,-8.29438,73,25
40.30879,-8.3021,36,8
40.31755,-8.30468,9,8
40.3263,-8.30726,56,19
40.33505,-8.30984,13,2
40.34381,-8.31242,18,2
40.36131,-8.31758,82,55
40.37006,-8.32016,2,0
40.39632,-8.32791,10,1
40.40507,-8.3305,50,17
40.41382,-8.33309,54,18
40.42257,-8.33567,1,0
40.44008,-8.34085,9,5
40.44883,-8.34344,37,11
40.48383,-8.35382,43,12
40.49258,-8.35641,4,1
40.51007,-8.36161,95,31
40.51882,-8.36421,48,14
40.52757,-8.36681,202,74
40.53632,-8.36941,135,35
40.54507,-8.37201,4,0
40.55382,-8.37461,40,10
40.59756,-8.38764,56,10
40.6063,-8.39025,204,49
40.61505,-8.39286,4,1
40.6238,-8.39547,101,30
40.66753,-8.40854,7,0
40.67627,-8.41116,7,1
40.68502,-8.41378,27,10
40.69377,-8.4164,8,5
40.70251,-8.41902,111,50
40.78121,-8.44264,27,10
40.78995,-8.44527,109,34
40.79869,-8.4479,102,36
40.80744,-8.45053,166,50
40.81618,-8.45316,37,8
40.82492,-8.4558,47,10
40.83367,-8.45843,197,66
40.84241,-8.46107,436,84
40.85115,-8.46371,1139,220
40.85989,-8.46634,924,201
40.86863,-8.46898,940,279
40.87737,-8.47162,1036,248
40.88612,-8.47426,1566,297
40.89486,-8.4769,1115,246
40.9036,-8.47955,425,68
40.91234,-8.48219,2033,396
40.92108,-8.48484,427,128
40.93856,-8.49013,92,25
40.9473,-8.49278,121,45
40.95604,-8.49543,119,17
40.96478,-8.49808,605,161
40.97352,-8.50073,429,101
40.98226,-8.50338,507,106
40.99099,-8.50603,495,109
40.99973,-8.50869,657,124
41.00847,-8.51134,1008,245
41.01721,-8.514,400,94
41.02595,-8.51665,350,94
41.03469,-8.51931,785,182
41.04342,-8.52197,862,273
41.05216,-8.52463,884,120
41.0609,-8.52729,260,25
41.06964,-8.52995,753,139
41.07837,-8.53262,323,78
41.08711,-8.53528,479,122
41.09585,-8.53795,590,160
41.10458,-8.54061,796,224
41.11332,-8.54328,266,61
41.12206,-8.54595,1421,222
41.13079,-8.54862,1363,256
41.13953,-8.55129,3391,759
41.14826,-8.55396,2798,521
41.157,-8.55663,1987,478
41.16573,-8.55931,4158,955
41.17447,-8.56198,6220,1388
41.1832,-8.56466,2093,536
41.19194,-8.56733,5128,1070
41.20067,-8.57001,4596,884
41.20941,-8.57269,5507,1084
41.21814,-8.57537,1007,174
41.22687,-8.57805,1919,305
41.23561,-8.58073,1555,244
41.24434,-8.58341,1713,230
41.25308,-8.5861,435,106
41.26181,-8.58878,524,38
41.27054,-8.59147,464,114
41.27927,-8.59415,94,16
41.28801,-8.59684,218,52
41.29674,-8.59953,822,223
41.30547,-8.60222,621,100
41.3142,-8.60491,545,99
41.32293,-8.6076,56,7
41.33167,-8.61029,109,5
41.3404,-8.61299,68,8
41.35786,-8.61838,27,7
41.36659,-8.62108,9,0
41.37532,-8.62377,7,3
41.39278,-8.62917,6,2
41.40151,-8.63187,160,40
41.41024,-8.63458,192,48
41.41897,-8.63728,240,52
41.4277,-8.63998,275,67
41.43643,-8.64269,288,64
41.44516,-8.6454,35,12
41.45389,-8.6481,350,74
41.46262,-8.65081,46,12
41.47135,-8.65352,316,64
41.48007,-8.65623,84,17
41.4888,-8.65894,456,72
41.49753,-8.66166,409,98
41.50626,-8.66437,494,102
41.51499,-8.66709,183,41
41.52371,-8.6698,123,29
41.53244,-8.67252,175,43
41.54117,-8.67524,337,88
41.5499,-8.67795,51,12
41.55862,-8.68067,5,2
41.56735,-8.6834,94,15
41.57607,-8.68612,189,45
41.5848,-8.68884,30,3
41.60225,-8.69429,286,58
41.61098,-8.69702,398,98
41.6197,-8.69974,207,36
41.62843,-8.70247,65,17
41.63715,-8.7052,873,254
41.64588,-8.70793,923,225
41.6546,-8.71066,391,123
41.66333,-8.7134,321,69
41.67205,-8.71613,91,25
41.68078,-8.71886,68,20
41.6895,-8.7216,259,54
41.69822,-8.72434,378,110
41.70695,-8.72708,7,0
41.71567,-8.72981,362,103
41.72439,-8.73255,7,2
41.73312,-8.7353,169,60
41.74184,-8.73804,198,44
41.75056,-8.74078,117,36
41.75928,-8.74352,33,8
41.77673,-8.74902,12,4
41.78545,-8.75176,97,39
41.80289,-8.75726,6,3
41.81161,-8.76001,36,15
41.82034,-8.76276,19,13
41.82906,-8.76552,30,14
41.83778,-8.76827,163,57
41.8465,-8.77103,81,26
41.88138,-8.78206,4,2
41.8901,-8.78482,293,73
41.89882,-8.78758,15,3
41.90754,-8.79034,703,262
37.19152,-7.43465,782,250
37.20035,-7.4369,44,8
37.21799,-7.44142,883,291
37.22681,-7.44368,102,12
37.23563,-7.44594,122,42
37.24444,-7.4482,1,0
37.27972,-7.45726,1,0
37.28854,-7.45952,69,21
37.32381,-7.4686,6,6
37.33263,-7.47087,16,11
37.35026,-7.47541,2,0
37.42961,-7.49589,6,3
37.44724,-7.50045,22,14
37.49132,-7.51186,44,26
37.50013,-7.51415,29,6
37.58826,-7.53705,22,12
37.64994,-7.55313,4,3
37.65875,-7.55543,1,1
37.68518,-7.56234,14,2
37.71161,-7.56926,2,2
37.76446,-7.58311,5,2
37.78208,-7.58773,10,2
37.79089,-7.59005,2,0
37.88776,-7.61555,5,0
37.89657,-7.61787,4,0
37.90537,-7.6202,2,1
37.93179,-7.62718,5,0
37.967,-7.63649,8,2
37.99342,-7.64349,3,0
38.07264,-7.66452,2,0
38.14305,-7.68328,5,0
38.15185,-7.68563,1,0
38.31022,-7.72805,3,0
38.38938,-7.74936,2,0
38.45094,-7.76599,5,0
38.47732,-7.77313,1,0
38.5037,-7.78028,1,0
38.61798,-7.81134,1,0
38.65314,-7.82093,3,1
38.8201,-7.86666,2,1
38.82889,-7.86908,1,0
38.83767,-7.8715,3,3
38.87281,-7.88117,4,1
38.96943,-7.90786,2,1
38.97822,-7.91029,6,4
38.987,-7.91272,3,0
39.00456,-7.91759,51,15
39.01334,-7.92003,57,18
39.02212,-7.92246,2,2
39.03091,-7.9249,18,0
39.06603,-7.93466,2,0
39.26793,-7.99104,75,24
39.30303,-8.00089,2,1
39.31181,-8.00336,4,0
39.32058,-8.00583,84,18
39.37323,-8.02065,2,0
39.44342,-8.04046,122,53
39.45219,-8.04294,6,0
39.46096,-8.04542,164,56
39.46973,-8.04791,140,74
39.54867,-8.07029,46,13
39.55744,-8.07278,128,34
39.57498,-8.07777,13,4
39.58375,-8.08027,63,36
39.61006,-8.08776,10,7
39.61883,-8.09025,16,13
39.62759,-8.09275,23,20
39.63636,-8.09525,8,4
39.64513,-8.09776,6,4
39.66267,-8.10276,26,12
39.67143,-8.10527,14,3
39.68897,-8.11028,17,10
39.7065,-8.11529,12,6
39.71527,-8.1178,1,0
39.72404,-8.12031,23,14
39.75033,-8.12785,5,1
39.76787,-8.13287,41,23
39.77663,-8.13539,8,4
39.79416,-8.14042,52,9
39.80293,-8.14294,139,52
39.81169,-8.14546,89,19
39.82045,-8.14798,125,33
39.82922,-8.1505,96,33
39.84675,-8.15555,57,14
39.85551,-8.15807,21,5
39.89933,-8.17071,20,7
39.90809,-8.17324,15,11
39.91685,-8.17577,7,0
39.93438,-8.18083,35,14
39.94314,-8.18336,7,6
39.96066,-8.18843,25,15
39.96942,-8.19097,26,11
39.97818,-8.19351,9,2
39.98694,-8.19605,20,10
39.9957,-8.19859,65,40
40.00446,-8.20113,70,23
40.01322,-8.20367,341,78
40.02198,-8.20621,11,5
40.07454,-8.22148,4,0
40.0833,-8.22403,5,1
40.09206,-8.22658,5,2
40.10958,-8.23168,54,30
40.11833,-8.23424,1048,183
40.12709,-8.23679,816,150
40.13585,-8.23934,248,35
40.14461,-8.2419,15,2
40.15336,-8.24446,204,60
40.16212,-8.24701,6,1
40.17088,-8.24957,2,0
40.17963,-8.25213,27,8
40.18839,-8.25469,104,29
40.19715,-8.25725,71,17
40.2059,-8.25982,933,245
40.21466,-8.26238,530,84
40.22342,-8.26494,43,11
40.23217,-8.26751,37,11
40.24968,-8.27264,94,22
40.25844,-8.27521,87,29
40.26719,-8.27778,572,193
40.27595,-8.28035,182,50
40.29346,-8.28549,17,1
40.30221,-8.28807,2,0
40.31096,-8.29064,30,8
40.31972,-8.29321,21,11
40.32847,-8.29579,21,10
40.33722,-8.29837,57,30
40.34598,-8.30095,47,19
40.38099,-8.31127,31,13
40.38974,-8.31385,3,3
40.39849,-8.31643,53,25
40.40724,-8.31902,12,5
40.416,-8.3216,16,8
40.42475,-8.32419,56,15
40.44225,-8.32937,13,5
40.451,-8.33196,9,5
40.4685,-8.33714,30,8
40.5035,-8.34752,13,3
40.521,-8.35271,1,1
40.52975,-8.35531,33,10
40.5385,-8.35791,26,9
40.54725,-8.36051,67,19
40.56475,-8.36571,27,4
40.57349,-8.36832,86,28
40.58224,-8.37092,1,1
40.60849,-8.37874,24,9
40.61723,-8.38135,57,10
40.62598,-8.38396,112,25
40.64347,-8.38918,14,4
40.65222,-8.39179,22,6
40.66097,-8.3944,13,8
40.66971,-8.39702,84,16
40.74842,-8.42059,2,2
40.75716,-8.42322,83,22
40.80088,-8.43635,3,0
40.80963,-8.43898,45,16
40.81837,-8.44162,31,13
40.82711,-8.44425,32,12
40.83586,-8.44688,69,21
40.8446,-8.44952,27,11
40.86208,-8.45479,185,59
40.87082,-8.45742,430,107
40.87957,-8.46006,752,184
40.88831,-8.4627,735,160
40.89705,-8.46534,69,20
40.90579,-8.46798,311,72
40.91453,-8.47063,707,140
40.92327,-8.47327,648,134
40.93201,-8.47591,624,145
40.94075,-8.47856,298,48
40.94949,-8.48121,450,94
40.95823,-8.48385,315,70
40.96697,-8.4865,450,107
40.97571,-8.48915,682,134
40.98445,-8.4918,811,183
40.99319,-8.49445,1061,218
41.00193,-8.49711,231,39
41.01067,-8.49976,213,60
41.01941,-8.50241,615,203
41.02815,-8.50507,599,150
41.03688,-8.50773,805,187
41.04562,-8.51038,757,148
41.05436,-8.51304,613,122
41.0631,-8.5157,1199,272
41.07184,-8.51836,85,13
41.08057,-8.52102,418,145
41.08931,-8.52369,274,74
41.09805,-8.52635,323,21
41.10678,-8.52902,967,257
41.11552,-8.53168,910,275
41.12426,-8.53435,808,229
41.13299,-8.53702,2120,460
41.14173,-8.53968,2468,654
41.15047,-8.54235,1179,306
41.1592,-8.54503,3228,516
41.16794,-8.5477,6477,1441
41.17667,-8.55037,7785,1374
41.18541,-8.55304,5656,1110
41.19414,-8.55572,1694,305
41.20288,-8.55839,6612,1004
41.21161,-8.56107,10161,2136
41.22035,-8.56375,1705,380
41.22908,-8.56643,1457,375
41.23782,-8.56911,186,13
41.24655,-8.57179,9,9
41.25528,-8.57447,483,74
41.26402,-8.57716,1401,250
41.27275,-8.57984,1124,241
41.28148,-8.58252,421,84
41.29022,-8.58521,188,15
41.29895,-8.5879,159,45
41.30768,-8.59059,909,203
41.31641,-8.59328,259,55
41.32515,-8.59597,167,24
41.33388,-8.59866,848,195
41.34261,-8.60135,235,53
41.35134,-8.60404,20,8
41.36007,-8.60674,131,7
41.3688,-8.60943,428,12
41.37753,-8.61213,209,11
41.395,-8.61753,250,52
41.40373,-8.62023,417,70
41.41246,-8.62293,98,28
41.42119,-8.62563,357,61
41.42992,-8.62833,296,48
41.43865,-8.63104,647,109
41.44738,-8.63374,253,66
41.4561,-8.63645,195,34
41.46483,-8.63915,129,30
41.47356,-8.64186,54,7
41.49102,-8.64728,14,3
41.49975,-8.64999,73,16
41.50848,-8.6527,361,77
41.5172,-8.65542,263,38
41.52593,-8.65813,73,12
41.53466,-8.66085,54,7
41.54339,-8.66356,91,15
41.55211,-8.66628,33,7
41.56084,-8.669,448,75
41.56957,-8.67172,1,0
41.59575,-8.67988,7,0
41.60447,-8.68261,48,9
41.6132,-8.68533,85,23
41.63065,-8.69078,212,60
41.63938,-8.69351,449,91
41.6481,-8.69624,751,183
41.65683,-8.69897,396,99
41.66555,-8.7017,151,30
41.67428,-8.70443,237,64
41.683,-8.70717,202,53
41.69173,-8.7099,35,11
41.70045,-8.71264,204,50
41.70917,-8.71537,123,38
41.7179,-8.71811,322,92
41.72662,-8.72085,89,19
41.73534,-8.72359,125,38
41.74407,-8.72633,128,27
41.75279,-8.72907,88,37
41.76151,-8.73181,22,7
41.77024,-8.73456,32,14
41.77896,-8.7373,6,1
41.78768,-8.74005,79,33
41.7964,-8.74279,57,28
41.80512,-8.74554,42,25
41.81385,-8.74829,28,6
41.82257,-8.75104,7,0
41.84873,-8.7593,4,3
41.88361,-8.77032,2,1
41.89233,-8.77308,15,4
41.90977,-8.7786,14,4
37.18476,-7.42141,131,50
37.19358,-7.42367,6588,1484
37.2024,-7.42592,98,9
37.30823,-7.45306,25,10
37.33469,-7.45986,1,1
37.4493,-7.48943,1,0
37.59914,-7.52831,1,1
37.60795,-7.5306,26,22
37.62557,-7.53519,2,2
37.74892,-7.56743,2,2
37.77534,-7.57435,3,1
37.79296,-7.57898,4,0
37.80177,-7.58129,3,0
37.88103,-7.60214,4,0
37.89864,-7.60679,2,2
37.91625,-7.61144,2,1
37.94267,-7.61841,9,1
37.96028,-7.62307,8,1
38.15393,-7.6745,2,2
38.23313,-7.69567,2,0
38.28592,-7.70981,6,2
38.30351,-7.71454,3,1
38.31231,-7.7169,13,0
38.40906,-7.74295,6,0
38.42665,-7.74769,4,0
38.44424,-7.75244,1,0
38.45303,-7.75482,227,78
38.46183,-7.7572,126,43
38.47062,-7.75958,4,0
38.497,-7.76672,4,0
38.53217,-7.77625,3,2
38.63767,-7.80493,2,1
38.70798,-7.82413,6,0
38.81343,-7.85302,2,2
38.831,-7.85785,5,0
38.83979,-7.86027,14,3
38.97155,-7.89661,2,2
39.01546,-7.90877,198,53
39.02424,-7.9112,8,2
39.03302,-7.91364,5,0
39.07693,-7.92583,4,0
39.27883,-7.9822,37,6
39.28761,-7.98466,58,22
39.29639,-7.98713,2,1
39.32271,-7.99452,102,40
39.33149,-7.99699,194,60
39.34026,-7.99946,14,4
39.43678,-8.02666,4,2
39.44555,-8.02914,7,4
39.45432,-8.03162,221,96
39.46309,-8.0341,82,24
39.47187,-8.03658,21,6
39.48064,-8.03906,8,5
39.49818,-8.04403,6,4
39.50695,-8.04651,17,8
39.57712,-8.06643,21,12
39.58589,-8.06892,2,2
39.6122,-8.07641,4,2
39.62097,-8.0789,40,16
39.62974,-8.0814,2,1
39.65604,-8.0889,9,6
39.66481,-8.0914,31,13
39.67358,-8.09391,20,8
39.69988,-8.10142,25,11
39.70865,-8.10393,7,3
39.73495,-8.11145,5,4
39.75248,-8.11647,26,9
39.76125,-8.11898,22,8
39.77001,-8.1215,88,42
39.77878,-8.12401,46,13
39.79631,-8.12904,3,3
39.80507,-8.13156,195,58
39.81384,-8.13408,30,2
39.8226,-8.1366,129,34
39.83137,-8.13912,209,55
39.84013,-8.14164,44,9
39.8489,-8.14416,63,18
39.85766,-8.14668,99,46
39.86642,-8.1492,59,11
39.87519,-8.15173,4,0
39.89271,-8.15678,4,1
39.90148,-8.15931,26,9
39.91024,-8.16184,7,1
39.92777,-8.1669,38,13
39.93653,-8.16943,82,30
39.94529,-8.17196,4,2
39.97158,-8.17956,18,5
39.98034,-8.1821,4,0
39.9891,-8.18463,3,2
39.99786,-8.18717,108,53
40.00662,-8.18971,11,4
40.01538,-8.19225,37,20
40.02414,-8.19479,234,103
40.0329,-8.19733,3,3
40.0767,-8.21006,2,0
40.11174,-8.22025,2,2
40.12049,-8.2228,202,50
40.12925,-8.22535,137,12
40.15553,-8.23302,30,9
40.17304,-8.23813,8,1
40.1818,-8.24069,188,34
40.19055,-8.24325,33,10
40.19931,-8.24581,603,104
40.20807,-8.24837,110,23
40.21682,-8.25093,418,126
40.22558,-8.25349,33,9
40.23434,-8.25606,92,20
40.24309,-8.25862,149,49
40.25185,-8.26119,73,26
40.2606,-8.26375,8,7
40.26936,-8.26632,118,36
40.27811,-8.26889,134,48
40.28687,-8.27146,3,0
40.29562,-8.27403,71,17
40.30438,-8.2766,45,15
40.31313,-8.27917,45,16
40.33064,-8.28432,3,2
40.33939,-8.2869,41,21
40.34815,-8.28947,65,30
40.3569,-8.29205,20,7
40.36565,-8.29463,8,3
40.37441,-8.29721,60,24
40.38316,-8.29979,19,7
40.39191,-8.30237,61,25
40.40942,-8.30754,24,18
40.41817,-8.31012,23,8
40.42692,-8.31271,35,16
40.44442,-8.31788,4,1
40.47068,-8.32565,9,4
40.53193,-8.34381,5,3
40.55817,-8.3516,67,20
40.56692,-8.3542,20,2
40.57567,-8.35681,19,8
40.58442,-8.35941,110,21
40.59317,-8.36201,65,21
40.61066,-8.36722,51,17
40.61941,-8.36983,83,31
40.62816,-8.37244,130,40
40.63691,-8.37505,18,9
40.64565,-8.37766,7,3
40.6544,-8.38027,44,19
40.67189,-8.38549,18,2
40.74186,-8.40643,16,5
40.75061,-8.40905,63,18
40.77684,-8.41693,25,6
40.78558,-8.41955,30,11
40.79433,-8.42218,44,8
40.81181,-8.42744,29,7
40.82056,-8.43007,232,63
40.8293,-8.4327,307,85
40.83804,-8.43533,298,56
40.84679,-8.43796,216,51
40.85553,-8.4406,232,67
40.86427,-8.44323,117,26
40.87301,-8.44587,1016,221
40.88176,-8.4485,384,83
40.8905,-8.45114,1338,271
40.89924,-8.45378,142,37
40.90798,-8.45642,669,186
40.91672,-8.45906,232,65
40.92546,-8.4617,197,55
40.93421,-8.46435,376,84
40.94295,-8.46699,351,104
40.95169,-8.46963,128,44
40.96043,-8.47228,228,49
40.96917,-8.47493,343,106
40.97791,-8.47758,403,108
40.98665,-8.48022,954,190
40.99539,-8.48287,727,132
41.00413,-8.48553,615,146
41.01287,-8.48818,377,78
41.0216,-8.49083,188,29
41.03034,-8.49348,32,7
41.03908,-8.49614,40,12
41.04782,-8.4988,131,24
41.05656,-8.50145,482,118
41.0653,-8.50411,820,292
41.07404,-8.50677,33,7
41.08277,-8.50943,676,197
41.09151,-8.51209,364,112
41.10025,-8.51475,532,34
41.10898,-8.51742,1270,313
41.11772,-8.52008,859,203
41.12646,-8.52275,1734,452
41.1352,-8.52541,1568,411
41.14393,-8.52808,5685,1080
41.15267,-8.53075,3081,658
41.1614,-8.53342,3369,775
41.17014,-8.53609,1407,326
41.17888,-8.53876,4832,683
41.18761,-8.54143,3498,818
41.19635,-8.5441,1778,397
41.20508,-8.54678,3791,863
41.21382,-8.54945,8894,1898
41.22255,-8.55213,7599,2012
41.23129,-8.55481,1673,416
41.24002,-8.55749,176,45
41.24875,-8.56017,261,61
41.25749,-8.56285,90,18
41.26622,-8.56553,265,71
41.27496,-8.56821,455,95
41.28369,-8.5709,346,97
41.29242,-8.57358,244,67
41.30116,-8.57627,39,8
41.30989,-8.57895,157,35
41.31862,-8.58164,435,108
41.32735,-8.58433,414,96
41.33609,-8.58702,260,67
41.34482,-8.58971,101,28
41.35355,-8.5924,87,28
41.36228,-8.5951,858,173
41.37101,-8.59779,587,90
41.37975,-8.60048,693,116
41.38848,-8.60318,98,8
41.39721,-8.60588,74,17
41.40594,-8.60858,115,27
41.41467,-8.61128,249,79
41.4234,-8.61398,162,35
41.43213,-8.61668,569,133
41.44086,-8.61938,151,25
41.44959,-8.62208,24,6
41.45832,-8.62479,125,34
41.46705,-8.62749,129,35
41.47578,-8.6302,305,70
41.48451,-8.63291,273,39
41.49324,-8.63562,412,87
41.50196,-8.63832,320,85
41.51069,-8.64104,412,108
41.51942,-8.64375,151,42
41.52815,-8.64646,1184,260
41.53688,-8.64917,19,6
41.54561,-8.65189,14,3
41.55433,-8.6546,14,3
41.56306,-8.65732,463,68
41.57179,-8.66004,12,4
41.61542,-8.67365,6,2
41.63287,-8.67909,84,17
41.6416,-8.68182,110,41
41.65032,-8.68455,637,151
41.65905,-8.68728,74,13
41.66778,-8.69001,163,48
41.6765,-8.69274,98,41
41.68523,-8.69547,105,27
41.69395,-8.6982,358,78
41.70267,-8.70094,461,137
41.7114,-8.70367,68,26
41.72012,-8.70641,26,9
41.72885,-8.70914,316,113
41.73757,-8.71188,41,5
41.74629,-8.71462,69,16
41.75502,-8.71736,4,0
41.76374,-8.7201,83,35
41.77246,-8.72284,85,42
41.78119,-8.72559,24,12
41.78991,-8.72833,164,72
41.79863,-8.73108,7,3
41.85096,-8.74757,40,20
41.88584,-8.75859,1,1
41.89456,-8.76135,61,25
41.912,-8.76686,135,35
37.38965,-7.46248,7,4
37.45136,-7.47841,6,2
37.46018,-7.48069,1,0
37.46899,-7.48297,2,0
37.61883,-7.52185,5,0
37.62764,-7.52415,156,41
37.64526,-7.52874,10,5
37.65407,-7.53104,17,11
37.74218,-7.55406,3,1
37.75099,-7.55636,5,1
37.7598,-7.55867,2,1
37.79503,-7.56791,3,2
37.80384,-7.57022,3,0
37.81265,-7.57253,2,0
37.84788,-7.58179,2,1
37.91833,-7.60035,3,2
37.92714,-7.60267,6,1
37.93594,-7.605,1091,203
37.94475,-7.60732,533,140
37.95355,-7.60965,19,4
37.96236,-7.61197,8,1
37.97116,-7.6143,11,4
37.97997,-7.61663,3,0
38.11201,-7.65166,79,25
38.12081,-7.654,375,102
38.22642,-7.68218,374,103
38.2968,-7.70103,154,12
38.3056,-7.70339,1679,467
38.3144,-7.70575,529,200
38.33199,-7.71048,2,0
38.45513,-7.74365,140,42
38.46392,-7.74603,267,67
38.49031,-7.75316,3,1
38.4991,-7.75554,4,0
38.55186,-7.76984,26,10
38.56944,-7.77461,55,14
38.57823,-7.777,644,171
38.73645,-7.82013,35,11
38.74524,-7.82253,110,32
38.78039,-7.83216,1,0
38.80675,-7.83939,1,0
38.81554,-7.8418,4,3
38.82432,-7.84421,32,11
38.83311,-7.84662,455,187
38.8419,-7.84904,3,0
39.02636,-7.89995,8,2
39.04392,-7.90482,2,1
39.0527,-7.90725,3,0
39.06149,-7.90969,1,0
39.07027,-7.91213,3,0
39.28096,-7.9709,5,2
39.28974,-7.97337,13,7
39.33362,-7.98568,231,81
39.44768,-8.01781,11,3
39.45646,-8.02029,27,14
39.46523,-8.02277,16,5
39.48277,-8.02773,99,42
39.50909,-8.03518,18,13
39.5354,-8.04263,49,24
39.54417,-8.04512,107,34
39.57926,-8.05508,15,4
39.58803,-8.05757,179,89
39.63188,-8.07005,8,0
39.67572,-8.08254,36,14
39.68449,-8.08505,32,18
39.70202,-8.09005,9,5
39.73709,-8.10008,8,6
39.77216,-8.11012,31,9
39.78092,-8.11263,27,10
39.78969,-8.11515,36,15
39.79845,-8.11766,16,2
39.80722,-8.12018,41,12
39.81599,-8.12269,14,0
39.82475,-8.12521,87,12
39.83352,-8.12773,119,33
39.84228,-8.13025,68,24
39.85104,-8.13277,33,16
39.85981,-8.13529,119,25
39.86857,-8.13781,154,37
39.87734,-8.14034,86,32
39.90363,-8.14791,8,2
39.91239,-8.15044,520,108
39.92115,-8.15296,91,11
39.92992,-8.15549,19,2
39.93868,-8.15802,2,1
39.94744,-8.16055,2,2
39.9562,-8.16309,25,13
39.96497,-8.16562,45,32
39.98249,-8.17069,24,6
39.99125,-8.17322,17,6
40.00001,-8.17576,5,1
40.00877,-8.1783,5,0
40.0263,-8.18337,46,21
40.03506,-8.18591,95,47
40.04382,-8.18845,15,10
40.05258,-8.191,25,8
40.06134,-8.19354,24,10
40.07886,-8.19863,3,1
40.09638,-8.20372,2,0
40.12265,-8.21137,123,44
40.13141,-8.21392,20,1
40.14017,-8.21647,21,10
40.14893,-8.21902,31,11
40.15769,-8.22158,197,45
40.16644,-8.22413,3,3
40.18396,-8.22924,46,15
40.19272,-8.2318,19,6
40.20147,-8.23436,250,34
40.21023,-8.23692,148,61
40.21899,-8.23948,63,15
40.22774,-8.24204,2,1
40.2365,-8.2446,4,2
40.24526,-8.24717,17,11
40.26277,-8.2523,29,11
40.27152,-8.25486,30,9
40.29779,-8.26257,38,24
40.30654,-8.26514,162,47
40.3153,-8.26771,43,21
40.32405,-8.27028,13,10
40.34156,-8.27543,50,23
40.35031,-8.278,13,3
40.38533,-8.28831,21,7
40.39408,-8.29089,45,25
40.40283,-8.29347,67,21
40.41159,-8.29606,24,7
40.42034,-8.29864,62,37
40.42909,-8.30122,43,13
40.43784,-8.30381,36,17
40.45535,-8.30898,27,15
40.4641,-8.31157,9,5
40.47285,-8.31416,15,9
40.4816,-8.31675,5,1
40.60409,-8.3531,1,1
40.62159,-8.35831,10,5
40.64783,-8.36614,3,0
40.66533,-8.37136,6,1
40.71781,-8.38704,30,8
40.72655,-8.38966,295,111
40.7353,-8.39228,2,2
40.74404,-8.3949,53,20
40.75279,-8.39752,54,19
40.76153,-8.40014,28,7
40.77028,-8.40276,45,14
40.814,-8.41589,77,13
40.82274,-8.41852,146,40
40.83149,-8.42114,145,29
40.84023,-8.42377,28,15
40.84898,-8.42641,33,6
40.85772,-8.42904,79,21
40.86646,-8.43167,222,45
40.8752,-8.43431,289,82
40.88395,-8.43694,61,11
40.89269,-8.43958,73,19
40.90143,-8.44222,106,6
40.91017,-8.44485,335,83
40.91891,-8.44749,410,93
40.92766,-8.45013,253,53
40.9364,-8.45278,211,52
40.94514,-8.45542,581,131
40.95388,-8.45806,57,7
40.96262,-8.46071,3,0
40.97136,-8.46335,132,29
40.9801,-8.466,227,42
40.98884,-8.46865,448,80
40.99758,-8.47129,600,91
41.00632,-8.47394,555,89
41.01506,-8.47659,144,22
41.0238,-8.47925,210,54
41.03254,-8.4819,135,18
41.04128,-8.48455,281,65
41.05002,-8.48721,92,21
41.05876,-8.48986,262,67
41.06749,-8.49252,189,44
41.07623,-8.49518,267,69
41.08497,-8.49784,540,79
41.09371,-8.50049,531,147
41.10245,-8.50316,117,29
41.11118,-8.50582,1121,180
41.11992,-8.50848,1006,199
41.12866,-8.51114,259,70
41.1374,-8.51381,878,175
41.14613,-8.51647,2221,515
41.15487,-8.51914,3439,653
41.16361,-8.52181,5703,1100
41.17234,-8.52448,3331,381
41.18108,-8.52715,3343,816
41.18981,-8.52982,3381,602
41.19855,-8.53249,112,29
41.20728,-8.53516,2567,521
41.21602,-8.53784,2710,538
41.22475,-8.54051,2190,518
41.23349,-8.54319,1135,230
41.24222,-8.54587,1099,211
41.25096,-8.54854,790,150
41.25969,-8.55122,607,81
41.26843,-8.5539,192,46
41.27716,-8.55658,2343,261
41.2859,-8.55927,1463,307
41.29463,-8.56195,246,58
41.3121,-8.56732,120,16
41.32083,-8.57001,852,196
41.32956,-8.57269,762,147
41.33829,-8.57538,933,255
41.34703,-8.57807,43,5
41.36449,-8.58345,237,7
41.37322,-8.58615,5,1
41.38196,-8.58884,409,77
41.39069,-8.59153,95,6
41.40815,-8.59693,571,11
41.41688,-8.59962,545,64
41.42561,-8.60232,273,45
41.43434,-8.60502,220,54
41.44307,-8.60772,279,51
41.4518,-8.61042,327,55
41.46053,-8.61313,169,46
41.46926,-8.61583,262,46
41.47799,-8.61854,82,15
41.48672,-8.62124,134,19
41.49545,-8.62395,601,111
41.50418,-8.62666,548,103
41.51291,-8.62937,770,166
41.52164,-8.63208,549,110
41.53037,-8.63479,1447,285
41.53909,-8.6375,528,114
41.54782,-8.64021,448,90
41.55655,-8.64293,405,70
41.56528,-8.64564,335,39
41.57401,-8.64836,363,64
41.58273,-8.65108,155,30
41.59146,-8.6538,13,4
41.60891,-8.65924,88,15
41.61764,-8.66196,287,48
41.62637,-8.66468,54,5
41.63509,-8.66741,388,95
41.64382,-8.67013,212,51
41.65255,-8.67286,89,31
41.69617,-8.6865,23,8
41.7049,-8.68923,219,75
41.71362,-8.69197,124,23
41.73107,-8.69744,188,58
41.73979,-8.70017,103,45
41.74852,-8.70291,10,3
41.75724,-8.70565,195,62
41.76597,-8.70839,77,23
41.8968,-8.74961,21,7
41.90552,-8.75237,30,7
41.91424,-8.75513,186,43
41.92296,-8.75788,176,61
37.38289,-7.4492,5,5
37.39171,-7.45147,21,14
37.7002,-7.53148,3,3
37.74425,-7.54299,7,1
37.78829,-7.55453,3,0
37.92921,-7.59158,13,1
37.93802,-7.5939,1428,342
37.94682,-7.59623,1596,471
37.95563,-7.59855,7,1
37.96443,-7.60088,9,1
38.04367,-7.62185,6,1
38.07008,-7.62885,1,0
38.11409,-7.64054,91,21
38.1229,-7.64288,201,52
38.1669,-7.6546,152,61
38.1757,-7.65695,27,12
38.30769,-7.69224,6,0
38.37807,-7.71115,3,0
38.38686,-7.71351,30,6
38.39566,-7.71588,1045,300
38.40445,-7.71825,6,4
38.41325,-7.72062,4,0
38.42204,-7.72299,2,1
38.48361,-7.73961,1,1
38.4924,-7.74199,4,0
38.54516,-7.75627,14,2
38.55395,-7.75865,26,6
38.58033,-7.76581,33,8
38.72977,-7.80651,6,2
38.73855,-7.80891,4,0
38.74734,-7.81132,26,13
38.81764,-7.83057,1,0
38.82643,-7.83298,165,64
38.83522,-7.8354,505,208
38.87915,-7.84747,7,0
38.95821,-7.86926,32,14
39.01969,-7.88626,2,0
39.02848,-7.88869,11,2
39.03726,-7.89112,6,0
39.04604,-7.89355,72,6
39.05482,-7.89599,894,281
39.0636,-7.89842,3,1
39.07238,-7.90086,2,0
39.20409,-7.93751,5,2
39.26553,-7.95469,50,16
39.33574,-7.97437,57,23
39.44104,-8.00401,58,22
39.44981,-8.00649,19,6
39.45859,-8.00896,344,112
39.46736,-8.01144,2,0
39.48491,-8.0164,384,198
39.51122,-8.02384,11,3
39.53754,-8.03129,1,1
39.54631,-8.03378,123,59
39.59016,-8.04622,2,0
39.6077,-8.05121,44,12
39.61647,-8.0537,148,66
39.62524,-8.0562,4,3
39.63401,-8.05869,31,16
39.65155,-8.06368,2,1
39.66032,-8.06618,99,40
39.66909,-8.06868,11,10
39.67786,-8.07118,10,2
39.68663,-8.07368,2,2
39.6954,-8.07618,64,19
39.7743,-8.09874,15,11
39.78307,-8.10125,29,2
39.79183,-8.10377,167,33
39.8006,-8.10628,465,118
39.80937,-8.10879,130,22
39.81813,-8.11131,34,5
39.8269,-8.11382,126,33
39.83566,-8.11634,20,5
39.84443,-8.11886,60,13
39.85319,-8.12138,50,12
39.86196,-8.1239,60,24
39.87072,-8.12642,73,9
39.87949,-8.12894,18,8
39.88825,-8.13146,31,11
39.89701,-8.13399,40,23
39.90578,-8.13651,93,32
39.91454,-8.13904,113,49
39.9233,-8.14156,325,139
39.93207,-8.14409,84,34
39.94083,-8.14662,64,17
39.94959,-8.14915,66,10
39.95836,-8.15168,14,6
39.96712,-8.15421,14,2
39.97588,-8.15674,16,7
39.98464,-8.15927,131,46
40.06349,-8.18212,42,27
40.09853,-8.19229,5,1
40.13357,-8.20248,33,6
40.14233,-8.20503,124,37
40.15109,-8.20758,84,26
40.15984,-8.21014,402,73
40.1686,-8.21269,88,24
40.17736,-8.21524,13,3
40.18612,-8.2178,19,6
40.19488,-8.22036,78,23
40.20363,-8.22291,60,17
40.21239,-8.22547,206,53
40.22115,-8.22803,142,43
40.2299,-8.23059,87,16
40.25617,-8.23828,35,18
40.26493,-8.24084,3,1
40.28244,-8.24597,136,41
40.2912,-8.24854,179,75
40.30871,-8.25367,36,16
40.32622,-8.25881,78,28
40.33497,-8.26138,2,1
40.34373,-8.26396,110,47
40.35248,-8.26653,110,32
40.36123,-8.26911,144,94
40.3875,-8.27683,5,3
40.41376,-8.28457,86,34
40.42251,-8.28715,28,13
40.43126,-8.28974,13,8
40.44001,-8.29232,19,7
40.45752,-8.29749,71,20
40.46627,-8.30008,40,25
40.47502,-8.30266,20,12
40.53628,-8.3208,13,5
40.54503,-8.3234,46,20
40.55378,-8.32599,17,4
40.56253,-8.32859,25,7
40.58002,-8.33379,8,5
40.58877,-8.33639,19,5
40.61502,-8.34419,6,3
40.62377,-8.3468,11,3
40.63252,-8.3494,11,2
40.64126,-8.35201,30,9
40.65001,-8.35462,3,2
40.66751,-8.35983,72,19
40.7025,-8.37028,177,37
40.71124,-8.37289,494,167
40.71999,-8.37551,270,63
40.72873,-8.37812,585,177
40.73748,-8.38074,263,39
40.74623,-8.38336,238,55
40.75497,-8.38598,290,98
40.76372,-8.3886,259,81
40.77246,-8.39122,48,26
40.78121,-8.39384,46,13
40.7987,-8.39909,216,42
40.81619,-8.40434,87,18
40.82493,-8.40696,140,39
40.83367,-8.40959,363,90
40.84242,-8.41222,738,206
40.85116,-8.41485,404,119
40.85991,-8.41748,165,13
40.86865,-8.42011,77,27
40.87739,-8.42275,282,93
40.88613,-8.42538,228,43
40.89488,-8.42802,198,35
40.90362,-8.43065,181,22
40.91236,-8.43329,1410,223
40.9211,-8.43593,911,225
40.92985,-8.43857,130,35
40.93859,-8.44121,396,104
40.94733,-8.44385,241,35
40.95607,-8.44649,176,37
40.96481,-8.44913,233,49
40.97355,-8.45178,457,79
40.98229,-8.45442,326,63
40.99103,-8.45707,169,35
40.99977,-8.45971,406,100
41.00851,-8.46236,1205,204
41.01725,-8.46501,239,30
41.02599,-8.46766,94,24
41.03473,-8.47031,3,1
41.04347,-8.47296,111,20
41.05221,-8.47562,45,11
41.06095,-8.47827,495,134
41.06969,-8.48093,487,148
41.07843,-8.48358,45,9
41.08717,-8.48624,526,155
41.0959,-8.4889,259,65
41.10464,-8.49156,9,1
41.11338,-8.49422,426,114
41.12212,-8.49688,176,44
41.13086,-8.49954,420,100
41.13959,-8.5022,1475,298
41.14833,-8.50487,2478,612
41.15707,-8.50753,2093,503
41.1658,-8.5102,3601,658
41.17454,-8.51287,130,20
41.18328,-8.51554,241,49
41.19201,-8.51821,3491,482
41.20075,-8.52088,677,26
41.20949,-8.52355,398,32
41.21822,-8.52622,508,113
41.22696,-8.52889,2431,521
41.23569,-8.53157,3392,644
41.24443,-8.53424,2003,268
41.25316,-8.53692,360,65
41.2619,-8.5396,431,90
41.27063,-8.54228,407,101
41.27937,-8.54496,578,163
41.2881,-8.54764,500,109
41.29683,-8.55032,115,24
41.30557,-8.553,49,15
41.3143,-8.55568,3,3
41.32303,-8.55837,519,115
41.33177,-8.56106,2826,577
41.3405,-8.56374,4656,696
41.34923,-8.56643,1093,104
41.35797,-8.56912,1446,329
41.3667,-8.57181,916,110
41.38416,-8.57719,58,5
41.3929,-8.57989,35,3
41.41909,-8.58797,1009,159
41.42782,-8.59067,86,18
41.43655,-8.59337,229,43
41.44528,-8.59607,283,45
41.45401,-8.59877,308,65
41.46274,-8.60147,97,31
41.47147,-8.60417,156,25
41.4802,-8.60687,268,83
41.48893,-8.60958,468,74
41.49766,-8.61228,160,39
41.50639,-8.61499,541,104
41.51512,-8.6177,647,157
41.52385,-8.62041,1083,219
41.53258,-8.62312,3770,978
41.54131,-8.62583,666,150
41.55004,-8.62854,415,74
41.55877,-8.63125,353,75
41.56749,-8.63397,372,93
41.57622,-8.63668,497,111
41.58495,-8.6394,1087,188
41.59368,-8.64211,163,32
41.60241,-8.64483,2,0
41.61113,-8.64755,343,78
41.61986,-8.65027,186,38
41.62859,-8.65299,262,76
41.63731,-8.65571,205,49
41.64604,-8.65844,241,56
41.65477,-8.66116,361,85
41.67222,-8.66661,25,0
41.68094,-8.66934,85,31
41.68967,-8.67207,2,2
41.69839,-8.6748,87,31
41.70712,-8.67753,368,101
41.71584,-8.68026,245,52
41.73329,-8.68573,296,80
41.74202,-8.68846,293,86
41.75074,-8.6912,13,1
41.76819,-8.69668,1,1
41.85542,-8.72412,16,10
41.89903,-8.73787,90,40
41.90775,-8.74063,86,26
41.91647,-8.74339,154,42
41.92519,-8.74614,183,62
37.62296,-7.49977,3,2
37.66702,-7.51124,1,1
37.68464,-7.51583,2,1
37.70226,-7.52043,5,0
37.75513,-7.53424,1,1
37.76394,-7.53654,59,36
37.77275,-7.53885,5,2
37.78155,-7.54115,3,3
37.79917,-7.54577,2,2
37.8256,-7.5527,3,0
37.84322,-7.55732,1,0
37.85202,-7.55963,2,1
37.86083,-7.56195,2,0
37.91367,-7.57585,3,1
37.92248,-7.57817,7,1
37.93129,-7.58049,39,7
37.94009,-7.58281,26,5
37.9489,-7.58513,3,0
37.9577,-7.58746,1,0
38.01053,-7.60142,6,0
38.03695,-7.60841,769,275
38.18659,-7.64817,1,0
38.32737,-7.68581,3,1
38.38895,-7.70236,10,0
38.39775,-7.70472,32,0
38.54726,-7.74509,1,0
38.55605,-7.74747,2,0
38.58243,-7.75462,2,0
38.59122,-7.75701,2,1
38.60001,-7.75939,1,0
38.63518,-7.76895,5,1
38.67913,-7.78091,4,0
38.68792,-7.78331,12,2
38.69671,-7.7857,127,37
38.7055,-7.7881,40,6
38.81975,-7.81935,5,0
38.82854,-7.82176,3,2
38.83732,-7.82417,6,0
38.84611,-7.82658,3,0
38.95154,-7.85559,3,0
38.96032,-7.85801,16,7
38.96911,-7.86043,1,1
38.97789,-7.86286,2,1
39.01302,-7.87257,2,0
39.02181,-7.875,5,4
39.04815,-7.88229,246,73
39.05694,-7.88473,350,115
39.06572,-7.88716,6,1
39.09206,-7.89447,2,1
39.16231,-7.91399,3,1
39.21499,-7.92868,2,0
39.26765,-7.94339,40,15
39.44317,-7.99269,4,0
39.47826,-8.00259,13,3
39.48704,-8.00507,1,1
39.50458,-8.01003,2,1
39.5309,-8.01747,13,8
39.53967,-8.01995,48,16
39.54844,-8.02244,3,0
39.55722,-8.02492,2,0
39.57476,-8.0299,51,23
39.63615,-8.04734,78,38
39.65369,-8.05233,18,11
39.66246,-8.05482,4,4
39.69753,-8.06482,9,4
39.71507,-8.06982,46,23
39.72384,-8.07233,54,42
39.74138,-8.07734,11,4
39.75891,-8.08235,31,18
39.77644,-8.08737,12,2
39.78521,-8.08987,39,15
39.79398,-8.09239,362,38
39.80274,-8.0949,1509,302
39.81151,-8.09741,586,194
39.82028,-8.09992,29,6
39.82904,-8.10244,68,23
39.83781,-8.10495,34,9
39.84657,-8.10747,55,12
39.85534,-8.10999,100,35
39.8641,-8.11251,6,4
39.87287,-8.11503,70,17
39.88163,-8.11755,17,5
39.8904,-8.12007,27,5
39.89916,-8.12259,51,11
39.90792,-8.12511,91,24
39.91669,-8.12764,10,3
39.92545,-8.13016,19,2
39.93422,-8.13269,3,1
39.94298,-8.13521,3,1
39.95174,-8.13774,99,25
39.96051,-8.14027,15,3
39.96927,-8.1428,2,1
39.97803,-8.14533,32,12
40.00432,-8.15293,7,1
40.01308,-8.15546,3,2
40.02184,-8.158,2,0
40.0306,-8.16053,5,1
40.13573,-8.19105,93,24
40.14448,-8.1936,39,9
40.15324,-8.19614,66,27
40.162,-8.1987,268,77
40.17076,-8.20125,31,14
40.18828,-8.20635,12,2
40.19704,-8.20891,45,14
40.21455,-8.21402,57,21
40.22331,-8.21658,2,1
40.23207,-8.21914,203,33
40.24082,-8.2217,4,0
40.25834,-8.22682,15,11
40.26709,-8.22938,18,6
40.27585,-8.23194,23,8
40.29336,-8.23707,40,13
40.31087,-8.24221,75,25
40.34589,-8.25249,4,0
40.35465,-8.25506,55,17
40.3634,-8.25763,27,13
40.37215,-8.26021,63,28
40.38091,-8.26278,42,16
40.38966,-8.26536,61,21
40.39842,-8.26793,39,16
40.40717,-8.27051,17,2
40.41592,-8.27309,44,18
40.42468,-8.27567,17,9
40.43343,-8.27825,23,8
40.44218,-8.28083,26,9
40.45093,-8.28342,34,9
40.45969,-8.286,7,3
40.47719,-8.29117,31,9
40.5297,-8.30671,47,33
40.53845,-8.3093,89,44
40.5472,-8.31189,27,8
40.5647,-8.31708,5,3
40.57345,-8.31968,26,10
40.59095,-8.32488,12,5
40.5997,-8.32747,3,1
40.62594,-8.33528,67,29
40.64344,-8.34049,19,7
40.65219,-8.34309,17,11
40.68718,-8.35352,8,0
40.69593,-8.35614,136,42
40.70468,-8.35875,269,82
40.71342,-8.36136,452,139
40.72217,-8.36397,249,39
40.73092,-8.36659,917,183
40.73966,-8.3692,507,142
40.74841,-8.37182,49,11
40.75715,-8.37444,145,53
40.7659,-8.37706,140,41
40.77465,-8.37967,18,3
40.78339,-8.38229,266,82
40.79214,-8.38492,114,30
40.80088,-8.38754,55,17
40.80963,-8.39016,13,2
40.81837,-8.39279,487,136
40.82711,-8.39541,771,249
40.83586,-8.39804,1024,287
40.8446,-8.40067,1612,365
40.85335,-8.40329,481,135
40.86209,-8.40592,574,142
40.87083,-8.40855,362,99
40.87958,-8.41119,389,99
40.88832,-8.41382,867,141
40.89706,-8.41645,890,168
40.90581,-8.41909,392,81
40.91455,-8.42172,982,284
40.92329,-8.42436,559,103
40.93203,-8.427,84,14
40.94078,-8.42963,121,29
40.94952,-8.43227,70,24
40.95826,-8.43491,262,77
40.967,-8.43756,395,91
40.97574,-8.4402,368,109
40.98448,-8.44284,241,52
40.99322,-8.44549,97,32
41.00196,-8.44813,166,29
41.01071,-8.45078,386,60
41.01945,-8.45343,425,104
41.02819,-8.45607,172,40
41.03693,-8.45872,152,30
41.04567,-8.46137,318,51
41.0544,-8.46403,394,83
41.06314,-8.46668,823,184
41.07188,-8.46933,389,103
41.08062,-8.47199,218,75
41.08936,-8.47464,118,24
41.10684,-8.47996,169,50
41.11558,-8.48262,874,207
41.13305,-8.48794,264,57
41.14179,-8.4906,950,218
41.15053,-8.49326,55,16
41.17674,-8.50126,55,10
41.18548,-8.50392,2184,425
41.19421,-8.50659,4356,951
41.20295,-8.50926,4199,357
41.21169,-8.51193,3791,227
41.22042,-8.5146,65,14
41.22916,-8.51727,525,116
41.23789,-8.51995,1699,443
41.24663,-8.52262,1249,316
41.25536,-8.5253,110,25
41.27283,-8.53065,177,36
41.28157,-8.53333,35,12
41.2903,-8.53601,138,21
41.29904,-8.53869,321,70
41.30777,-8.54137,16,1
41.31651,-8.54405,113,23
41.32524,-8.54673,532,102
41.33397,-8.54942,2450,562
41.34271,-8.5521,2423,437
41.35144,-8.55479,2218,387
41.36017,-8.55748,1881,289
41.36891,-8.56017,426,66
41.37764,-8.56285,11,0
41.38637,-8.56555,281,66
41.3951,-8.56824,311,42
41.40384,-8.57093,5,0
41.41257,-8.57362,278,46
41.4213,-8.57632,359,90
41.43003,-8.57901,136,27
41.43876,-8.58171,113,27
41.44749,-8.58441,234,56
41.45622,-8.58711,31,14
41.46495,-8.58981,176,25
41.47369,-8.59251,339,64
41.48242,-8.59521,31,8
41.49115,-8.59791,228,35
41.49988,-8.60062,112,22
41.50861,-8.60332,13,2
41.51734,-8.60603,93,15
41.52606,-8.60874,502,109
41.53479,-8.61144,5150,1081
41.54352,-8.61415,7407,1028
41.55225,-8.61686,1530,147
41.56098,-8.61957,338,62
41.56971,-8.62229,480,97
41.57844,-8.625,345,61
41.58717,-8.62771,290,48
41.59589,-8.63043,277,57
41.60462,-8.63315,245,36
41.61335,-8.63586,339,83
41.62208,-8.63858,174,41
41.6308,-8.6413,18,7
41.63953,-8.64402,375,96
41.64826,-8.64675,62,12
41.65698,-8.64947,21,3
41.68316,-8.65764,2,1
41.69189,-8.66037,111,28
41.70061,-8.6631,199,68
41.70934,-8.66583,193,40
41.71807,-8.66856,308,80
41.72679,-8.67129,98,13
41.73552,-8.67402,524,196
41.74424,-8.67675,238,75
41.75297,-8.67949,89,12
41.76169,-8.68222,80,31
41.77041,-8.68496,13,3
41.8402,-8.70689,52,27
41.84892,-8.70964,12,9
41.85765,-8.71239,14,7
41.89253,-8.72338,3,2
41.90125,-8.72614,8,5
41.90998,-8.72889,182,56
41.92742,-8.7344,444,74
41.93614,-8.73716,635,244
37.65146,-7.4956,51,39
37.66908,-7.50018,175,87
37.67789,-7.50248,182,74
37.6867,-7.50477,10,1
37.70433,-7.50937,7,0
37.73957,-7.51857,1,1
37.74838,-7.52087,1,1
37.75719,-7.52317,1,1
37.766,-7.52547,2,1
37.77481,-7.52778,6,2
37.79243,-7.53239,4,2
37.80124,-7.5347,6,0
37.83648,-7.54393,2,2
37.85409,-7.54856,2,0
37.88052,-7.5555,2,2
37.88932,-7.55781,228,73
37.89813,-7.56013,1,1
37.92455,-7.56708,2,0
37.93336,-7.5694,1,0
37.95097,-7.57404,10,2
37.95978,-7.57636,4,2
37.96858,-7.57869,1,1
38.03902,-7.5973,139,43
38.37345,-7.68647,4,0
38.43502,-7.70303,6,0
38.6109,-7.75059,3,0
38.62848,-7.75536,3,0
38.67244,-7.76731,21,1
38.68123,-7.76971,2,1
38.69002,-7.7721,54,11
38.69881,-7.7745,179,61
38.7076,-7.77689,520,226
38.71639,-7.77929,4,2
38.81307,-7.80571,3,0
38.82186,-7.80812,2,1
38.95365,-7.84434,6,1
39.05027,-7.87103,1,1
39.09418,-7.8832,4,0
39.18199,-7.9076,5,1
39.24344,-7.92474,160,28
39.25222,-7.92719,386,144
39.34877,-7.95422,12,7
39.35755,-7.95668,299,89
39.48917,-7.99373,2,1
39.50671,-7.99869,19,12
39.52426,-8.00365,36,14
39.53303,-8.00613,9,1
39.55058,-8.0111,25,1
39.55935,-8.01358,21,4
39.56812,-8.01607,23,2
39.57689,-8.01855,2,0
39.58566,-8.02104,48,13
39.6032,-8.02602,4,2
39.64706,-8.03847,18,11
39.6909,-8.05095,4,4
39.70844,-8.05595,3,2
39.71721,-8.05845,2,0
39.72598,-8.06096,16,6
39.75228,-8.06847,6,4
39.76105,-8.07097,68,47
39.76982,-8.07348,20,10
39.77859,-8.07599,13,4
39.78735,-8.07849,30,6
39.79612,-8.081,141,44
39.80489,-8.08351,214,31
39.81365,-8.08603,21,5
39.82242,-8.08854,34,5
39.83118,-8.09105,8,1
39.83995,-8.09356,21,10
39.84872,-8.09608,73,25
39.85748,-8.0986,7,2
39.86625,-8.10111,2,1
39.87501,-8.10363,32,11
39.88378,-8.10615,27,14
39.89254,-8.10867,2,1
39.90131,-8.11119,27,4
39.91007,-8.11371,14,9
39.91884,-8.11623,30,16
39.9276,-8.11876,3,1
39.96265,-8.12886,9,7
39.97142,-8.13139,21,7
39.98018,-8.13392,1,1
39.99771,-8.13898,29,11
40.00647,-8.14151,19,14
40.01523,-8.14405,27,8
40.02399,-8.14658,2,0
40.04152,-8.15165,12,6
40.12912,-8.17706,33,15
40.13788,-8.17961,21,6
40.14664,-8.18216,20,5
40.1554,-8.1847,7,6
40.16416,-8.18725,45,17
40.17292,-8.1898,42,16
40.18168,-8.19236,20,7
40.19043,-8.19491,9,3
40.19919,-8.19746,224,48
40.20795,-8.20002,14,0
40.21671,-8.20257,53,25
40.23422,-8.20768,2,2
40.24298,-8.21024,37,15
40.25174,-8.2128,76,17
40.2605,-8.21536,19,10
40.26925,-8.21792,56,17
40.28677,-8.22305,1,1
40.29552,-8.22561,82,35
40.30428,-8.22818,78,32
40.31303,-8.23074,31,12
40.32179,-8.23331,138,34
40.34805,-8.24101,24,13
40.35681,-8.24358,28,10
40.36556,-8.24616,37,12
40.37432,-8.24873,7,1
40.38307,-8.2513,99,23
40.39183,-8.25388,312,90
40.40058,-8.25645,273,107
40.40934,-8.25903,109,27
40.41809,-8.26161,128,48
40.42684,-8.26418,74,21
40.4356,-8.26676,62,26
40.44435,-8.26934,107,28
40.47061,-8.27709,22,12
40.52312,-8.29261,9,2
40.56687,-8.30557,5,5
40.58437,-8.31077,1,1
40.61062,-8.31856,8,5
40.61937,-8.32116,23,7
40.62812,-8.32376,2,2
40.64562,-8.32897,56,17
40.65437,-8.33157,10,1
40.66311,-8.33417,189,47
40.67186,-8.33678,14,2
40.68061,-8.33939,34,9
40.68936,-8.342,98,27
40.69811,-8.3446,132,32
40.70685,-8.34721,71,15
40.7156,-8.34983,24,5
40.73309,-8.35505,7,2
40.74184,-8.35766,115,46
40.75059,-8.36028,181,52
40.75933,-8.3629,105,26
40.76808,-8.36551,2,0
40.77683,-8.36813,16,5
40.78557,-8.37075,73,26
40.80306,-8.37599,30,10
40.81181,-8.37861,4,0
40.82055,-8.38124,191,48
40.8293,-8.38386,246,79
40.83804,-8.38648,788,248
40.84679,-8.38911,2026,442
40.85553,-8.39174,1318,323
40.86427,-8.39437,81,19
40.87302,-8.39699,133,42
40.89051,-8.40226,126,40
40.89925,-8.40489,121,32
40.90799,-8.40752,15,1
40.91674,-8.41015,189,56
40.92548,-8.41279,131,23
40.93422,-8.41543,152,31
40.94296,-8.41806,415,106
40.95171,-8.4207,384,100
40.96045,-8.42334,202,39
40.96919,-8.42598,232,55
40.97793,-8.42862,34,6
40.98667,-8.43126,25,12
40.99541,-8.43391,262,100
41.00415,-8.43655,65,21
41.0129,-8.43919,113,14
41.02164,-8.44184,266,52
41.03038,-8.44449,38,14
41.03912,-8.44714,385,97
41.04786,-8.44979,95,23
41.0566,-8.45244,24,9
41.06534,-8.45509,66,11
41.07408,-8.45774,340,95
41.09155,-8.46305,37,4
41.10029,-8.4657,186,35
41.10903,-8.46836,416,73
41.11777,-8.47101,98,14
41.16146,-8.48432,19,8
41.17894,-8.48964,204,21
41.18767,-8.49231,3368,696
41.19641,-8.49498,3839,641
41.20515,-8.49764,1055,232
41.21388,-8.50031,62,0
41.24009,-8.50832,101,23
41.24883,-8.511,550,131
41.25756,-8.51367,482,28
41.27504,-8.51902,165,37
41.28377,-8.5217,19,1
41.30124,-8.52705,166,26
41.32744,-8.5351,82,22
41.33618,-8.53778,1450,341
41.34491,-8.54046,644,134
41.35364,-8.54315,810,172
41.36238,-8.54583,797,116
41.37111,-8.54852,107,24
41.37984,-8.55121,209,16
41.38858,-8.5539,235,50
41.39731,-8.55659,60,13
41.40604,-8.55928,160,21
41.41477,-8.56197,700,155
41.42351,-8.56466,536,133
41.43224,-8.56736,312,61
41.44097,-8.57005,430,119
41.4497,-8.57275,97,28
41.45843,-8.57545,273,30
41.46716,-8.57815,396,80
41.47589,-8.58084,126,51
41.48463,-8.58354,222,40
41.49336,-8.58625,98,26
41.50209,-8.58895,165,22
41.51082,-8.59165,343,48
41.51955,-8.59436,691,117
41.52828,-8.59706,440,72
41.53701,-8.59977,1022,293
41.54574,-8.60248,1263,278
41.55446,-8.60519,618,128
41.56319,-8.6079,587,56
41.57192,-8.61061,740,145
41.58065,-8.61332,466,103
41.58938,-8.61603,375,81
41.59811,-8.61875,275,51
41.60684,-8.62146,2,2
41.61556,-8.62418,121,23
41.62429,-8.62689,199,43
41.63302,-8.62961,37,8
41.64175,-8.63233,330,54
41.65047,-8.63505,184,49
41.6592,-8.63777,64,23
41.66793,-8.6405,17,4
41.67665,-8.64322,40,9
41.68538,-8.64594,37,7
41.69411,-8.64867,75,24
41.70283,-8.6514,45,5
41.71156,-8.65412,26,13
41.72029,-8.65685,67,6
41.72901,-8.65958,221,62
41.73774,-8.66231,131,40
41.74646,-8.66504,326,104
41.75519,-8.66778,91,26
41.76391,-8.67051,22,8
41.79881,-8.68146,3,0
41.80753,-8.6842,1,1
41.82498,-8.68968,10,7
41.8337,-8.69242,7,5
41.85115,-8.69791,4,2
41.86859,-8.7034,28,5
41.87732,-8.70615,26,6
41.88604,-8.7089,114,33
41.89476,-8.71165,14,4
41.92965,-8.72266,33,10
41.93837,-8.72541,2,1
41.95581,-8.73093,504,160
37.67114,-7.48913,78,50
37.67996,-7.49143,6,2
37.76807,-7.51441,19,9
37.85616,-7.53748,4,1
37.94424,-7.56063,3,2
37.95304,-7.56295,2,1
37.97066,-7.56759,4,0
37.98827,-7.57224,2,0
38.00588,-7.57688,1,0
38.0411,-7.58619,1,0
38.0499,-7.58852,2,0
38.10273,-7.60252,23,3
38.26115,-7.64468,4,0
38.4723,-7.70134,1,1
38.63058,-7.74416,20,6
38.63937,-7.74655,4,2
38.66575,-7.75372,10,1
38.67454,-7.75611,6,0
38.69212,-7.76089,29,3
38.70091,-7.76329,5,4
38.78881,-7.78727,11,6
38.85911,-7.80653,2,0
38.96454,-7.83551,8,0
38.99968,-7.8452,16,9
39.02603,-7.85248,1,1
39.05238,-7.85977,1,0
39.09629,-7.87193,3,0
39.10508,-7.87436,457,186
39.11386,-7.8768,165,42
39.24556,-7.91344,50,21
39.25434,-7.91589,1,0
39.2719,-7.9208,3,0
39.36845,-7.94783,8,6
39.4913,-7.9824,54,40
39.50007,-7.98488,54,37
39.52639,-7.99231,18,11
39.53516,-7.99479,7,2
39.54393,-7.99727,4,0
39.55271,-7.99975,855,268
39.56148,-8.00224,325,65
39.57025,-8.00472,168,47
39.57902,-8.00721,11,4
39.5878,-8.00969,88,32
39.63165,-8.02213,14,3
39.64919,-8.02711,2,2
39.65796,-8.02961,17,4
39.6755,-8.0346,16,11
39.68427,-8.03709,7,3
39.69304,-8.03959,68,28
39.71058,-8.04458,3,0
39.71935,-8.04708,25,15
39.72812,-8.04958,4,2
39.73689,-8.05209,2,2
39.74565,-8.05459,2,0
39.75442,-8.05709,25,16
39.76319,-8.0596,11,10
39.78073,-8.06461,45,15
39.78949,-8.06711,27,0
39.79826,-8.06962,50,7
39.80703,-8.07213,23,6
39.81579,-8.07464,13,8
39.82456,-8.07715,48,11
39.83333,-8.07966,85,22
39.85086,-8.08469,3,1
39.85962,-8.0872,20,5
39.86839,-8.08972,16,9
39.88592,-8.09475,2,2
39.89469,-8.09727,4,2
39.90345,-8.09979,17,7
39.91222,-8.10231,54,17
39.92098,-8.10483,20,13
39.92975,-8.10735,7,3
39.97356,-8.11998,39,21
39.98233,-8.12251,8,4
39.99109,-8.12504,4,4
39.99985,-8.12756,10,7
40.13128,-8.16563,9,2
40.14003,-8.16817,14,9
40.16631,-8.17581,41,13
40.17507,-8.17836,25,5
40.18383,-8.18091,5,2
40.20135,-8.18601,14,2
40.21887,-8.19112,13,8
40.22762,-8.19367,4,0
40.23638,-8.19623,15,1
40.24514,-8.19879,21,3
40.2539,-8.20134,57,23
40.26265,-8.2039,87,32
40.27141,-8.20646,25,14
40.28017,-8.20902,1,1
40.28893,-8.21158,2,2
40.29768,-8.21415,154,56
40.30644,-8.21671,23,6
40.31519,-8.21927,1,1
40.32395,-8.22184,141,44
40.34146,-8.22697,5,2
40.35897,-8.23211,14,7
40.37648,-8.23725,47,23
40.38524,-8.23982,334,116
40.39399,-8.2424,161,52
40.40275,-8.24497,190,93
40.4115,-8.24755,71,27
40.44651,-8.25786,40,14
40.45527,-8.26044,5,4
40.46402,-8.26302,26,11
40.52529,-8.28111,4,3
40.59529,-8.30185,3,0
40.60404,-8.30445,5,3
40.62154,-8.30964,4,1
40.63904,-8.31484,9,3
40.65654,-8.32005,67,19
40.66529,-8.32265,238,81
40.67404,-8.32525,185,45
40.68279,-8.32786,6,2
40.69153,-8.33047,197,40
40.70028,-8.33307,3,1
40.70903,-8.33568,174,37
40.71778,-8.33829,136,27
40.72652,-8.3409,86,44
40.73527,-8.34351,9,1
40.74402,-8.34613,108,31
40.75277,-8.34874,188,59
40.76151,-8.35135,54,21
40.77901,-8.35659,2,2
40.78775,-8.3592,12,6
40.80524,-8.36444,57,16
40.81399,-8.36706,58,16
40.82273,-8.36968,192,63
40.83148,-8.37231,2,2
40.84022,-8.37493,102,36
40.84897,-8.37755,796,196
40.85771,-8.38018,725,156
40.86646,-8.38281,416,127
40.88395,-8.38806,20,4
40.89269,-8.39069,213,60
40.90143,-8.39332,48,13
40.91018,-8.39595,245,49
40.91892,-8.39859,83,21
40.92766,-8.40122,169,31
40.93641,-8.40385,336,77
40.94515,-8.40649,209,14
40.95389,-8.40913,180,44
40.96263,-8.41176,114,33
40.97138,-8.4144,13,1
40.98012,-8.41704,63,19
40.9976,-8.42232,37,11
41.00634,-8.42497,8,0
41.01508,-8.42761,41,7
41.02383,-8.43025,95,13
41.03257,-8.4329,5,1
41.04131,-8.43555,9,2
41.05005,-8.43819,169,32
41.05879,-8.44084,245,60
41.06753,-8.44349,427,108
41.07627,-8.44614,72,18
41.10249,-8.4541,111,20
41.11123,-8.45676,120,31
41.1287,-8.46207,1,0
41.15492,-8.47005,79,10
41.16366,-8.47271,5,3
41.17239,-8.47537,220,49
41.18113,-8.47803,2382,328
41.18987,-8.4807,599,120
41.19861,-8.48336,7,0
41.24229,-8.4967,1,1
41.25103,-8.49937,134,25
41.25976,-8.50204,646,139
41.2685,-8.50472,206,25
41.27723,-8.50739,4,0
41.32964,-8.52346,8,0
41.33838,-8.52614,478,59
41.34711,-8.52882,763,209
41.35585,-8.5315,1409,290
41.36458,-8.53419,132,4
41.37331,-8.53687,429,70
41.38205,-8.53956,884,121
41.39078,-8.54225,1018,189
41.39951,-8.54494,642,122
41.40825,-8.54763,178,50
41.41698,-8.55032,204,45
41.42571,-8.55301,319,35
41.43444,-8.5557,136,28
41.44318,-8.5584,307,74
41.45191,-8.56109,605,158
41.46064,-8.56379,502,53
41.46937,-8.56648,105,24
41.4781,-8.56918,477,73
41.48683,-8.57188,410,61
41.49556,-8.57458,293,62
41.5043,-8.57728,298,51
41.51303,-8.57998,918,151
41.52176,-8.58269,657,128
41.53049,-8.58539,479,66
41.53922,-8.5881,464,113
41.54795,-8.5908,887,158
41.55668,-8.59351,700,133
41.56541,-8.59622,643,111
41.57413,-8.59893,371,72
41.58286,-8.60164,138,25
41.59159,-8.60435,506,86
41.60032,-8.60706,365,72
41.61778,-8.61249,5,2
41.63523,-8.61792,191,55
41.64396,-8.62064,150,28
41.65269,-8.62336,222,63
41.66142,-8.62608,127,26
41.67014,-8.6288,195,41
41.67887,-8.63152,134,23
41.6876,-8.63424,54,12
41.71378,-8.64242,37,9
41.7225,-8.64515,199,47
41.73123,-8.64787,398,96
41.73996,-8.6506,149,48
41.74868,-8.65333,432,96
41.75741,-8.65606,95,22
41.76613,-8.6588,174,55
41.80975,-8.67248,37,21
41.87082,-8.69167,78,21
41.87954,-8.69442,90,30
41.88826,-8.69716,62,34
41.89699,-8.69991,83,23
41.91443,-8.70541,2,2
41.93187,-8.71092,4,0
41.94932,-8.71642,61,14
41.95804,-8.71918,154,39
41.96676,-8.72194,168,40
37.69083,-7.48266,1,0
37.69964,-7.48496,129,38
37.70845,-7.48725,1,0
37.75251,-7.49874,2,2
37.76132,-7.50104,6,3
37.77013,-7.50334,3,0
37.8318,-7.51947,2,1
37.84061,-7.52178,3,1
37.84942,-7.52409,1,0
37.85823,-7.5264,6,0
37.90227,-7.53795,11,1
37.98153,-7.55881,3,0
37.99034,-7.56114,2,1
38.01676,-7.56811,3,0
38.1048,-7.5914,7,3
38.11361,-7.59373,6,3
38.12241,-7.59607,2,0
38.28964,-7.64059,1,0
38.36882,-7.66179,5,0
38.63268,-7.73296,15,4
38.64147,-7.73535,123,43
38.65026,-7.73774,14,6
38.65905,-7.74013,5,1
38.66784,-7.74251,60,17
38.75575,-7.76645,3,0
38.77333,-7.77125,1,1
38.94908,-7.81942,53,13
39.10719,-7.86309,46,18
39.11597,-7.86552,13,7
39.13353,-7.8704,1,1
39.37935,-7.93898,101,53
39.42323,-7.9513,31,10
39.432,-7.95377,49,21
39.47588,-7.96612,17,7
39.48465,-7.96859,1,1
39.54606,-7.98593,7,5
39.55484,-7.98841,224,65
39.56361,-7.99089,38,12
39.57238,-7.99337,14,0
39.5987,-8.00083,20,7
39.60747,-8.00331,49,24
39.62501,-8.00829,20,10
39.63378,-8.01078,23,14
39.65133,-8.01576,7,0
39.6601,-8.01825,7,1
39.66887,-8.02074,7,6
39.67764,-8.02323,1,1
39.68641,-8.02573,13,2
39.69518,-8.02822,49,17
39.70395,-8.03072,21,16
39.71272,-8.03322,24,19
39.75656,-8.04572,1,1
39.76533,-8.04822,12,5
39.78286,-8.05323,107,40
39.79163,-8.05573,44,12
39.8004,-8.05824,30,11
39.81793,-8.06325,65,23
39.8267,-8.06576,14,5
39.83547,-8.06827,9,0
39.84423,-8.07079,2,2
39.853,-8.0733,30,9
39.86177,-8.07581,2,0
39.87053,-8.07832,21,13
39.8793,-8.08084,31,13
39.90559,-8.08839,1,1
39.91436,-8.09091,1,0
39.93189,-8.09595,11,3
39.94942,-8.10099,21,7
39.98447,-8.11109,57,24
39.99324,-8.11362,56,42
40.002,-8.11615,35,8
40.01076,-8.11868,2,2
40.02829,-8.12374,17,8
40.03705,-8.12627,12,4
40.10715,-8.14656,3,0
40.12467,-8.15165,2,2
40.13343,-8.15419,22,7
40.14219,-8.15673,14,8
40.17723,-8.16692,44,12
40.18599,-8.16946,19,7
40.19475,-8.17201,1,1
40.2035,-8.17456,35,9
40.21226,-8.17712,19,6
40.22978,-8.18222,19,7
40.2473,-8.18733,39,20
40.25605,-8.18989,47,20
40.27357,-8.195,1,1
40.28233,-8.19756,66,25
40.29108,-8.20012,17,6
40.29984,-8.20268,73,28
40.3086,-8.20524,23,9
40.33487,-8.21293,2,2
40.34362,-8.2155,51,31
40.3874,-8.22834,85,43
40.39615,-8.23092,1033,215
40.40491,-8.23349,289,85
40.41366,-8.23606,20,2
40.46619,-8.25152,79,26
40.53621,-8.2722,2,0
40.54496,-8.27478,40,21
40.57996,-8.28515,15,10
40.62372,-8.29812,18,6
40.64121,-8.30332,8,2
40.64996,-8.30592,3,2
40.65871,-8.30852,9,0
40.66746,-8.31112,9,4
40.68496,-8.31633,6,1
40.70246,-8.32154,17,6
40.7112,-8.32415,8,2
40.71995,-8.32676,15,4
40.7287,-8.32937,119,44
40.73745,-8.33198,32,14
40.7462,-8.33459,44,20
40.75494,-8.3372,190,55
40.76369,-8.33981,256,99
40.77244,-8.34243,31,7
40.78118,-8.34504,13,2
40.78993,-8.34766,118,46
40.80742,-8.35289,8,1
40.82491,-8.35813,204,71
40.83366,-8.36075,184,50
40.8424,-8.36337,263,86
40.85115,-8.366,413,152
40.85989,-8.36862,429,144
40.86864,-8.37125,215,61
40.87738,-8.37387,29,14
40.88613,-8.3765,25,6
40.89487,-8.37913,76,12
40.90362,-8.38176,47,7
40.91236,-8.38439,76,13
40.9211,-8.38702,85,23
40.92985,-8.38965,47,5
40.94733,-8.39492,146,39
40.96482,-8.40019,129,36
40.97356,-8.40282,55,11
40.99979,-8.41074,42,19
41.02601,-8.41867,118,34
41.03475,-8.42131,405,150
41.0435,-8.42396,135,39
41.05224,-8.4266,124,24
41.06098,-8.42925,492,92
41.06972,-8.4319,46,18
41.09594,-8.43985,32,3
41.10468,-8.4425,14,4
41.12216,-8.44781,128,20
41.1309,-8.45046,442,97
41.14837,-8.45578,117,17
41.15711,-8.45844,11,1
41.16585,-8.4611,108,35
41.17459,-8.46376,2860,496
41.18333,-8.46642,1724,318
41.19206,-8.46908,1519,280
41.2008,-8.47174,671,107
41.20954,-8.47441,608,87
41.21828,-8.47707,172,35
41.25322,-8.48775,383,107
41.26196,-8.49042,640,165
41.2707,-8.49309,93,12
41.27943,-8.49576,336,9
41.34058,-8.5145,162,46
41.34931,-8.51718,472,114
41.35805,-8.51986,456,50
41.36678,-8.52254,2,2
41.37552,-8.52523,415,74
41.38425,-8.52791,409,116
41.39298,-8.5306,1177,275
41.40172,-8.53329,4375,687
41.41045,-8.53597,1220,379
41.41918,-8.53866,1288,256
41.42792,-8.54135,377,97
41.43665,-8.54404,508,109
41.44538,-8.54674,130,46
41.45411,-8.54943,690,126
41.46285,-8.55212,419,98
41.47158,-8.55482,203,43
41.48031,-8.55752,346,87
41.48904,-8.56021,508,82
41.49777,-8.56291,487,79
41.5065,-8.56561,324,66
41.51523,-8.56831,275,54
41.52396,-8.57101,168,37
41.5327,-8.57372,218,55
41.54143,-8.57642,228,43
41.55016,-8.57912,852,144
41.55889,-8.58183,1042,187
41.56762,-8.58454,280,38
41.57635,-8.58724,155,19
41.58508,-8.58995,629,104
41.5938,-8.59266,164,60
41.60253,-8.59537,453,103
41.61126,-8.59809,14,4
41.62872,-8.60351,182,32
41.63745,-8.60623,82,24
41.64618,-8.60895,73,8
41.6549,-8.61166,102,17
41.66363,-8.61438,74,20
41.67236,-8.6171,204,38
41.68109,-8.61982,180,40
41.68981,-8.62254,194,46
41.69854,-8.62526,43,19
41.70727,-8.62799,198,32
41.71599,-8.63071,61,15
41.72472,-8.63344,85,18
41.73345,-8.63617,400,96
41.7509,-8.64162,22,3
41.75962,-8.64435,35,14
41.76835,-8.64708,81,24
41.77708,-8.64981,31,10
41.7858,-8.65255,118,44
41.79453,-8.65528,63,17
41.80325,-8.65802,16,4
41.81197,-8.66075,1,1
41.8207,-8.66349,5,4
41.82942,-8.66623,2,2
41.85559,-8.67445,2,2
41.86432,-8.67719,8,1
41.87304,-8.67994,21,13
41.88176,-8.68268,28,11
41.89049,-8.68543,10,6
41.89921,-8.68817,23,6
41.90793,-8.69092,9,5
41.91666,-8.69367,13,4
41.92538,-8.69642,15,2
41.9341,-8.69917,40,22
41.94282,-8.70192,14,6
41.95154,-8.70468,40,9
41.96026,-8.70743,205,35
41.96899,-8.71019,342,76
37.69289,-7.47161,5,0
37.7017,-7.4739,108,33
37.71051,-7.4762,1,1
37.72814,-7.48078,4,1
37.7722,-7.49227,5,2
37.80744,-7.50148,163,63
37.81625,-7.50378,2,1
37.83387,-7.50839,6,0
37.85149,-7.51301,4,0
37.8603,-7.51531,4,0
37.92196,-7.53149,6,2
38.1597,-7.59429,2,1
38.57322,-7.7051,2,0
38.62598,-7.71938,2,0
38.63477,-7.72177,4,0
38.64356,-7.72415,311,102
38.65236,-7.72654,2,2
38.66115,-7.72892,4,0
38.66994,-7.73131,23,5
38.83695,-7.77684,3,0
38.84574,-7.77924,5,2
38.91604,-7.79852,4,2
38.9424,-7.80576,69,25
38.95118,-7.80818,771,302
39.0039,-7.82269,4,0
39.06538,-7.83967,1,1
39.17077,-7.86887,162,82
39.17955,-7.87131,2,1
39.23224,-7.88596,3,2
39.26735,-7.89575,2,0
39.31125,-7.90801,118,42
39.38147,-7.92766,22,9
39.46923,-7.95232,1,1
39.478,-7.95479,48,23
39.49555,-7.95973,238,113
39.50432,-7.96221,5,5
39.5131,-7.96468,10,8
39.6096,-7.99196,7,6
39.64469,-8.00191,3,3
39.65346,-8.0044,6,4
39.66223,-8.00689,3,3
39.68854,-8.01436,18,13
39.69731,-8.01686,184,69
39.70608,-8.01935,6,2
39.72362,-8.02434,9,5
39.76746,-8.03684,2,2
39.77623,-8.03934,11,8
39.785,-8.04185,46,17
39.79377,-8.04435,21,8
39.80254,-8.04685,11,1
39.8113,-8.04936,57,17
39.82007,-8.05187,27,4
39.83761,-8.05688,41,7
39.84637,-8.05939,21,10
39.85514,-8.06191,30,10
39.87267,-8.06693,12,5
39.88144,-8.06944,4,1
39.90774,-8.07699,8,1
39.9165,-8.07951,24,4
39.93403,-8.08454,1,0
39.95156,-8.08959,26,19
39.98662,-8.09968,58,24
39.99538,-8.10221,61,20
40.00415,-8.10473,9,4
40.09177,-8.13005,1,0
40.1093,-8.13513,16,8
40.13558,-8.14275,42,17
40.14434,-8.14529,169,59
40.16186,-8.15038,18,10
40.17062,-8.15292,83,17
40.17938,-8.15547,206,89
40.18814,-8.15802,100,23
40.1969,-8.16057,15,6
40.20566,-8.16311,7,2
40.21442,-8.16566,60,23
40.22318,-8.16822,8,2
40.23193,-8.17077,33,8
40.24945,-8.17587,12,0
40.25821,-8.17843,38,9
40.27573,-8.18354,64,17
40.28448,-8.1861,1,1
40.302,-8.19122,91,25
40.31076,-8.19378,19,4
40.31951,-8.19634,78,29
40.33703,-8.20146,25,7
40.35454,-8.20659,9,0
40.39832,-8.21943,248,80
40.40707,-8.22201,302,111
40.41583,-8.22458,253,94
40.42458,-8.22715,269,107
40.43333,-8.22973,252,94
40.44209,-8.2323,167,43
40.50336,-8.25035,19,7
40.52962,-8.2581,3,2
40.54713,-8.26328,27,12
40.58213,-8.27363,3,3
40.59088,-8.27623,3,1
40.63464,-8.2892,14,7
40.65214,-8.2944,18,6
40.66088,-8.297,13,3
40.66963,-8.2996,110,26
40.68713,-8.3048,7,4
40.70463,-8.31001,22,5
40.71338,-8.31261,5,0
40.72213,-8.31522,92,34
40.73088,-8.31783,70,16
40.73962,-8.32044,40,12
40.74837,-8.32305,21,10
40.75712,-8.32566,143,52
40.76587,-8.32827,125,54
40.77461,-8.33088,13,2
40.78336,-8.3335,21,5
40.79211,-8.33611,90,22
40.80085,-8.33873,166,65
40.8096,-8.34134,93,27
40.82709,-8.34658,126,30
40.83584,-8.3492,184,66
40.84458,-8.35182,169,52
40.85333,-8.35444,295,96
40.86207,-8.35706,77,11
40.87082,-8.35969,31,10
40.87956,-8.36231,65,19
40.88831,-8.36494,199,54
40.89705,-8.36756,143,25
40.92329,-8.37545,151,25
40.93203,-8.37808,82,10
40.94077,-8.38071,6,0
40.94952,-8.38334,34,7
40.95826,-8.38598,52,12
40.967,-8.38861,85,14
40.97575,-8.39125,22,3
40.98449,-8.39388,43,12
41.01946,-8.40444,5,1
41.0282,-8.40708,17,6
41.03694,-8.40972,144,38
41.04568,-8.41237,95,31
41.05442,-8.41501,120,29
41.06317,-8.41766,51,9
41.07191,-8.4203,272,65
41.08065,-8.42295,557,123
41.08939,-8.4256,63,11
41.09813,-8.42825,190,36
41.10687,-8.4309,183,30
41.11561,-8.43355,102,16
41.12435,-8.43621,11,5
41.14183,-8.44151,12,0
41.15057,-8.44417,514,97
41.1593,-8.44683,170,30
41.17678,-8.45214,281,67
41.18552,-8.4548,894,112
41.19426,-8.45746,399,73
41.203,-8.46013,610,144
41.21173,-8.46279,1515,336
41.22047,-8.46545,646,142
41.25542,-8.47612,491,116
41.26416,-8.47879,458,118
41.28163,-8.48413,98,17
41.29037,-8.4868,56,13
41.2991,-8.48948,140,38
41.30784,-8.49215,91,21
41.31657,-8.49482,24,4
41.32531,-8.4975,405,99
41.33404,-8.50018,712,208
41.34278,-8.50286,220,41
41.35151,-8.50554,173,28
41.36025,-8.50822,819,135
41.36898,-8.5109,277,54
41.37772,-8.51358,688,138
41.38645,-8.51626,877,156
41.39519,-8.51895,1965,323
41.40392,-8.52163,6316,1133
41.41265,-8.52432,4781,914
41.42139,-8.52701,944,177
41.43012,-8.5297,287,74
41.43885,-8.53239,662,133
41.44759,-8.53508,567,128
41.45632,-8.53777,510,111
41.46505,-8.54046,807,164
41.47378,-8.54316,1081,180
41.48251,-8.54585,280,58
41.49125,-8.54855,292,53
41.49998,-8.55124,432,89
41.50871,-8.55394,208,27
41.51744,-8.55664,349,66
41.52617,-8.55934,466,97
41.5349,-8.56204,471,102
41.54363,-8.56474,201,35
41.55236,-8.56745,732,163
41.56109,-8.57015,1356,237
41.56982,-8.57286,390,88
41.57855,-8.57556,360,80
41.58728,-8.57827,432,74
41.59601,-8.58098,291,59
41.60474,-8.58369,142,37
41.61347,-8.5864,23,5
41.63093,-8.59182,138,23
41.63966,-8.59454,163,35
41.64839,-8.59725,86,18
41.65712,-8.59997,79,26
41.66584,-8.60268,177,32
41.67457,-8.6054,58,11
41.6833,-8.60812,225,47
41.69203,-8.61084,72,14
41.70076,-8.61356,67,17
41.70948,-8.61628,332,85
41.71821,-8.61901,221,40
41.72694,-8.62173,168,38
41.73566,-8.62446,362,57
41.74439,-8.62718,5,0
41.76184,-8.63264,119,40
41.77057,-8.63537,4,0
41.77929,-8.6381,130,40
41.78802,-8.64083,154,65
41.79674,-8.64356,46,21
41.80547,-8.6463,26,13
41.82292,-8.65177,6,2
41.83164,-8.6545,43,19
41.84037,-8.65724,22,10
41.87526,-8.6682,3,0
41.88399,-8.67095,3,0
41.89271,-8.67369,47,16
41.90143,-8.67644,38,9
41.91016,-8.67918,43,15
41.91888,-8.68193,39,14
41.9276,-8.68468,72,21
41.93632,-8.68743,28,9
41.94505,-8.69018,71,10
41.95377,-8.69293,80,23
41.96249,-8.69568,196,36
41.97121,-8.69844,385,83
37.81831,-7.49271,1,1
37.83593,-7.49732,9,4
37.85355,-7.50193,2,2
37.87117,-7.50654,3,0
38.45217,-7.66072,2,0
38.54013,-7.68441,3,0
38.61928,-7.7058,2,0
38.62807,-7.70818,7,1
38.64566,-7.71295,8,2
38.65445,-7.71533,4,1
38.81269,-7.7584,2,0
39.04114,-7.82112,12,4
39.04993,-7.82355,2,0
39.06749,-7.8284,1,0
39.11141,-7.84054,1,0
39.19045,-7.86246,6,0
39.19923,-7.8649,8,2
39.3397,-7.90406,9,2
39.34848,-7.90652,45,16
39.4538,-7.93605,5,1
39.46257,-7.93852,1081,327
39.47135,-7.94099,35,23
39.51522,-7.95334,19,13
39.524,-7.95582,31,23
39.57664,-7.97068,18,16
39.58541,-7.97316,12,9
39.59418,-7.97564,4,3
39.60296,-7.97812,11,11
39.64682,-7.99055,14,9
39.66436,-7.99552,8,4
39.67313,-7.99801,7,4
39.69067,-8.003,39,19
39.69944,-8.00549,28,17
39.72575,-8.01297,32,19
39.74329,-8.01796,7,7
39.76083,-8.02296,10,9
39.7696,-8.02546,5,2
39.77837,-8.02796,9,3
39.78714,-8.03046,33,17
39.79591,-8.03297,16,4
39.83974,-8.04549,11,1
39.84851,-8.048,59,17
39.85728,-8.05051,7,3
39.86605,-8.05302,5,2
39.87481,-8.05553,13,6
39.88358,-8.05805,5,1
39.89235,-8.06056,1,1
39.90111,-8.06307,12,3
39.91864,-8.0681,91,52
39.92741,-8.07062,9,2
39.93617,-8.07314,2,2
39.94494,-8.07566,3,2
39.97123,-8.08322,18,8
40.01505,-8.09584,120,79
40.03258,-8.1009,9,5
40.05011,-8.10596,2,0
40.10268,-8.12116,6,2
40.11144,-8.1237,3,2
40.12021,-8.12623,14,4
40.12897,-8.12877,8,4
40.13773,-8.13131,9,1
40.14649,-8.13385,20,6
40.15525,-8.13639,40,11
40.16401,-8.13894,7,2
40.17277,-8.14148,22,11
40.18153,-8.14402,267,108
40.19029,-8.14657,85,34
40.19905,-8.14912,32,7
40.21657,-8.15421,63,20
40.22533,-8.15676,20,5
40.23409,-8.15931,24,16
40.25161,-8.16442,40,8
40.26036,-8.16697,17,3
40.26912,-8.16952,41,17
40.27788,-8.17208,59,21
40.2954,-8.17719,32,11
40.30415,-8.17975,14,5
40.31291,-8.18231,227,53
40.32167,-8.18487,98,32
40.33043,-8.18743,40,12
40.3567,-8.19512,37,8
40.36545,-8.19768,6,0
40.37421,-8.20025,145,51
40.38296,-8.20282,49,16
40.40048,-8.20795,53,19
40.40923,-8.21052,29,8
40.41799,-8.21309,97,23
40.42674,-8.21566,2,0
40.4355,-8.21824,22,6
40.44425,-8.22081,77,24
40.47927,-8.23112,9,5
40.53179,-8.2466,22,6
40.55804,-8.25436,9,7
40.5668,-8.25694,26,16
40.57555,-8.25953,56,25
40.59305,-8.26471,7,3
40.6018,-8.2673,20,9
40.6193,-8.27249,31,19
40.62805,-8.27508,8,5
40.64556,-8.28027,9,6
40.65431,-8.28287,43,22
40.67181,-8.28807,41,13
40.6893,-8.29327,22,10
40.69805,-8.29587,5,0
40.7068,-8.29848,18,8
40.7243,-8.30369,70,20
40.73305,-8.30629,237,92
40.7418,-8.3089,45,13
40.75054,-8.31151,82,42
40.75929,-8.31412,85,38
40.76804,-8.31673,28,9
40.77679,-8.31934,53,20
40.78554,-8.32195,15,4
40.79428,-8.32456,8,5
40.80303,-8.32718,68,32
40.81178,-8.32979,40,17
40.82052,-8.33241,35,10
40.83802,-8.33764,77,20
40.84676,-8.34026,60,14
40.85551,-8.34288,305,90
40.86425,-8.3455,10,3
40.873,-8.34812,39,15
40.88174,-8.35075,59,18
40.89049,-8.35337,143,47
40.89923,-8.356,258,71
40.90798,-8.35862,108,20
40.91672,-8.36125,104,28
40.92547,-8.36388,108,14
40.93421,-8.36651,403,89
40.94296,-8.36914,71,11
40.9517,-8.37177,12,3
40.96044,-8.3744,78,20
40.96919,-8.37703,73,14
40.98667,-8.3823,31,7
41.02164,-8.39285,12,1
41.03913,-8.39813,195,18
41.04787,-8.40078,108,48
41.05661,-8.40342,75,18
41.06535,-8.40606,138,43
41.07409,-8.40871,336,97
41.08283,-8.41136,17,0
41.09157,-8.414,16,2
41.12654,-8.4246,40,8
41.13528,-8.42725,19,1
41.14402,-8.42991,6,4
41.15276,-8.43256,51,2
41.16149,-8.43522,359,65
41.17023,-8.43787,325,58
41.17897,-8.44053,1150,106
41.18771,-8.44319,953,150
41.19645,-8.44585,308,45
41.20519,-8.44851,654,107
41.21393,-8.45117,65,17
41.22266,-8.45383,880,171
41.2314,-8.4565,269,30
41.25762,-8.46449,300,69
41.26635,-8.46716,223,52
41.27509,-8.46983,284,50
41.28383,-8.4725,315,85
41.29256,-8.47517,482,110
41.3013,-8.47784,213,48
41.31003,-8.48051,506,70
41.31877,-8.48319,914,233
41.32751,-8.48586,131,21
41.33624,-8.48854,1539,330
41.34498,-8.49122,2395,548
41.35371,-8.49389,791,206
41.36245,-8.49657,186,49
41.37118,-8.49925,135,30
41.37992,-8.50193,352,58
41.38865,-8.50461,389,71
41.39739,-8.5073,647,149
41.40612,-8.50998,1796,410
41.41485,-8.51267,2776,613
41.42359,-8.51535,955,243
41.43232,-8.51804,692,179
41.44105,-8.52073,524,123
41.44979,-8.52342,500,109
41.45852,-8.52611,310,25
41.46725,-8.5288,431,62
41.47599,-8.53149,627,121
41.48472,-8.53418,307,55
41.49345,-8.53688,287,60
41.50218,-8.53957,566,87
41.51091,-8.54227,39,2
41.51965,-8.54497,139,19
41.52838,-8.54767,33,3
41.53711,-8.55037,266,65
41.54584,-8.55307,55,16
41.55457,-8.55577,692,155
41.5633,-8.55847,198,21
41.57203,-8.56118,37,5
41.58076,-8.56388,8,0
41.59822,-8.56929,128,30
41.60695,-8.572,274,56
41.61568,-8.57471,121,29
41.63314,-8.58013,119,29
41.64187,-8.58284,8,5
41.6506,-8.58556,358,99
41.65933,-8.58827,391,111
41.66806,-8.59099,52,7
41.67678,-8.5937,22,7
41.68551,-8.59642,98,23
41.69424,-8.59914,2,0
41.72042,-8.6073,16,3
41.72915,-8.61002,24,3
41.73788,-8.61275,705,156
41.7466,-8.61547,680,141
41.75533,-8.6182,8,3
41.76406,-8.62092,400,105
41.77278,-8.62365,126,32
41.78151,-8.62638,174,55
41.79024,-8.62911,166,46
41.79896,-8.63184,37,12
41.80769,-8.63457,63,14
41.82514,-8.64004,2,2
41.83386,-8.64278,11,5
41.84259,-8.64551,25,16
41.86876,-8.65373,2,2
41.87748,-8.65647,81,39
41.88621,-8.65921,89,36
41.89493,-8.66195,35,16
41.90365,-8.6647,140,44
41.91238,-8.66744,4,1
41.9211,-8.67019,5,5
41.94727,-8.67843,177,42
41.95599,-8.68118,125,28
41.96471,-8.68393,54,7
41.97344,-8.68668,217,26
37.73226,-7.45866,4,1
37.74107,-7.46095,2,1
37.78513,-7.47243,6,5
37.82037,-7.48163,5,0
37.838,-7.48624,3,1
37.85562,-7.49085,4,1
37.87324,-7.49546,1,1
37.96132,-7.51856,2,0
38.12863,-7.5627,1,0
38.13744,-7.56503,4,0
38.45426,-7.64955,43,18
38.50704,-7.66374,29,14
38.51583,-7.66611,10,5
38.64775,-7.70175,2,0
38.65654,-7.70413,10,3
38.66533,-7.70652,21,8
38.74446,-7.72801,20,8
38.75325,-7.7304,19,6
38.77083,-7.73519,10,2
38.77962,-7.73759,1,0
38.97296,-7.79051,4,0
39.02568,-7.80502,3,2
39.04325,-7.80986,404,129
39.14865,-7.839,2,0
39.26281,-7.87071,5,0
39.33304,-7.8903,14,8
39.3506,-7.89521,11,8
39.35938,-7.89766,3,2
39.36815,-7.90012,67,22
39.37693,-7.90257,132,71
39.38571,-7.90503,71,23
39.4647,-7.92719,47,27
39.4998,-7.93706,30,25
39.52612,-7.94448,12,10
39.56999,-7.95685,2,0
39.64017,-7.9767,16,7
39.64895,-7.97919,3,1
39.65772,-7.98167,6,3
39.66649,-7.98416,16,7
39.6928,-7.99163,5,1
39.70157,-7.99412,16,15
39.71911,-7.99911,110,50
39.72789,-8.0016,6,5
39.74543,-8.00659,55,30
39.75419,-8.00909,7,2
39.76296,-8.01158,12,12
39.77173,-8.01408,38,8
39.7805,-8.01658,8,8
39.78927,-8.01908,70,30
39.79804,-8.02158,49,23
39.80681,-8.02409,5,1
39.82435,-8.02909,49,24
39.85065,-8.03661,3,0
39.85942,-8.03912,3,2
39.86818,-8.04163,2,1
39.87695,-8.04414,14,2
39.88572,-8.04665,97,30
39.89448,-8.04916,8,8
39.90325,-8.05167,1,1
39.92078,-8.0567,3,0
39.94708,-8.06425,1,0
39.97338,-8.07181,6,3
39.98214,-8.07433,6,5
39.99091,-8.07685,11,8
40.02596,-8.08695,3,0
40.06102,-8.09706,7,6
40.06978,-8.09959,13,6
40.07854,-8.10212,4,4
40.10483,-8.10972,3,3
40.11359,-8.11226,42,15
40.12235,-8.1148,23,10
40.13111,-8.11733,4,1
40.13988,-8.11987,2,1
40.14864,-8.12241,24,6
40.1574,-8.12495,2,1
40.16616,-8.12749,23,3
40.17492,-8.13003,74,23
40.18368,-8.13258,3,2
40.21872,-8.14276,51,13
40.22748,-8.14531,37,14
40.25376,-8.15296,50,16
40.26252,-8.15551,60,20
40.27128,-8.15806,79,33
40.28003,-8.16062,68,27
40.28879,-8.16317,7,3
40.29755,-8.16573,175,69
40.30631,-8.16828,203,101
40.32382,-8.1734,31,11
40.3501,-8.18108,4,0
40.35885,-8.18364,58,22
40.37637,-8.18877,2,2
40.43766,-8.20675,5,1
40.47267,-8.21704,45,14
40.55146,-8.24026,49,20
40.57771,-8.24802,12,0
40.58646,-8.25061,38,13
40.59522,-8.2532,31,14
40.60397,-8.25579,22,11
40.62147,-8.26097,6,2
40.63897,-8.26616,6,2
40.64772,-8.26875,2,1
40.66522,-8.27394,37,7
40.67397,-8.27654,208,70
40.68272,-8.27914,56,12
40.70022,-8.28434,5,0
40.70897,-8.28694,8,3
40.71772,-8.28954,41,12
40.72647,-8.29215,4,0
40.73522,-8.29475,108,27
40.74397,-8.29736,69,16
40.75272,-8.29997,13,10
40.76147,-8.30257,75,31
40.77021,-8.30518,21,15
40.77896,-8.30779,32,10
40.78771,-8.3104,98,41
40.79646,-8.31301,11,6
40.8052,-8.31563,17,6
40.81395,-8.31824,10,8
40.8227,-8.32085,44,19
40.83144,-8.32347,20,4
40.84019,-8.32609,129,40
40.84894,-8.3287,35,9
40.85768,-8.33132,278,81
40.86643,-8.33394,68,16
40.88392,-8.33918,43,9
40.89267,-8.34181,179,60
40.90141,-8.34443,292,61
40.91016,-8.34705,71,14
40.9189,-8.34968,3,2
40.93639,-8.35493,44,11
40.94514,-8.35756,163,30
40.97137,-8.36545,13,3
40.98885,-8.37072,39,14
40.9976,-8.37336,3,0
41.02383,-8.38127,26,8
41.03257,-8.3839,109,9
41.04131,-8.38654,364,96
41.05005,-8.38918,130,25
41.0588,-8.39183,366,63
41.06754,-8.39447,919,175
41.07628,-8.39711,191,48
41.11124,-8.4077,118,17
41.11998,-8.41035,40,11
41.12872,-8.413,335,73
41.13746,-8.41565,61,11
41.1462,-8.4183,165,31
41.15494,-8.42095,1317,243
41.16368,-8.42361,55,12
41.17242,-8.42626,107,10
41.18116,-8.42892,608,76
41.1899,-8.43157,799,116
41.19864,-8.43423,1445,212
41.20738,-8.43689,183,19
41.22486,-8.44221,311,79
41.23359,-8.44487,26,1
41.26855,-8.45553,74,21
41.27728,-8.4582,580,170
41.28602,-8.46087,122,31
41.29476,-8.46354,96,28
41.30349,-8.46621,394,97
41.31223,-8.46888,338,70
41.32097,-8.47155,977,281
41.3297,-8.47422,831,227
41.33844,-8.4769,3560,870
41.34717,-8.47957,3625,1112
41.35591,-8.48225,633,239
41.36465,-8.48493,1351,416
41.37338,-8.4876,752,145
41.38212,-8.49028,884,177
41.39085,-8.49296,449,67
41.39959,-8.49565,1329,192
41.40832,-8.49833,1233,154
41.41705,-8.50101,818,145
41.42579,-8.5037,346,101
41.43452,-8.50638,476,105
41.44326,-8.50907,49,4
41.45199,-8.51176,4,0
41.46072,-8.51445,136,28
41.46946,-8.51714,743,137
41.47819,-8.51983,129,35
41.48692,-8.52252,182,42
41.49565,-8.52521,139,38
41.50439,-8.5279,424,73
41.51312,-8.5306,86,10
41.53058,-8.53599,248,54
41.53931,-8.53869,317,63
41.54805,-8.54139,34,6
41.55678,-8.54409,334,68
41.56551,-8.54679,487,109
41.57424,-8.54949,276,43
41.58297,-8.5522,250,49
41.5917,-8.5549,57,16
41.60916,-8.56031,280,103
41.61789,-8.56302,98,39
41.62662,-8.56573,105,37
41.63535,-8.56844,238,76
41.64408,-8.57115,48,8
41.65281,-8.57386,108,18
41.66154,-8.57657,180,41
41.67027,-8.57929,238,53
41.679,-8.582,87,25
41.68772,-8.58472,209,57
41.69645,-8.58743,50,9
41.73136,-8.59831,22,1
41.74009,-8.60103,275,70
41.74882,-8.60376,869,228
41.75754,-8.60648,232,52
41.76627,-8.60921,452,97
41.775,-8.61193,169,52
41.78372,-8.61466,52,15
41.79245,-8.61739,73,20
41.8099,-8.62285,33,9
41.85353,-8.63652,5,1
41.86225,-8.63926,33,9
41.87098,-8.64199,62,22
41.8797,-8.64473,64,18
41.88843,-8.64747,73,30
41.89715,-8.65021,90,39
41.90588,-8.65296,35,18
41.92332,-8.65844,105,47
41.93205,-8.66119,29,12
41.94077,-8.66394,80,24
41.94949,-8.66668,159,54
41.95821,-8.66943,70,21
41.96694,-8.67218,13,3
41.97566,-8.67493,71,8
41.98438,-8.67768,190,53
37.76957,-7.45677,1,0
37.77838,-7.45907,2,2
37.80481,-7.46596,2,1
37.82244,-7.47056,4,1
37.83125,-7.47286,2,2
37.84006,-7.47516,4,0
37.84887,-7.47746,2,0
37.88411,-7.48668,6,1
37.89292,-7.48899,1,0
37.92815,-7.49822,4,1
37.93696,-7.50053,6,1
37.981,-7.5121,3,0
38.00742,-7.51905,1,0
38.07787,-7.53762,13,7
38.10429,-7.54459,3,0
38.1219,-7.54925,11,2
38.1307,-7.55158,13,2
38.42115,-7.62893,3,0
38.45634,-7.63837,217,86
38.52671,-7.6573,4,0
38.5619,-7.66678,4,1
38.57949,-7.67153,6,0
38.72018,-7.70962,5,0
38.74656,-7.71679,4,0
38.75535,-7.71918,37,13
38.76414,-7.72158,258,94
38.77293,-7.72397,16,4
38.78172,-7.72636,4,1
38.83446,-7.74075,1,0
39.03657,-7.79618,1,1
39.04535,-7.7986,2,0
39.05414,-7.80102,4,0
39.37027,-7.8888,2,2
39.37905,-7.89126,4,1
39.38783,-7.89371,26,4
39.40538,-7.89863,13,4
39.41416,-7.90109,79,32
39.44927,-7.91093,1,0
39.51947,-7.93067,34,17
39.55457,-7.94056,15,13
39.63353,-7.96286,21,13
39.67739,-7.97529,7,5
39.72125,-7.98773,23,4
39.7651,-8.00021,65,27
39.77387,-8.0027,5,4
39.78264,-8.0052,6,1
39.7914,-8.0077,9,7
39.80017,-8.0102,17,7
39.81771,-8.0152,19,3
39.82648,-8.0177,91,39
39.85278,-8.02522,45,17
39.86155,-8.02772,26,3
39.87032,-8.03023,11,6
39.87909,-8.03274,7,2
39.88785,-8.03525,7,1
39.89662,-8.03776,4,2
39.93169,-8.04781,1,1
39.94045,-8.05033,6,1
39.97552,-8.06039,9,4
39.98428,-8.06291,142,74
39.99305,-8.06543,32,12
40.01934,-8.073,2,2
40.0281,-8.07553,24,11
40.03687,-8.07805,4,2
40.0544,-8.08311,4,1
40.06316,-8.08563,10,8
40.08069,-8.09069,2,2
40.08945,-8.09323,1,0
40.13326,-8.1059,12,10
40.15078,-8.11097,196,59
40.15955,-8.11351,615,174
40.16831,-8.11605,40,13
40.17707,-8.11859,42,14
40.21211,-8.12876,12,4
40.22087,-8.13131,5,4
40.22963,-8.13385,77,57
40.24715,-8.13895,85,31
40.25591,-8.1415,3,3
40.26467,-8.14405,72,21
40.27343,-8.1466,89,31
40.28219,-8.14915,17,5
40.2997,-8.15426,10,0
40.30846,-8.15682,56,13
40.31722,-8.15937,103,43
40.32598,-8.16193,116,47
40.35225,-8.16961,38,16
40.36977,-8.17473,2,2
40.40479,-8.18499,50,18
40.43981,-8.19526,59,25
40.45732,-8.2004,120,32
40.46608,-8.20297,52,10
40.47483,-8.20555,3,2
40.48359,-8.20812,130,39
40.49234,-8.2107,3,0
40.5011,-8.21328,10,2
40.50985,-8.21585,3,1
40.51861,-8.21843,8,7
40.52736,-8.22101,4,3
40.53611,-8.22359,48,17
40.55362,-8.22876,15,3
40.56237,-8.23134,54,17
40.57112,-8.23392,17,9
40.57988,-8.23651,47,19
40.58863,-8.23909,9,4
40.59738,-8.24168,83,29
40.60613,-8.24427,21,7
40.61489,-8.24686,14,6
40.64989,-8.25723,35,9
40.66739,-8.26242,4,4
40.67614,-8.26501,27,5
40.68489,-8.26761,28,7
40.69364,-8.27021,3,0
40.70239,-8.27281,22,5
40.71114,-8.27541,29,6
40.71989,-8.27801,65,17
40.72864,-8.28061,130,40
40.73739,-8.28321,91,29
40.74614,-8.28582,40,14
40.75489,-8.28842,16,9
40.76364,-8.29103,122,44
40.77239,-8.29364,23,4
40.78113,-8.29624,31,18
40.78988,-8.29885,22,13
40.79863,-8.30146,124,44
40.80738,-8.30408,38,11
40.81612,-8.30669,12,9
40.82487,-8.3093,3,2
40.83362,-8.31191,20,6
40.84237,-8.31453,116,44
40.85111,-8.31715,55,21
40.85986,-8.31976,15,8
40.8861,-8.32762,16,2
40.89484,-8.33024,231,62
40.90359,-8.33286,32,14
40.91234,-8.33549,24,6
40.92108,-8.33811,40,9
40.92983,-8.34074,82,17
40.93857,-8.34336,53,7
40.94731,-8.34599,28,8
40.95606,-8.34862,3,0
40.9648,-8.35125,45,6
40.97355,-8.35388,118,20
40.98229,-8.35651,13,3
40.99104,-8.35914,2,2
41.04349,-8.37495,451,128
41.05224,-8.37759,115,33
41.06098,-8.38023,46,14
41.06972,-8.38287,196,36
41.07846,-8.38552,77,20
41.10469,-8.39345,33,4
41.11343,-8.39609,395,52
41.12217,-8.39874,20,2
41.13091,-8.40139,4,0
41.13965,-8.40404,79,17
41.14839,-8.40669,978,239
41.15713,-8.40934,589,159
41.16587,-8.41199,4,0
41.18335,-8.4173,260,34
41.19209,-8.41996,542,89
41.20083,-8.42261,776,99
41.20957,-8.42527,1215,220
41.21831,-8.42793,379,93
41.22705,-8.43059,565,67
41.23579,-8.43325,1021,158
41.24452,-8.43591,7,2
41.25326,-8.43857,1011,42
41.262,-8.44124,1307,226
41.27074,-8.4439,54,7
41.27948,-8.44657,344,107
41.28821,-8.44923,316,84
41.29695,-8.4519,389,100
41.30569,-8.45457,204,47
41.31442,-8.45724,125,38
41.32316,-8.45991,492,87
41.3319,-8.46258,880,245
41.34063,-8.46526,375,151
41.34937,-8.46793,876,181
41.35811,-8.4706,1066,260
41.36684,-8.47328,679,172
41.37558,-8.47596,394,50
41.38431,-8.47863,388,55
41.39305,-8.48131,129,16
41.40178,-8.48399,111,32
41.41052,-8.48667,170,48
41.41925,-8.48936,971,160
41.42799,-8.49204,376,94
41.43672,-8.49472,590,84
41.44545,-8.49741,587,135
41.45419,-8.5001,342,60
41.46292,-8.50278,313,55
41.47166,-8.50547,575,163
41.48039,-8.50816,153,39
41.48912,-8.51085,609,136
41.49786,-8.51354,252,64
41.50659,-8.51623,88,21
41.51532,-8.51893,236,44
41.52405,-8.52162,126,19
41.53279,-8.52432,499,89
41.54152,-8.52701,93,13
41.55025,-8.52971,427,48
41.55898,-8.53241,338,75
41.56771,-8.53511,473,132
41.57644,-8.53781,304,65
41.58517,-8.54051,348,80
41.59391,-8.54322,184,42
41.60264,-8.54592,21,4
41.61137,-8.54862,97,26
41.6201,-8.55133,52,7
41.62883,-8.55404,21,8
41.63756,-8.55674,98,32
41.64629,-8.55945,112,38
41.65502,-8.56216,65,20
41.66375,-8.56488,65,26
41.67248,-8.56759,117,29
41.6812,-8.5703,15,4
41.68993,-8.57302,158,38
41.69866,-8.57573,196,48
41.70739,-8.57845,104,30
41.71612,-8.58116,138,32
41.72485,-8.58388,166,24
41.73357,-8.5866,71,19
41.7423,-8.58932,129,19
41.75103,-8.59204,369,53
41.75976,-8.59477,381,80
41.76848,-8.59749,853,197
41.77721,-8.60022,292,72
41.78594,-8.60294,151,76
41.79467,-8.60567,19,1
41.80339,-8.6084,88,11
41.81212,-8.61113,2,2
41.84702,-8.62205,1,1
41.85575,-8.62479,51,12
41.86447,-8.62752,79,20
41.8732,-8.63026,30,7
41.88192,-8.633,87,27
41.89065,-8.63573,39,16
41.89937,-8.63847,16,7
41.90809,-8.64121,57,13
41.91682,-8.64396,108,35
41.92554,-8.6467,42,16
41.93427,-8.64944,48,10
41.94299,-8.65219,83,21
41.95171,-8.65493,27,6
41.96044,-8.65768,144,38
41.96916,-8.66043,57,13
41.97788,-8.66318,4,1
41.9866,-8.66593,554,157
37.83331,-7.46178,2,2
37.9126,-7.48251,117,25
37.92141,-7.48482,26,13
37.95664,-7.49406,4,1
37.99188,-7.50331,2,0
38.0271,-7.51258,4,1
38.22962,-7.56612,2,0
38.23842,-7.56846,5,0
38.30883,-7.5872,9,1
38.47602,-7.63192,4,0
38.58157,-7.66033,258,87
38.76623,-7.71036,108,58
38.77502,-7.71275,14,5
38.80139,-7.71993,2,0
38.81898,-7.72472,1,0
38.95959,-7.76318,406,155
38.96838,-7.76559,116,33
39.01231,-7.77766,2,0
39.4075,-7.88731,109,50
39.45138,-7.8996,18,11
39.54792,-7.92674,6,6
39.55669,-7.92921,4,2
39.56547,-7.93168,32,26
39.62688,-7.94902,55,22
39.63566,-7.9515,2,0
39.66197,-7.95895,3,2
39.67952,-7.96392,17,7
39.72337,-7.97636,28,14
39.73215,-7.97885,164,91
39.74092,-7.98134,13,3
39.74969,-7.98384,22,14
39.76723,-7.98883,21,9
39.79354,-7.99632,2,0
39.80231,-7.99881,3,2
39.81108,-8.00131,14,1
39.81984,-8.00381,2,0
39.83738,-8.00882,3,1
39.85492,-8.01382,39,20
39.86369,-8.01633,70,31
39.88122,-8.02134,3,3
39.88999,-8.02385,2,1
39.89876,-8.02636,9,1
39.94259,-8.03892,83,41
39.95136,-8.04143,15,3
39.97766,-8.04898,8,3
39.99519,-8.05402,7,2
40.03025,-8.06411,17,7
40.03901,-8.06663,20,12
40.08283,-8.07926,3,0
40.09159,-8.08179,18,5
40.11788,-8.08939,3,2
40.12664,-8.09192,6,2
40.16169,-8.10207,52,16
40.17045,-8.1046,29,11
40.17922,-8.10714,7,2
40.19674,-8.11222,7,5
40.2055,-8.11477,21,12
40.21426,-8.11731,99,39
40.22302,-8.11985,43,16
40.23178,-8.1224,50,20
40.24054,-8.12494,22,12
40.2493,-8.12749,2,2
40.26682,-8.13259,32,5
40.27558,-8.13514,86,28
40.28434,-8.13769,2,2
40.2931,-8.14024,2,0
40.30186,-8.14279,96,40
40.31061,-8.14535,29,8
40.34565,-8.15557,57,22
40.3544,-8.15813,48,17
40.40695,-8.1735,7,0
40.45948,-8.18891,106,28
40.48575,-8.19663,16,4
40.4945,-8.1992,33,11
40.50326,-8.20177,74,22
40.54703,-8.21467,14,10
40.55578,-8.21725,12,0
40.59079,-8.22758,5,0
40.59955,-8.23017,43,24
40.61705,-8.23534,43,9
40.63455,-8.24052,59,26
40.6433,-8.24311,9,4
40.68706,-8.25608,14,4
40.69581,-8.25868,70,22
40.70456,-8.26127,3,0
40.72206,-8.26647,36,7
40.73081,-8.26907,23,13
40.73956,-8.27167,154,50
40.74831,-8.27428,40,7
40.75706,-8.27688,10,6
40.76581,-8.27949,29,11
40.77456,-8.28209,15,5
40.7833,-8.2847,81,40
40.79205,-8.28731,1,1
40.8008,-8.28991,40,18
40.80955,-8.29252,57,20
40.8183,-8.29513,27,11
40.82704,-8.29775,106,49
40.83579,-8.30036,85,22
40.84454,-8.30297,28,17
40.85329,-8.30559,56,30
40.87078,-8.31082,3,0
40.88827,-8.31606,161,39
40.89702,-8.31867,118,20
40.90577,-8.3213,38,7
40.91451,-8.32392,65,20
40.92326,-8.32654,18,6
40.932,-8.32916,43,8
40.94075,-8.33179,80,12
40.98447,-8.34493,9,5
40.99322,-8.34756,6,3
41.01945,-8.35545,213,66
41.02819,-8.35809,194,31
41.03693,-8.36072,595,140
41.04568,-8.36336,259,61
41.05442,-8.366,850,208
41.06316,-8.36864,5,2
41.1331,-8.38978,152,38
41.14184,-8.39243,719,161
41.15058,-8.39508,1343,175
41.15932,-8.39773,422,68
41.18554,-8.40569,145,14
41.19428,-8.40834,478,70
41.20302,-8.41099,171,18
41.21176,-8.41365,1426,238
41.2205,-8.41631,1833,276
41.22924,-8.41897,1023,206
41.23798,-8.42162,1970,378
41.24671,-8.42428,198,42
41.25545,-8.42695,27,2
41.26419,-8.42961,849,213
41.27293,-8.43227,309,67
41.2904,-8.4376,13,2
41.29914,-8.44027,21,6
41.30788,-8.44293,82,17
41.31662,-8.4456,196,56
41.32535,-8.44827,20,7
41.33409,-8.45094,181,37
41.34283,-8.45361,178,38
41.35156,-8.45629,772,186
41.3603,-8.45896,380,112
41.36904,-8.46163,451,110
41.37777,-8.46431,543,123
41.38651,-8.46698,1080,254
41.39524,-8.46966,770,158
41.40398,-8.47234,448,84
41.41271,-8.47502,419,89
41.42145,-8.4777,432,90
41.43018,-8.48038,577,112
41.43892,-8.48306,406,81
41.44765,-8.48575,385,85
41.45639,-8.48843,90,28
41.46512,-8.49112,569,78
41.47386,-8.49381,348,56
41.48259,-8.49649,98,16
41.49132,-8.49918,478,93
41.50006,-8.50187,549,132
41.50879,-8.50456,124,26
41.51752,-8.50725,110,21
41.52625,-8.50995,66,12
41.53499,-8.51264,800,103
41.54372,-8.51534,910,131
41.55245,-8.51803,793,153
41.56118,-8.52073,149,16
41.56992,-8.52343,527,95
41.57865,-8.52613,306,56
41.58738,-8.52883,174,54
41.59611,-8.53153,545,139
41.60484,-8.53423,12,2
41.61357,-8.53693,26,3
41.6223,-8.53964,164,47
41.63103,-8.54234,60,13
41.63976,-8.54505,78,25
41.64849,-8.54776,104,30
41.65722,-8.55047,70,13
41.66595,-8.55318,98,20
41.67468,-8.55589,79,25
41.69214,-8.56131,17,9
41.70087,-8.56403,47,9
41.7096,-8.56674,14,2
41.71833,-8.56946,313,69
41.72706,-8.57217,162,30
41.73578,-8.57489,288,37
41.74451,-8.57761,264,31
41.75324,-8.58033,822,79
41.76197,-8.58305,3312,639
41.7707,-8.58577,627,222
41.77942,-8.5885,438,93
41.78815,-8.59122,141,37
41.79688,-8.59395,469,91
41.8056,-8.59667,274,32
41.81433,-8.5994,51,12
41.82306,-8.60213,124,23
41.83178,-8.60486,34,9
41.84051,-8.60759,4,0
41.86669,-8.61579,2,1
41.87541,-8.61852,94,41
41.88414,-8.62126,76,33
41.89286,-8.624,67,16
41.90159,-8.62673,98,32
41.91031,-8.62947,75,25
41.91904,-8.63221,49,13
41.92776,-8.63495,111,28
41.93648,-8.6377,5,3
41.94521,-8.64044,113,31
41.95393,-8.64319,128,45
41.96265,-8.64593,85,21
41.97138,-8.64868,29,13
41.9801,-8.65142,32,10
41.98882,-8.65417,165,47
41.99755,-8.65692,63,13
37.77368,-7.43463,2,2
37.81774,-7.44611,5,3
37.84418,-7.453,4,3
37.85299,-7.4553,2,1
37.87061,-7.4599,2,0
37.91466,-7.47142,96,34
37.92347,-7.47373,89,34
37.9499,-7.48065,1,0
37.97632,-7.48758,3,1
38.02036,-7.49915,5,0
38.21408,-7.55031,2,0
38.24049,-7.55732,2,0
38.24929,-7.55966,1,1
38.44291,-7.61131,1,0
38.52209,-7.63256,2,0
38.58366,-7.64914,21,11
38.61884,-7.65863,4,0
38.65402,-7.66814,3,0
38.73316,-7.68958,2,0
38.77711,-7.70153,1,0
38.82986,-7.71589,4,0
38.86502,-7.72548,2,2
38.95291,-7.74952,12,0
38.96169,-7.75193,514,176
38.97048,-7.75434,5,2
39.04077,-7.77365,2,2
39.26036,-7.83437,2,0
39.40961,-7.87598,22,7
39.41839,-7.87844,4,2
39.4535,-7.88827,31,10
39.49739,-7.90059,30,17
39.58514,-7.92528,16,10
39.60269,-7.93023,12,5
39.63778,-7.94014,12,4
39.64655,-7.94263,30,6
39.65533,-7.94511,5,0
39.6641,-7.94759,3,3
39.68164,-7.95256,6,4
39.73427,-7.96748,6,0
39.75182,-7.97246,64,21
39.76936,-7.97745,31,12
39.77813,-7.97994,7,0
39.7869,-7.98244,8,3
39.80444,-7.98743,9,5
39.81321,-7.98993,45,25
39.83075,-7.99493,32,25
39.83951,-7.99743,27,13
39.84828,-7.99993,1,1
39.86582,-8.00493,47,14
39.87459,-8.00744,40,14
39.88336,-8.00994,13,7
39.89212,-8.01245,1,1
39.91843,-8.01998,42,19
39.93596,-8.025,2,2
40.00609,-8.04512,1,0
40.01486,-8.04764,2,2
40.04115,-8.05521,10,6
40.06744,-8.06278,2,2
40.07621,-8.0653,3,2
40.1726,-8.09316,117,35
40.18136,-8.0957,122,31
40.19012,-8.09823,8,3
40.19888,-8.10077,26,5
40.21641,-8.10586,3,0
40.22517,-8.1084,12,6
40.23393,-8.11094,8,3
40.24269,-8.11349,2,2
40.26021,-8.11858,44,14
40.26897,-8.12113,28,2
40.27773,-8.12368,63,21
40.28649,-8.12622,39,15
40.29525,-8.12877,4,1
40.30401,-8.13133,56,13
40.31277,-8.13388,83,34
40.35656,-8.14665,23,7
40.38283,-8.15433,109,26
40.39159,-8.15689,33,11
40.48791,-8.18513,137,45
40.49666,-8.1877,181,54
40.54043,-8.20058,38,13
40.55794,-8.20574,7,1
40.59295,-8.21606,20,7
40.60171,-8.21865,107,51
40.61046,-8.22123,9,4
40.61921,-8.22382,32,11
40.62796,-8.22641,61,26
40.63672,-8.229,55,21
40.64547,-8.23159,46,8
40.65422,-8.23418,26,8
40.66297,-8.23677,32,15
40.68047,-8.24195,59,15
40.68923,-8.24455,12,3
40.69798,-8.24714,31,10
40.70673,-8.24974,32,14
40.71548,-8.25234,40,5
40.73298,-8.25753,168,50
40.74173,-8.26013,100,18
40.75048,-8.26273,34,8
40.75923,-8.26534,38,10
40.76798,-8.26794,57,19
40.77673,-8.27054,57,29
40.78547,-8.27315,74,34
40.79422,-8.27576,49,11
40.82047,-8.28358,48,27
40.82922,-8.28619,35,8
40.83796,-8.2888,9,4
40.87295,-8.29926,41,23
40.89045,-8.30449,65,18
40.89919,-8.30711,21,6
40.90794,-8.30973,240,61
40.91669,-8.31235,552,127
40.92543,-8.31497,120,21
40.93418,-8.31759,232,40
40.94292,-8.32021,59,17
40.96041,-8.32546,28,5
40.98665,-8.33334,33,7
40.99539,-8.33597,35,13
41.01288,-8.34123,70,16
41.02163,-8.34387,137,34
41.03037,-8.3465,226,54
41.03911,-8.34913,81,18
41.04786,-8.35177,331,36
41.0566,-8.35441,136,13
41.10905,-8.37024,14,1
41.1178,-8.37289,253,42
41.12654,-8.37553,372,57
41.13528,-8.37818,471,102
41.14402,-8.38082,138,24
41.15276,-8.38347,220,53
41.1615,-8.38612,302,66
41.17024,-8.38877,150,13
41.17898,-8.39142,494,83
41.18772,-8.39407,1022,176
41.19646,-8.39672,148,36
41.2052,-8.39938,278,42
41.21394,-8.40203,25,6
41.22268,-8.40469,1207,253
41.23142,-8.40734,1270,312
41.24016,-8.41,2175,302
41.2489,-8.41266,1342,275
41.25764,-8.41532,1089,161
41.26638,-8.41798,661,147
41.27512,-8.42064,245,41
41.28386,-8.4233,176,31
41.30133,-8.42863,41,11
41.31007,-8.4313,208,46
41.31881,-8.43396,469,93
41.32755,-8.43663,71,10
41.33628,-8.4393,199,18
41.34502,-8.44197,162,40
41.35376,-8.44464,890,273
41.36249,-8.44731,606,183
41.37123,-8.44998,650,171
41.37997,-8.45266,670,137
41.3887,-8.45533,658,150
41.39744,-8.45801,469,136
41.40617,-8.46069,340,89
41.41491,-8.46336,1093,213
41.42364,-8.46604,7,1
41.43238,-8.46872,177,30
41.44111,-8.4714,901,206
41.44985,-8.47409,754,171
41.45858,-8.47677,106,19
41.46732,-8.47945,382,95
41.47605,-8.48214,379,74
41.48479,-8.48483,611,114
41.49352,-8.48751,226,32
41.50225,-8.4902,517,109
41.51099,-8.49289,584,106
41.51972,-8.49558,27,11
41.52845,-8.49827,534,116
41.53719,-8.50097,551,81
41.54592,-8.50366,137,28
41.55465,-8.50635,88,14
41.56339,-8.50905,54,13
41.57212,-8.51175,233,47
41.58085,-8.51444,293,43
41.58958,-8.51714,222,61
41.59831,-8.51984,248,47
41.60704,-8.52254,279,62
41.61578,-8.52524,183,21
41.62451,-8.52795,192,53
41.63324,-8.53065,96,40
41.64197,-8.53336,184,86
41.6507,-8.53606,132,35
41.65943,-8.53877,37,8
41.66816,-8.54148,26,14
41.67689,-8.54419,185,53
41.68562,-8.5469,139,27
41.71181,-8.55503,98,20
41.72054,-8.55775,173,43
41.72927,-8.56046,178,39
41.73799,-8.56318,253,51
41.74672,-8.5659,183,38
41.75545,-8.56862,108,16
41.76418,-8.57134,340,76
41.77291,-8.57406,492,170
41.78163,-8.57678,448,84
41.79036,-8.5795,219,48
41.79909,-8.58222,241,58
41.80782,-8.58495,155,37
41.81654,-8.58768,203,43
41.82527,-8.5904,216,65
41.834,-8.59313,71,19
41.84272,-8.59586,193,69
41.85145,-8.59859,6,2
41.88635,-8.60952,54,11
41.89508,-8.61226,9,3
41.9038,-8.61499,71,20
41.91253,-8.61773,33,10
41.92125,-8.62047,98,27
41.92998,-8.62321,67,17
41.9387,-8.62595,21,5
41.94743,-8.62869,94,28
41.95615,-8.63143,179,43
41.96487,-8.63418,153,17
41.9736,-8.63692,247,77
41.98232,-8.63967,25,9
41.99104,-8.64242,62,14
41.99977,-8.64517,41,9
42.00849,-8.64791,157,35
37.79336,-7.42815,4,1
37.84623,-7.44192,5,1
37.89029,-7.45342,2,1
37.8991,-7.45572,4,0
37.90791,-7.45803,4,0
37.92553,-7.46264,2,1
37.95196,-7.46956,4,0
38.00481,-7.48342,1,0
38.01362,-7.48573,27,7
38.02243,-7.48805,218,36
38.06646,-7.49963,4,0
38.14572,-7.52054,5,0
38.21615,-7.53918,231,90
38.22496,-7.54151,1,0
38.28658,-7.55787,266,110
38.37459,-7.58132,2,0
38.51537,-7.61902,2,0
38.63851,-7.65219,1,0
38.6561,-7.65694,4,0
38.6649,-7.65931,2,0
38.67369,-7.66169,8,5
38.68249,-7.66407,7,3
38.79679,-7.69508,5,2
38.84953,-7.70945,1,0
38.85832,-7.71184,4,1
39.04287,-7.76238,134,53
39.05166,-7.7648,99,26
39.06923,-7.76964,1,0
39.18343,-7.80116,13,1
39.201,-7.80602,5,0
39.24491,-7.8182,341,159
39.25369,-7.82063,31,10
39.26247,-7.82307,2,1
39.45562,-7.87694,130,62
39.56971,-7.90899,2,2
39.57848,-7.91146,8,2
39.58726,-7.91393,14,7
39.60481,-7.91888,6,2
39.62236,-7.92383,173,83
39.64868,-7.93126,5,3
39.65745,-7.93374,11,6
39.69254,-7.94367,14,8
39.76271,-7.96357,12,1
39.77149,-7.96607,10,5
39.78903,-7.97105,37,21
39.81534,-7.97854,2,2
39.82411,-7.98104,7,3
39.83288,-7.98353,50,25
39.84165,-7.98603,11,8
39.85041,-7.98853,12,6
39.85918,-7.99104,50,22
39.86795,-7.99354,31,14
39.87672,-7.99604,1,1
39.88549,-7.99855,35,19
39.89426,-8.00105,3,2
39.9381,-8.01359,40,24
39.94686,-8.0161,24,5
39.95563,-8.01861,37,13
39.97316,-8.02364,1,0
39.9907,-8.02867,36,34
39.99946,-8.03118,1,1
40.00823,-8.0337,25,20
40.06958,-8.05135,5,3
40.1134,-8.06398,19,10
40.12217,-8.06651,2,0
40.13969,-8.07158,98,71
40.16598,-8.07918,15,2
40.17474,-8.08171,39,12
40.18351,-8.08425,3,0
40.19227,-8.08679,14,4
40.20103,-8.08932,22,18
40.20979,-8.09186,67,21
40.21855,-8.0944,25,19
40.22731,-8.09694,6,1
40.23607,-8.09949,119,32
40.24484,-8.10203,93,25
40.2536,-8.10457,29,7
40.26236,-8.10712,84,24
40.27112,-8.10966,113,24
40.31491,-8.12241,27,15
40.32367,-8.12496,4,2
40.35871,-8.13518,64,23
40.36747,-8.13773,66,28
40.37622,-8.14029,106,44
40.38498,-8.14285,25,2
40.39374,-8.14541,562,166
40.41126,-8.15053,212,72
40.42001,-8.15309,69,24
40.44628,-8.16079,2,2
40.45504,-8.16335,45,25
40.48131,-8.17106,99,34
40.49006,-8.17363,22,7
40.49882,-8.1762,7,0
40.50757,-8.17877,114,55
40.51633,-8.18135,50,20
40.52508,-8.18392,23,14
40.54259,-8.18907,20,4
40.55135,-8.19165,7,0
40.5601,-8.19423,14,6
40.56885,-8.19681,73,25
40.59512,-8.20455,5,1
40.60387,-8.20713,42,10
40.61262,-8.20972,3,2
40.62137,-8.2123,31,7
40.63013,-8.21489,25,3
40.65638,-8.22265,82,20
40.66514,-8.22524,104,22
40.68264,-8.23042,181,60
40.69139,-8.23302,57,12
40.70014,-8.23561,56,19
40.70889,-8.2382,86,17
40.72639,-8.2434,8,0
40.73514,-8.24599,140,29
40.74389,-8.24859,53,12
40.75264,-8.25119,115,44
40.76139,-8.25379,5,0
40.77014,-8.25639,64,22
40.77889,-8.259,14,4
40.78764,-8.2616,12,4
40.79639,-8.26421,50,32
40.80514,-8.26681,99,48
40.83139,-8.27463,4,4
40.84888,-8.27985,10,8
40.86638,-8.28508,38,5
40.89262,-8.29292,71,26
40.90137,-8.29554,18,3
40.91011,-8.29816,51,13
40.91886,-8.30078,258,65
40.92761,-8.3034,384,84
40.93635,-8.30602,220,57
40.9451,-8.30864,77,24
40.98008,-8.31913,40,9
40.98883,-8.32176,15,5
40.99757,-8.32439,5,1
41.00631,-8.32702,8,0
41.0238,-8.33228,255,55
41.03255,-8.33491,163,22
41.04129,-8.33754,4,1
41.05004,-8.34018,556,105
41.05878,-8.34281,36,4
41.09375,-8.35336,22,5
41.10249,-8.356,123,23
41.11124,-8.35864,220,44
41.11998,-8.36128,189,27
41.12872,-8.36392,208,33
41.13746,-8.36657,199,31
41.1462,-8.36921,477,62
41.15495,-8.37186,341,74
41.16369,-8.37451,460,109
41.17243,-8.37715,618,137
41.18117,-8.3798,376,92
41.18991,-8.38245,1607,275
41.19865,-8.3851,679,118
41.20739,-8.38776,587,94
41.21613,-8.39041,667,78
41.22487,-8.39306,277,52
41.23361,-8.39572,974,153
41.24235,-8.39837,431,50
41.25109,-8.40103,977,201
41.25983,-8.40369,739,163
41.26857,-8.40635,737,147
41.27731,-8.40901,749,105
41.28605,-8.41167,1203,186
41.29478,-8.41433,349,68
41.30352,-8.41699,3,0
41.31226,-8.41966,343,54
41.321,-8.42232,636,132
41.32974,-8.42499,184,29
41.33847,-8.42766,16,3
41.34721,-8.43033,404,147
41.35595,-8.43299,697,209
41.36469,-8.43567,555,165
41.37342,-8.43834,770,207
41.38216,-8.44101,723,209
41.3909,-8.44368,379,116
41.39963,-8.44636,857,204
41.40837,-8.44903,504,90
41.4171,-8.45171,684,155
41.42584,-8.45439,63,6
41.44331,-8.45974,417,80
41.45205,-8.46242,948,138
41.46078,-8.46511,16,0
41.46951,-8.46779,92,20
41.47825,-8.47047,479,105
41.48698,-8.47316,406,84
41.49572,-8.47584,359,62
41.50445,-8.47853,748,121
41.51319,-8.48122,859,178
41.52192,-8.48391,264,45
41.53065,-8.4866,505,111
41.53939,-8.48929,572,164
41.54812,-8.49198,509,97
41.55685,-8.49467,85,6
41.56559,-8.49737,818,173
41.57432,-8.50006,287,54
41.58305,-8.50276,737,125
41.59178,-8.50546,437,77
41.60051,-8.50815,24,7
41.60925,-8.51085,18,6
41.61798,-8.51355,310,58
41.62671,-8.51625,99,24
41.63544,-8.51896,195,39
41.64417,-8.52166,120,26
41.6529,-8.52437,66,19
41.66163,-8.52707,241,70
41.67036,-8.52978,102,23
41.67909,-8.53248,178,41
41.68782,-8.53519,104,23
41.69655,-8.5379,118,28
41.70528,-8.54061,211,44
41.71401,-8.54333,131,29
41.72274,-8.54604,179,41
41.73147,-8.54875,181,69
41.7402,-8.55147,136,33
41.74893,-8.55418,99,21
41.75766,-8.5569,239,47
41.76639,-8.55962,314,69
41.77512,-8.56234,147,45
41.78384,-8.56506,116,20
41.79257,-8.56778,160,34
41.8013,-8.5705,285,61
41.81003,-8.57323,179,45
41.81875,-8.57595,56,9
41.82748,-8.57867,89,22
41.83621,-8.5814,165,40
41.84493,-8.58413,26,9
41.87984,-8.59505,32,5
41.88857,-8.59778,112,38
41.89729,-8.60052,24,7
41.90602,-8.60325,46,25
41.91474,-8.60599,6,1
41.92347,-8.60873,28,5
41.93219,-8.61146,49,18
41.95837,-8.61968,48,13
41.96709,-8.62243,70,17
41.97581,-8.62517,90,24
41.98454,-8.62791,299,79
41.99326,-8.63066,46,10
42.00198,-8.63341,144,36
42.01071,-8.63615,451,98
42.01943,-8.6389,1100,247
42.02815,-8.64165,1743,247
37.79542,-7.41708,6,2
37.89235,-7.44233,1,0
37.9364,-7.45385,1,0
37.96283,-7.46077,4,0
38.01568,-7.47463,872,267
38.02449,-7.47694,1294,351
38.09495,-7.49547,2,0
38.22703,-7.53037,1,0
38.24463,-7.53504,2,0
38.40306,-7.57721,1,0
38.43826,-7.58662,4,1
38.46466,-7.59368,4,0
38.49985,-7.60311,7,2
38.50865,-7.60547,100,20
38.57903,-7.62439,2,0
38.64939,-7.64336,2,0
38.67578,-7.65049,51,27
38.68457,-7.65286,136,48
38.7725,-7.67669,2,1
38.79009,-7.68147,4,0
38.79888,-7.68386,5,4
38.82525,-7.69103,2,0
38.83404,-7.69342,11,0
38.84284,-7.69582,1,0
39.05376,-7.75354,5,0
39.17675,-7.78744,1,0
39.18553,-7.78987,135,75
39.19432,-7.7923,104,66
39.21188,-7.79716,6,1
39.22067,-7.7996,3,2
39.24701,-7.8069,2,2
39.33483,-7.8313,8,0
39.44896,-7.86316,4,0
39.45773,-7.86561,2,0
39.52795,-7.8853,15,12
39.5455,-7.89024,26,19
39.56305,-7.89517,18,8
39.6157,-7.91,16,9
39.62448,-7.91247,28,8
39.64203,-7.91743,12,9
39.68589,-7.92982,42,11
39.69467,-7.9323,11,4
39.70344,-7.93479,13,7
39.72098,-7.93976,40,19
39.73853,-7.94473,9,6
39.75607,-7.9497,2,0
39.78238,-7.95718,5,1
39.79115,-7.95967,4,0
39.81747,-7.96715,4,3
39.82624,-7.96965,13,8
39.83501,-7.97214,17,10
39.84378,-7.97464,4,1
39.85254,-7.97714,9,3
39.86131,-7.97964,17,10
39.87008,-7.98214,4,3
39.87885,-7.98464,58,34
39.88762,-7.98715,14,3
39.91393,-7.99466,7,1
39.93146,-7.99967,2,2
39.94023,-8.00218,2,1
39.949,-8.00469,22,10
39.99283,-8.01725,11,8
40.0016,-8.01977,2,1
40.01036,-8.02228,29,21
40.03666,-8.02984,1,1
40.05419,-8.03488,2,2
40.07172,-8.03992,5,4
40.13307,-8.0576,14,7
40.14183,-8.06013,4,0
40.17689,-8.07026,14,9
40.18565,-8.0728,13,9
40.20317,-8.07787,123,38
40.2207,-8.08295,43,11
40.22946,-8.08549,14,8
40.23822,-8.08803,26,13
40.27326,-8.0982,38,10
40.29954,-8.10584,5,2
40.3521,-8.12115,11,1
40.36086,-8.1237,219,84
40.36962,-8.12626,228,68
40.37838,-8.12881,185,79
40.38713,-8.13137,61,9
40.39589,-8.13393,1278,371
40.40465,-8.13649,833,217
40.41341,-8.13905,83,28
40.42216,-8.14161,145,64
40.43092,-8.14417,104,43
40.43968,-8.14673,20,8
40.44844,-8.1493,4,0
40.45719,-8.15186,32,12
40.48346,-8.15956,81,22
40.49222,-8.16213,8,0
40.50097,-8.1647,56,23
40.50973,-8.16727,71,26
40.51848,-8.16984,36,12
40.52724,-8.17241,20,8
40.56226,-8.18272,13,2
40.58852,-8.19045,83,28
40.59727,-8.19303,4,2
40.61478,-8.1982,40,17
40.62353,-8.20078,12,5
40.63229,-8.20336,61,22
40.64104,-8.20595,9,4
40.64979,-8.20854,87,27
40.6673,-8.21371,175,47
40.67605,-8.2163,175,51
40.69355,-8.22148,66,14
40.7023,-8.22407,36,10
40.71106,-8.22667,55,7
40.71981,-8.22926,3,0
40.72856,-8.23186,161,44
40.75481,-8.23965,4,0
40.77231,-8.24485,9,2
40.78106,-8.24745,164,67
40.78981,-8.25005,35,12
40.79856,-8.25266,44,17
40.8598,-8.27091,8,5
40.86855,-8.27352,34,17
40.90354,-8.28397,128,37
40.91229,-8.28659,35,9
40.92103,-8.2892,364,67
40.92978,-8.29182,267,56
40.93853,-8.29444,50,10
40.94727,-8.29706,39,10
40.97351,-8.30493,18,6
40.99975,-8.3128,47,15
41.00849,-8.31543,72,21
41.01724,-8.31806,30,0
41.02598,-8.32069,58,6
41.04347,-8.32595,32,6
41.05221,-8.32858,35,7
41.08719,-8.33912,46,6
41.09593,-8.34176,349,66
41.10467,-8.3444,138,27
41.11342,-8.34704,435,69
41.12216,-8.34968,2,0
41.1309,-8.35232,273,40
41.13964,-8.35496,289,49
41.14839,-8.3576,208,51
41.15713,-8.36025,308,55
41.16587,-8.36289,860,127
41.17461,-8.36554,451,73
41.18335,-8.36819,415,68
41.19209,-8.37084,588,85
41.20083,-8.37348,116,22
41.20957,-8.37614,78,8
41.21831,-8.37879,187,27
41.22706,-8.38144,1382,163
41.2358,-8.38409,1162,171
41.24454,-8.38675,1475,211
41.25328,-8.3894,614,115
41.26201,-8.39206,337,54
41.27075,-8.39472,1052,240
41.27949,-8.39738,1166,216
41.28823,-8.40003,686,128
41.29697,-8.4027,495,77
41.31445,-8.40802,313,51
41.32319,-8.41068,66,8
41.33192,-8.41335,517,95
41.34066,-8.41601,16,3
41.3494,-8.41868,1444,413
41.35814,-8.42135,727,161
41.36688,-8.42402,1520,427
41.37561,-8.42669,820,222
41.38435,-8.42936,797,157
41.39309,-8.43203,982,185
41.40182,-8.4347,318,87
41.41056,-8.43738,940,230
41.4193,-8.44005,1518,293
41.42803,-8.44273,765,73
41.4455,-8.44808,331,69
41.45424,-8.45076,666,148
41.46297,-8.45344,181,30
41.48044,-8.45881,93,16
41.48918,-8.46149,103,9
41.49791,-8.46417,358,82
41.50665,-8.46686,448,62
41.51538,-8.46954,553,104
41.52412,-8.47223,809,172
41.53285,-8.47492,762,237
41.54158,-8.47761,216,40
41.55032,-8.4803,77,21
41.55905,-8.48299,326,77
41.56778,-8.48568,513,114
41.57652,-8.48838,38,11
41.58525,-8.49107,158,49
41.59398,-8.49377,332,66
41.60271,-8.49647,250,20
41.61145,-8.49916,319,42
41.62018,-8.50186,134,34
41.62891,-8.50456,11,5
41.63764,-8.50726,134,32
41.64637,-8.50996,116,30
41.6551,-8.51267,357,119
41.66384,-8.51537,278,70
41.67257,-8.51808,68,19
41.6813,-8.52078,235,63
41.69003,-8.52349,245,59
41.69876,-8.5262,261,55
41.70749,-8.52891,95,26
41.71622,-8.53162,93,28
41.72495,-8.53433,198,39
41.73368,-8.53704,340,77
41.74241,-8.53975,59,6
41.75114,-8.54247,113,38
41.75987,-8.54518,186,36
41.76859,-8.5479,194,28
41.77732,-8.55062,199,52
41.78605,-8.55334,191,59
41.79478,-8.55606,174,51
41.80351,-8.55878,87,14
41.81224,-8.5615,91,19
41.82096,-8.56422,9,4
41.83842,-8.56967,10,2
41.88205,-8.58331,4,2
41.89078,-8.58604,12,6
41.8995,-8.58878,126,35
41.90823,-8.59151,176,69
41.91696,-8.59424,16,4
41.92568,-8.59698,85,18
41.93441,-8.59972,74,23
41.96058,-8.60793,24,9
41.96931,-8.61067,40,15
41.97803,-8.61342,142,44
41.98675,-8.61616,135,41
41.99548,-8.6189,93,25
42.0042,-8.62165,104,23
42.01293,-8.62439,146,59
42.02165,-8.62714,384,87
42.03037,-8.62989,750,226
42.0391,-8.63264,174,52
37.85035,-7.41976,4,2
37.86797,-7.42435,1,1
37.92084,-7.43815,5,1
38.01774,-7.46352,2,2
38.02655,-7.46583,8,2
38.03536,-7.46814,2,2
38.10582,-7.48667,5,0
38.19388,-7.50991,3,1
38.22029,-7.5169,1,0
38.27311,-7.5309,3,0
38.38754,-7.56135,6,0
38.41394,-7.56839,486,153
38.44034,-7.57544,3,0
38.44914,-7.5778,2,0
38.50193,-7.59193,31,5
38.51073,-7.59429,420,153
38.65148,-7.63215,4,2
38.67786,-7.63928,5,1
38.82734,-7.6798,1,0
38.88009,-7.69416,6,2
38.88888,-7.69656,2,0
38.89767,-7.69896,3,0
38.94162,-7.71096,3,0
39.14372,-7.76646,2,0
39.16129,-7.7713,3,0
39.17885,-7.77616,5,0
39.18764,-7.77858,63,30
39.30181,-7.81022,4,0
39.31937,-7.8151,199,85
39.53007,-7.87396,19,11
39.53884,-7.87643,41,27
39.5564,-7.88136,9,5
39.56517,-7.88382,26,7
39.60905,-7.89617,44,16
39.61782,-7.89864,13,8
39.63537,-7.90359,2,2
39.64415,-7.90607,24,18
39.68802,-7.91845,41,21
39.73188,-7.93087,5,2
39.74065,-7.93335,28,6
39.74942,-7.93584,47,21
39.7582,-7.93833,107,25
39.76697,-7.94081,51,14
39.77574,-7.9433,7,0
39.78451,-7.94579,101,40
39.80205,-7.95078,13,5
39.81082,-7.95327,10,3
39.8459,-7.96325,6,2
39.85467,-7.96575,7,1
39.86344,-7.96824,3,3
39.88098,-7.97324,11,5
39.88975,-7.97575,8,3
39.89852,-7.97825,1,0
39.90729,-7.98075,4,1
39.91606,-7.98325,11,5
39.94236,-7.99077,12,5
39.9599,-7.99579,3,2
39.96866,-7.9983,2,1
40.03003,-8.01589,6,4
40.0388,-8.01841,8,6
40.04756,-8.02093,20,9
40.05633,-8.02345,45,27
40.09139,-8.03353,33,24
40.13521,-8.04616,3,2
40.14397,-8.04869,15,6
40.18779,-8.06135,41,18
40.20532,-8.06642,32,3
40.21408,-8.06896,100,13
40.22284,-8.07149,283,59
40.2316,-8.07403,7,2
40.24036,-8.07657,340,125
40.24912,-8.07911,58,16
40.27541,-8.08674,129,49
40.28417,-8.08928,103,27
40.29293,-8.09183,85,31
40.30169,-8.09437,22,4
40.31045,-8.09692,72,18
40.31921,-8.09947,55,19
40.36301,-8.11222,285,114
40.37177,-8.11478,77,24
40.38052,-8.11733,164,56
40.38928,-8.11989,288,85
40.39804,-8.12244,99,26
40.4068,-8.125,386,73
40.41556,-8.12756,156,47
40.42432,-8.13012,105,34
40.43307,-8.13268,82,21
40.44183,-8.13524,105,37
40.45059,-8.1378,94,25
40.48561,-8.14806,74,23
40.49437,-8.15063,2,0
40.51188,-8.15577,52,17
40.52939,-8.16091,86,33
40.53815,-8.16348,79,41
40.55566,-8.16863,31,12
40.56441,-8.1712,63,27
40.57317,-8.17378,543,266
40.59068,-8.17893,97,38
40.59943,-8.18151,5,1
40.61694,-8.18667,29,8
40.62569,-8.18926,110,50
40.63445,-8.19184,164,61
40.6432,-8.19442,10,3
40.67821,-8.20477,108,41
40.68696,-8.20736,2,2
40.69571,-8.20995,5,0
40.70447,-8.21254,111,29
40.71322,-8.21513,14,7
40.72197,-8.21772,111,30
40.73947,-8.22291,3,0
40.75697,-8.22811,16,4
40.76572,-8.2307,10,3
40.77447,-8.2333,67,29
40.79198,-8.2385,30,10
40.82697,-8.24892,45,22
40.84447,-8.25413,15,9
40.89696,-8.26979,11,3
40.90571,-8.2724,188,30
40.91446,-8.27502,279,73
40.9232,-8.27763,435,97
40.93195,-8.28025,395,95
40.9407,-8.28287,161,13
40.95819,-8.28811,8,1
40.97568,-8.29335,96,20
40.99317,-8.29859,8,4
41.00192,-8.30122,4,3
41.01066,-8.30384,84,14
41.01941,-8.30647,167,30
41.02815,-8.3091,100,16
41.0369,-8.31173,321,56
41.04564,-8.31436,130,27
41.06313,-8.31962,87,15
41.07188,-8.32225,273,43
41.08062,-8.32489,289,51
41.08936,-8.32752,3,0
41.09811,-8.33016,25,3
41.11559,-8.33543,60,29
41.12434,-8.33807,4,0
41.13308,-8.34071,339,38
41.14182,-8.34335,9,1
41.15057,-8.34599,128,20
41.15931,-8.34864,555,93
41.16805,-8.35128,930,178
41.17679,-8.35392,1615,253
41.18553,-8.35657,482,80
41.19427,-8.35922,493,97
41.20302,-8.36186,290,57
41.21176,-8.36451,517,66
41.2205,-8.36716,779,88
41.22924,-8.36981,513,94
41.23798,-8.37247,1147,183
41.24672,-8.37512,987,152
41.25546,-8.37777,946,141
41.2642,-8.38043,891,135
41.27294,-8.38308,2139,413
41.28168,-8.38574,2233,300
41.29042,-8.3884,775,132
41.29916,-8.39106,605,102
41.3079,-8.39372,106,9
41.31664,-8.39638,99,12
41.32537,-8.39904,34,4
41.33411,-8.40171,70,16
41.34285,-8.40437,766,211
41.35159,-8.40704,960,247
41.36033,-8.4097,2582,602
41.36906,-8.41237,1016,351
41.3778,-8.41504,1206,241
41.38654,-8.41771,1780,400
41.39528,-8.42038,1012,226
41.40401,-8.42305,98,17
41.41275,-8.42572,658,153
41.42149,-8.42839,831,138
41.43022,-8.43107,1674,326
41.43896,-8.43374,303,67
41.45643,-8.4391,171,26
41.46517,-8.44178,257,39
41.4739,-8.44446,4,0
41.48264,-8.44714,504,76
41.49137,-8.44982,16,2
41.50011,-8.4525,58,11
41.50884,-8.45519,1391,163
41.51758,-8.45787,1480,292
41.52631,-8.46056,922,220
41.53505,-8.46324,231,55
41.54378,-8.46593,255,66
41.55251,-8.46862,111,14
41.56125,-8.47131,595,114
41.56998,-8.474,872,182
41.57871,-8.47669,1188,284
41.58745,-8.47939,63,3
41.59618,-8.48208,411,78
41.60491,-8.48478,172,22
41.61365,-8.48747,419,83
41.62238,-8.49017,123,31
41.63111,-8.49287,288,103
41.63984,-8.49557,305,68
41.64857,-8.49827,509,106
41.65731,-8.50097,317,50
41.66604,-8.50367,133,42
41.67477,-8.50637,123,29
41.6835,-8.50908,186,46
41.69223,-8.51178,284,68
41.70096,-8.51449,77,23
41.70969,-8.5172,20,4
41.71842,-8.51991,6,1
41.72715,-8.52262,83,17
41.73588,-8.52533,36,8
41.74461,-8.52804,224,65
41.75334,-8.53075,14,5
41.76207,-8.53347,7,1
41.7708,-8.53618,74,24
41.77953,-8.5389,161,35
41.78826,-8.54162,116,38
41.79699,-8.54433,350,131
41.80571,-8.54705,156,48
41.82317,-8.55249,21,6
41.8319,-8.55522,35,13
41.84935,-8.56067,53,25
41.85808,-8.56339,50,22
41.86681,-8.56612,14,2
41.87554,-8.56885,3,2
41.88426,-8.57157,209,34
41.89299,-8.5743,62,19
41.90172,-8.57703,6,0
41.91044,-8.57977,77,29
41.91917,-8.5825,261,74
41.92789,-8.58523,93,27
41.93662,-8.58797,88,38
41.94534,-8.5907,24,17
41.97152,-8.59892,4,1
41.98024,-8.60166,139,51
41.98897,-8.6044,65,17
41.99769,-8.60714,48,11
42.00642,-8.60989,126,38
42.01514,-8.61263,119,32
42.02387,-8.61538,179,36
42.03259,-8.61812,200,52
42.04131,-8.62087,266,82
37.83477,-7.40409,5,0
37.84359,-7.40638,3,1
37.8524,-7.40868,3,2
37.87002,-7.41327,4,0
37.90527,-7.42245,2,1
37.94932,-7.43396,4,0
38.05504,-7.46166,3,0
38.16072,-7.48948,2,0
38.26638,-7.51742,2,0
38.36321,-7.54315,2,0
38.38961,-7.55018,4,0
38.40721,-7.55488,1,1
38.42481,-7.55957,3,0
38.43361,-7.56192,15,3
38.44241,-7.56427,160,33
38.45121,-7.56662,127,40
38.47761,-7.57368,79,21
38.50401,-7.58075,141,43
38.51281,-7.58311,4,0
38.79426,-7.65902,1,1
38.82064,-7.66618,7,0
38.85581,-7.67574,3,2
38.87339,-7.68053,10,1
38.88218,-7.68292,12,3
38.89976,-7.68771,17,12
38.90855,-7.69011,4,0
38.97887,-7.70932,2,2
39.03159,-7.72377,5,0
39.20731,-7.77215,1,0
39.32148,-7.80379,77,40
39.56729,-7.87247,246,109
39.57606,-7.87494,23,12
39.59362,-7.87988,14,10
39.62872,-7.88976,10,8
39.734,-7.91949,41,20
39.74277,-7.92198,208,35
39.75155,-7.92446,1725,493
39.76032,-7.92695,161,49
39.76909,-7.92943,25,15
39.80418,-7.93939,2,2
39.81295,-7.94188,70,39
39.83049,-7.94687,3,3
39.83926,-7.94936,1,1
39.84803,-7.95185,8,6
39.86557,-7.95685,3,3
39.87434,-7.95935,9,4
39.89188,-7.96434,86,39
39.90065,-7.96684,29,13
39.90942,-7.96935,12,10
39.91819,-7.97185,3,2
39.93572,-7.97686,3,2
39.94449,-7.97936,19,11
39.95326,-7.98187,6,2
39.9708,-7.98688,17,8
39.9971,-7.99442,8,3
40.01463,-7.99944,20,14
40.03217,-8.00447,5,1
40.04093,-8.00699,27,15
40.10229,-8.02462,10,8
40.11106,-8.02715,8,4
40.15488,-8.03978,3,1
40.18993,-8.0499,45,17
40.20746,-8.05497,127,36
40.21622,-8.0575,1181,365
40.22498,-8.06004,686,142
40.23374,-8.06258,156,38
40.24251,-8.06511,184,40
40.25127,-8.06765,4,1
40.26003,-8.07019,15,4
40.28631,-8.07782,65,29
40.29507,-8.08036,14,2
40.31259,-8.08545,73,20
40.33888,-8.09309,3,1
40.34764,-8.09564,272,127
40.36515,-8.10074,135,41
40.37391,-8.1033,55,15
40.38267,-8.10585,134,50
40.39143,-8.1084,50,4
40.40019,-8.11096,10,0
40.40895,-8.11351,2,2
40.41771,-8.11607,129,43
40.42647,-8.11863,22,5
40.43522,-8.12119,212,57
40.44398,-8.12375,86,39
40.45274,-8.12631,413,188
40.4615,-8.12887,117,47
40.48777,-8.13656,24,6
40.49652,-8.13913,16,3
40.51404,-8.14426,36,21
40.52279,-8.14683,8,3
40.53155,-8.1494,208,90
40.5403,-8.15197,58,18
40.54906,-8.15454,113,47
40.55781,-8.15712,73,26
40.56657,-8.15969,108,45
40.57532,-8.16227,299,140
40.59283,-8.16742,25,15
40.6191,-8.17515,182,63
40.62785,-8.17773,45,17
40.6366,-8.18032,39,16
40.64536,-8.1829,110,40
40.65411,-8.18548,6,3
40.68037,-8.19324,3,0
40.68912,-8.19583,118,39
40.70663,-8.201,58,6
40.71538,-8.20359,9,2
40.72413,-8.20619,187,39
40.73288,-8.20878,86,26
40.74163,-8.21137,87,27
40.75039,-8.21397,26,8
40.75914,-8.21656,29,8
40.76789,-8.21916,76,32
40.77664,-8.22175,4,0
40.80289,-8.22955,30,12
40.81164,-8.23215,12,6
40.82039,-8.23476,3,3
40.82914,-8.23736,27,14
40.85539,-8.24517,27,9
40.89038,-8.25561,4,0
40.89913,-8.25822,9,2
40.90788,-8.26083,293,71
40.91662,-8.26345,324,60
40.92537,-8.26606,419,106
40.93412,-8.26868,417,110
40.94287,-8.27129,79,11
40.95161,-8.27391,11,1
40.96036,-8.27653,6,0
41.00409,-8.28963,50,11
41.01284,-8.29226,79,25
41.02158,-8.29488,93,10
41.03033,-8.29751,382,70
41.03907,-8.30014,242,37
41.04782,-8.30276,207,48
41.05656,-8.30539,165,34
41.06531,-8.30802,20,4
41.07405,-8.31065,334,100
41.0828,-8.31329,508,82
41.09154,-8.31592,4,0
41.13526,-8.3291,156,14
41.144,-8.33174,56,13
41.15274,-8.33438,75,12
41.16149,-8.33702,370,99
41.17023,-8.33966,904,175
41.17897,-8.34231,477,102
41.18771,-8.34495,596,98
41.19645,-8.3476,555,123
41.2052,-8.35024,130,29
41.21394,-8.35289,687,116
41.22268,-8.35554,328,50
41.23142,-8.35819,901,141
41.24016,-8.36084,1029,179
41.2489,-8.36349,1068,120
41.25764,-8.36614,297,56
41.26638,-8.3688,650,89
41.27512,-8.37145,3105,397
41.28386,-8.37411,1896,356
41.2926,-8.37676,928,161
41.30134,-8.37942,387,69
41.31008,-8.38208,704,89
41.31882,-8.38474,19,1
41.32756,-8.3874,130,20
41.3363,-8.39006,186,34
41.34504,-8.39273,711,191
41.35378,-8.39539,824,262
41.36251,-8.39805,1607,376
41.37125,-8.40072,1601,476
41.37999,-8.40339,624,152
41.38873,-8.40605,1726,484
41.39747,-8.40872,1255,289
41.4062,-8.41139,916,269
41.41494,-8.41406,621,98
41.42368,-8.41674,959,168
41.43241,-8.41941,2599,311
41.44115,-8.42208,1832,354
41.44989,-8.42476,513,82
41.45862,-8.42743,459,105
41.46736,-8.43011,20,2
41.4761,-8.43279,350,82
41.48483,-8.43547,375,59
41.49357,-8.43815,664,127
41.5023,-8.44083,580,104
41.51104,-8.44351,1163,197
41.51977,-8.4462,572,168
41.52851,-8.44888,2472,383
41.53724,-8.45157,1851,206
41.54598,-8.45425,566,150
41.55471,-8.45694,553,121
41.56344,-8.45963,793,123
41.57218,-8.46232,1307,208
41.58091,-8.46501,1358,252
41.58964,-8.4677,894,188
41.59838,-8.47039,1460,250
41.60711,-8.47309,218,65
41.61584,-8.47578,626,142
41.62458,-8.47848,321,57
41.63331,-8.48117,315,47
41.64204,-8.48387,518,86
41.65077,-8.48657,172,42
41.65951,-8.48927,223,46
41.66824,-8.49197,64,21
41.67697,-8.49467,65,20
41.6857,-8.49738,106,15
41.69443,-8.50008,408,84
41.70316,-8.50278,61,12
41.71189,-8.50549,86,31
41.72062,-8.5082,41,18
41.72935,-8.51091,89,22
41.74682,-8.51633,1,1
41.75555,-8.51904,61,10
41.76427,-8.52175,61,18
41.773,-8.52446,115,33
41.78173,-8.52718,227,58
41.79046,-8.52989,271,81
41.79919,-8.53261,263,67
41.80792,-8.53533,39,12
41.81665,-8.53805,2,0
41.83411,-8.54349,39,11
41.84283,-8.54621,16,5
41.85156,-8.54893,31,13
41.86029,-8.55166,39,17
41.87774,-8.55711,69,7
41.88647,-8.55983,113,29
41.8952,-8.56256,19,4
41.90393,-8.56529,303,71
41.91265,-8.56802,708,218
41.92138,-8.57075,111,47
41.93883,-8.57622,11,9
41.96501,-8.58443,31,9
41.98246,-8.5899,20,9
41.99118,-8.59264,21,11
41.99991,-8.59538,39,20
42.00863,-8.59813,3,2
42.01736,-8.60087,10,2
42.02608,-8.60361,57,13
42.04353,-8.60911,346,94
37.88089,-7.40448,2,0
37.8897,-7.40677,4,0
37.91614,-7.41366,36,2
37.92495,-7.41596,756,233
38.08352,-7.45749,4,0
38.11875,-7.46675,6,0
38.12756,-7.46907,2,0
38.13636,-7.47139,107,1
38.14517,-7.47371,23,9
38.15398,-7.47603,3,0
38.33887,-7.52497,3,0
38.41809,-7.54606,132,9
38.42689,-7.5484,168,28
38.44449,-7.5531,11,1
38.50609,-7.56957,241,77
38.53248,-7.57664,1,0
38.55008,-7.58136,4,0
38.57647,-7.58844,1,0
38.63805,-7.60501,4,0
38.64685,-7.60737,7,0
38.65564,-7.60975,3,2
38.74359,-7.6335,4,1
38.84031,-7.65972,17,9
38.89306,-7.67408,26,14
38.90185,-7.67647,173,48
38.95459,-7.69086,7,2
38.97217,-7.69566,9,1
39.1567,-7.74631,4,0
39.21819,-7.76329,3,2
39.26211,-7.77544,1,0
39.27968,-7.7803,1,0
39.33237,-7.79492,4,0
39.52552,-7.84882,45,26
39.53429,-7.85128,151,93
39.54307,-7.85374,3,1
39.56063,-7.85866,13,4
39.5694,-7.86113,2,0
39.57818,-7.86359,1,0
39.59573,-7.86852,19,7
39.63083,-7.8784,6,1
39.63961,-7.88087,7,1
39.68348,-7.89324,65,23
39.69226,-7.89572,7,3
39.73612,-7.90812,39,13
39.7449,-7.9106,285,101
39.75367,-7.91308,96,17
39.76244,-7.91557,13,9
39.78876,-7.92302,2,1
39.88524,-7.95044,34,16
39.89401,-7.95294,3,1
39.90278,-7.95544,4,0
39.92032,-7.96044,3,3
39.92908,-7.96295,7,3
39.93785,-7.96545,16,6
39.95539,-7.97046,2,2
39.96416,-7.97296,9,3
39.99923,-7.983,28,23
40.008,-7.98551,3,3
40.02553,-7.99053,25,14
40.05183,-7.99807,14,5
40.0606,-8.00059,12,7
40.06936,-8.00311,20,14
40.10443,-8.01319,3,2
40.13072,-8.02076,23,11
40.14825,-8.02581,11,8
40.16578,-8.03086,3,0
40.18331,-8.03592,12,5
40.2096,-8.04351,16,4
40.21836,-8.04605,262,51
40.22712,-8.04858,455,100
40.23588,-8.05112,20,6
40.24465,-8.05365,3,0
40.26217,-8.05873,9,5
40.27093,-8.06127,24,9
40.28846,-8.06635,37,10
40.29722,-8.06889,27,9
40.3235,-8.07652,2,2
40.34978,-8.08417,27,13
40.3673,-8.08926,83,26
40.37606,-8.09181,53,5
40.38482,-8.09437,125,44
40.39358,-8.09692,202,78
40.4111,-8.10203,93,25
40.43737,-8.1097,72,29
40.45489,-8.11482,55,9
40.46365,-8.11738,43,12
40.4724,-8.11994,62,26
40.48116,-8.1225,1,0
40.48992,-8.12506,15,3
40.54246,-8.14046,11,2
40.55121,-8.14303,216,57
40.55997,-8.14561,175,68
40.56872,-8.14818,41,15
40.57748,-8.15075,141,46
40.63876,-8.16879,13,3
40.64752,-8.17137,9,1
40.66502,-8.17654,124,25
40.68253,-8.18171,88,30
40.69128,-8.18429,77,17
40.70003,-8.18688,4,0
40.70879,-8.18947,80,11
40.71754,-8.19206,64,14
40.72629,-8.19465,96,29
40.73504,-8.19724,74,9
40.7438,-8.19983,61,19
40.75255,-8.20242,126,63
40.7613,-8.20502,32,18
40.7788,-8.21021,37,29
40.80505,-8.218,32,15
40.8138,-8.2206,22,6
40.82255,-8.2232,14,4
40.8313,-8.2258,1,0
40.8488,-8.23101,13,9
40.89255,-8.24404,42,15
40.91004,-8.24926,29,14
40.91879,-8.25187,308,62
40.92754,-8.25449,956,208
40.93629,-8.2571,410,66
40.94504,-8.25971,5,0
40.95378,-8.26233,14,5
40.98002,-8.27018,21,11
40.98877,-8.2728,11,5
40.99752,-8.27542,126,20
41.00626,-8.27805,45,10
41.01501,-8.28067,30,8
41.0325,-8.28592,206,44
41.04125,-8.28854,214,37
41.04999,-8.29117,341,74
41.05874,-8.2938,398,88
41.06748,-8.29643,402,90
41.07623,-8.29906,41,14
41.08497,-8.30169,213,37
41.09372,-8.30432,177,28
41.10246,-8.30695,72,12
41.1112,-8.30958,106,20
41.11995,-8.31222,331,38
41.12869,-8.31486,244,29
41.13743,-8.31749,106,15
41.14618,-8.32013,5,0
41.15492,-8.32277,265,23
41.16366,-8.32541,501,83
41.17241,-8.32805,1086,158
41.18115,-8.33069,815,165
41.18989,-8.33333,373,80
41.19863,-8.33598,968,111
41.20738,-8.33862,4184,743
41.21612,-8.34127,573,76
41.22486,-8.34392,778,117
41.2336,-8.34656,539,85
41.24234,-8.34921,417,52
41.25108,-8.35186,852,169
41.25982,-8.35451,652,117
41.26856,-8.35717,662,110
41.27731,-8.35982,186,10
41.28605,-8.36247,676,86
41.29479,-8.36513,1081,176
41.30353,-8.36778,639,89
41.31227,-8.37044,696,120
41.32101,-8.3731,1233,203
41.32974,-8.37576,733,124
41.33848,-8.37842,512,107
41.34722,-8.38108,454,144
41.35596,-8.38374,947,219
41.3647,-8.38641,779,223
41.37344,-8.38907,1213,270
41.38218,-8.39174,407,92
41.39091,-8.3944,1704,355
41.39965,-8.39707,221,36
41.40839,-8.39974,899,186
41.41713,-8.40241,218,27
41.42587,-8.40508,367,61
41.4346,-8.40775,872,191
41.44334,-8.41042,1029,269
41.45208,-8.41309,704,150
41.46081,-8.41577,222,85
41.46955,-8.41844,6,1
41.47829,-8.42112,363,56
41.48702,-8.4238,433,92
41.49576,-8.42648,235,31
41.50449,-8.42916,778,116
41.51323,-8.43184,651,107
41.52196,-8.43452,888,179
41.5307,-8.4372,2304,456
41.53943,-8.43989,5772,891
41.54817,-8.44257,1903,254
41.5569,-8.44526,4267,617
41.56564,-8.44794,1082,178
41.57437,-8.45063,1485,221
41.58311,-8.45332,1144,299
41.59184,-8.45601,529,142
41.60057,-8.4587,1468,293
41.60931,-8.46139,561,163
41.61804,-8.46409,901,132
41.62677,-8.46678,992,144
41.63551,-8.46948,166,41
41.64424,-8.47217,66,11
41.65297,-8.47487,43,15
41.6617,-8.47757,219,63
41.67044,-8.48027,31,6
41.67917,-8.48297,2,2
41.6879,-8.48567,197,32
41.69663,-8.48837,330,103
41.70536,-8.49108,84,26
41.71409,-8.49378,60,23
41.72283,-8.49649,32,6
41.73156,-8.49919,57,26
41.74902,-8.50461,7,5
41.75775,-8.50732,90,26
41.76648,-8.51003,163,57
41.77521,-8.51274,127,23
41.78394,-8.51546,136,29
41.79267,-8.51817,78,23
41.8014,-8.52089,151,41
41.81013,-8.5236,38,22
41.81885,-8.52632,28,7
41.82758,-8.52904,30,13
41.85377,-8.5372,56,20
41.87995,-8.54537,142,33
41.88868,-8.54809,175,51
41.89741,-8.55082,169,43
41.90613,-8.55355,243,56
41.91486,-8.55628,612,143
41.92359,-8.55901,178,67
41.93231,-8.56174,3,3
41.94104,-8.56447,42,27
41.94977,-8.5672,25,18
41.98467,-8.57815,32,7
41.9934,-8.58089,15,2
42.01085,-8.58637,24,6
42.01957,-8.58911,15,5
42.03702,-8.59459,40,11
42.04574,-8.59734,297,89
37.84769,-7.38422,7,1
37.87413,-7.39109,1,0
37.88294,-7.39339,4,4
37.89175,-7.39568,2,2
37.90938,-7.40027,2,2
37.91819,-7.40257,22,6
37.927,-7.40487,1300,364
37.97987,-7.41867,194,60
37.98868,-7.42097,125,43
38.03273,-7.4325,3,0
38.04154,-7.43481,8,1
38.12962,-7.45794,32,0
38.13843,-7.46026,927,317
38.14723,-7.46258,16,1
38.15604,-7.4649,3,2
38.34094,-7.51381,442,154
38.34974,-7.51615,5,0
38.36735,-7.52083,3,0
38.40255,-7.5302,1,0
38.41136,-7.53254,18,7
38.42016,-7.53489,1780,401
38.42896,-7.53723,2761,692
38.43776,-7.53958,11,6
38.56975,-7.57489,23,2
38.58735,-7.57961,1,0
38.61374,-7.5867,6,0
38.65772,-7.59854,4,0
38.76326,-7.62704,2,1
38.8424,-7.64849,90,31
38.85119,-7.65088,31,9
38.85998,-7.65327,5,0
38.87757,-7.65805,14,6
38.88636,-7.66044,21,13
38.89515,-7.66283,2,0
38.9391,-7.67481,11,2
38.94789,-7.67721,527,191
38.95668,-7.67961,656,195
38.96547,-7.68201,26,6
39.00942,-7.69402,5,1
39.23786,-7.75685,1,1
39.38716,-7.79826,99,42
39.52763,-7.83747,4,2
39.53641,-7.83993,5,2
39.57152,-7.84978,15,7
39.60662,-7.85964,2,2
39.6154,-7.8621,23,15
39.62417,-7.86457,10,7
39.65928,-7.87445,9,7
39.73824,-7.89674,8,5
39.74702,-7.89922,27,9
39.75579,-7.9017,27,13
39.79965,-7.91413,73,34
39.80842,-7.91661,27,9
39.86105,-7.93156,3,3
39.86982,-7.93405,23,13
39.87859,-7.93655,16,13
39.89613,-7.94154,15,8
39.9049,-7.94404,16,12
39.91367,-7.94654,1,0
39.93121,-7.95154,8,4
39.94875,-7.95654,2,2
39.97506,-7.96406,88,40
39.99259,-7.96907,19,14
40.01013,-7.97409,2,0
40.02766,-7.97911,46,27
40.03643,-7.98162,2,2
40.08903,-7.99671,8,8
40.12409,-8.00679,14,7
40.15039,-8.01436,10,2
40.16792,-8.01941,2,1
40.18544,-8.02447,14,6
40.20297,-8.02953,92,42
40.21173,-8.03206,29,14
40.22926,-8.03713,6,1
40.23802,-8.03966,108,35
40.24679,-8.04219,65,19
40.25555,-8.04473,8,5
40.26431,-8.04727,70,31
40.27307,-8.0498,37,13
40.28184,-8.05234,15,1
40.2906,-8.05488,98,24
40.29936,-8.05742,60,14
40.31688,-8.06251,16,9
40.32564,-8.06505,17,6
40.3344,-8.0676,2,0
40.34316,-8.07014,12,4
40.35192,-8.07269,125,34
40.36068,-8.07524,55,12
40.36944,-8.07778,142,62
40.3782,-8.08033,71,22
40.38696,-8.08288,17,3
40.39572,-8.08543,78,22
40.40448,-8.08799,30,9
40.41324,-8.09054,15,1
40.43076,-8.09565,373,142
40.43952,-8.09821,232,68
40.44828,-8.10076,28,9
40.45704,-8.10332,23,4
40.46579,-8.10588,132,43
40.47455,-8.10844,87,26
40.48331,-8.111,68,27
40.50958,-8.11869,8,4
40.51834,-8.12125,151,55
40.53585,-8.12639,129,49
40.54461,-8.12896,218,58
40.55336,-8.13152,520,94
40.56212,-8.13409,351,132
40.57088,-8.13666,192,68
40.57963,-8.13924,27,9
40.58839,-8.14181,2,2
40.6059,-8.14696,76,24
40.64092,-8.15727,19,5
40.64967,-8.15985,30,9
40.66718,-8.16501,32,5
40.67593,-8.16759,2,0
40.68469,-8.17017,47,16
40.69344,-8.17276,7,4
40.70219,-8.17534,34,12
40.71094,-8.17793,265,38
40.7197,-8.18052,157,26
40.72845,-8.18311,364,41
40.7372,-8.18569,103,7
40.74595,-8.18829,88,13
40.75471,-8.19088,75,36
40.76346,-8.19347,8,4
40.77221,-8.19606,1,1
40.78096,-8.19866,2,1
40.78971,-8.20125,7,2
40.79846,-8.20385,1,1
40.81597,-8.20904,18,9
40.82472,-8.21164,120,51
40.83347,-8.21424,12,4
40.84222,-8.21684,28,13
40.89471,-8.23247,8,2
40.90346,-8.23508,69,21
40.91221,-8.23769,55,10
40.92096,-8.2403,114,22
40.92971,-8.24291,1590,458
40.93846,-8.24552,564,75
40.95595,-8.25075,37,7
40.99094,-8.26122,56,13
40.99969,-8.26384,49,13
41.00843,-8.26646,135,17
41.01718,-8.26908,182,40
41.02593,-8.2717,28,6
41.03467,-8.27432,338,73
41.04342,-8.27695,938,189
41.05216,-8.27957,426,61
41.06091,-8.2822,514,103
41.06965,-8.28483,332,58
41.0784,-8.28746,339,88
41.08714,-8.29009,525,143
41.09589,-8.29272,131,35
41.10463,-8.29535,422,82
41.11338,-8.29798,757,138
41.12212,-8.30061,923,185
41.13087,-8.30325,935,119
41.13961,-8.30588,457,66
41.14835,-8.30852,132,36
41.1571,-8.31116,799,128
41.16584,-8.31379,645,129
41.17458,-8.31643,282,51
41.18333,-8.31907,405,80
41.19207,-8.32172,881,164
41.20081,-8.32436,2467,362
41.20955,-8.327,3089,416
41.2183,-8.32965,949,167
41.22704,-8.33229,407,45
41.23578,-8.33494,225,40
41.24452,-8.33758,472,77
41.25326,-8.34023,114,20
41.262,-8.34288,816,133
41.27075,-8.34553,638,90
41.27949,-8.34818,737,138
41.28823,-8.35084,1759,269
41.29697,-8.35349,520,52
41.30571,-8.35615,392,61
41.31445,-8.3588,607,59
41.32319,-8.36146,302,49
41.33193,-8.36412,138,19
41.34067,-8.36677,510,122
41.34941,-8.36943,283,69
41.35815,-8.37209,1504,351
41.36688,-8.37476,351,68
41.37562,-8.37742,818,146
41.38436,-8.38008,240,57
41.3931,-8.38275,1968,507
41.40184,-8.38541,202,35
41.41058,-8.38808,1259,238
41.41931,-8.39075,815,180
41.42805,-8.39342,245,49
41.43679,-8.39609,1917,373
41.44553,-8.39876,1009,228
41.45426,-8.40143,261,45
41.463,-8.4041,238,46
41.47174,-8.40678,36,2
41.48048,-8.40945,13,3
41.48921,-8.41213,264,42
41.49795,-8.41481,440,111
41.50668,-8.41748,859,171
41.51542,-8.42016,802,140
41.52416,-8.42284,1289,258
41.53289,-8.42552,2607,466
41.54163,-8.42821,8618,1519
41.55036,-8.43089,9409,2075
41.5591,-8.43357,7272,976
41.56783,-8.43626,1700,385
41.57657,-8.43895,201,37
41.5853,-8.44163,66,23
41.59403,-8.44432,241,39
41.60277,-8.44701,24,7
41.6115,-8.4497,427,94
41.62024,-8.45239,509,63
41.62897,-8.45509,428,79
41.6377,-8.45778,276,48
41.64644,-8.46048,166,36
41.65517,-8.46317,14,2
41.6639,-8.46587,135,33
41.67263,-8.46857,342,91
41.68137,-8.47127,118,31
41.6901,-8.47397,60,16
41.69883,-8.47667,256,71
41.70756,-8.47937,55,8
41.71629,-8.48207,8,6
41.72502,-8.48478,6,2
41.73376,-8.48748,54,26
41.75122,-8.49289,5,0
41.75995,-8.4956,20,8
41.76868,-8.49831,215,71
41.77741,-8.50102,399,126
41.78614,-8.50373,409,101
41.79487,-8.50645,111,30
41.8036,-8.50916,104,32
41.81233,-8.51188,70,34
41.82106,-8.51459,42,10
41.82979,-8.51731,45,27
41.87343,-8.53091,108,34
41.88216,-8.53363,42,15
41.89089,-8.53635,44,11
41.89961,-8.53908,128,34
41.90834,-8.54181,100,39
41.91707,-8.54453,178,52
41.9258,-8.54726,183,52
41.93452,-8.54999,24,15
41.95198,-8.55545,69,39
41.97815,-8.56365,1,1
42.01306,-8.5746,34,7
42.02178,-8.57734,20,9
42.03051,-8.58008,12,3
42.03923,-8.58283,91,37
37.84093,-7.37085,7,0
37.84974,-7.37314,4,4
37.97311,-7.40527,5,0
37.98192,-7.40757,457,146
37.99073,-7.40987,31,10
38.04359,-7.4237,2,0
38.09645,-7.43756,1,0
38.10525,-7.43987,29,0
38.11406,-7.44219,77,0
38.12287,-7.4445,38,4
38.13168,-7.44682,426,45
38.14049,-7.44914,4248,1135
38.14929,-7.45145,1022,243
38.1581,-7.45377,2,2
38.34301,-7.50265,10,0
38.36942,-7.50967,76,17
38.39582,-7.51669,7,1
38.41343,-7.52137,13,5
38.42223,-7.52372,472,93
38.43103,-7.52606,500,129
38.43983,-7.52841,9,6
38.44863,-7.53075,3,2
38.45743,-7.5331,7,0
38.51023,-7.5472,1,0
38.60702,-7.57314,12,7
38.61581,-7.5755,22,14
38.62461,-7.57787,14,7
38.63341,-7.58023,9,4
38.64221,-7.5826,18,4
38.6598,-7.58733,3,0
38.6686,-7.5897,6,2
38.80931,-7.62772,2,1
38.83569,-7.63487,6,0
38.84448,-7.63726,16,2
38.85328,-7.63964,9,4
38.86207,-7.64203,7,3
38.87965,-7.64681,4,0
38.88844,-7.6492,5,0
38.94119,-7.66356,5,0
38.94998,-7.66596,285,63
38.95877,-7.66835,164,40
38.99393,-7.67795,2,0
39.29266,-7.76013,3,0
39.38927,-7.78694,14,1
39.39805,-7.78938,25,12
39.50341,-7.81876,34,21
39.51218,-7.82122,58,28
39.57363,-7.83843,17,9
39.71404,-7.87793,3,0
39.72281,-7.88041,22,9
39.73159,-7.88288,4,2
39.74036,-7.88536,5,1
39.74914,-7.88784,57,20
39.75791,-7.89032,5,3
39.81055,-7.90522,3,2
39.82809,-7.9102,12,9
39.88072,-7.92515,48,22
39.89826,-7.93014,10,5
39.90703,-7.93263,14,5
39.9158,-7.93513,31,4
39.92457,-7.93763,4,2
39.93334,-7.94013,8,2
39.95965,-7.94763,27,17
39.96842,-7.95014,1,1
39.98595,-7.95514,25,12
40.00349,-7.96016,3,1
40.01226,-7.96266,6,6
40.02979,-7.96768,4,0
40.04733,-7.97271,13,6
40.05609,-7.97522,37,15
40.07363,-7.98025,15,6
40.08239,-7.98276,6,2
40.12622,-7.99535,2,1
40.13499,-7.99787,3,0
40.14376,-8.00039,38,20
40.16129,-8.00544,1,0
40.19634,-8.01555,12,5
40.21387,-8.02061,6,3
40.22263,-8.02314,47,7
40.24016,-8.0282,199,48
40.24892,-8.03073,4,0
40.26645,-8.0358,1,1
40.27521,-8.03834,13,3
40.28397,-8.04088,118,35
40.29274,-8.04342,17,4
40.31026,-8.04849,27,7
40.31902,-8.05104,61,18
40.32778,-8.05358,79,26
40.33654,-8.05612,79,25
40.34531,-8.05867,90,23
40.35407,-8.06121,11,0
40.38035,-8.06885,39,9
40.38911,-8.0714,337,150
40.39787,-8.07395,156,55
40.40663,-8.0765,254,92
40.41539,-8.07905,117,53
40.42415,-8.0816,11,3
40.43291,-8.08416,8,0
40.44166,-8.08671,14,0
40.45918,-8.09183,98,32
40.46794,-8.09438,47,11
40.4767,-8.09694,73,29
40.49421,-8.10206,51,11
40.50297,-8.10462,226,88
40.51173,-8.10719,50,9
40.52049,-8.10975,159,64
40.52924,-8.11231,74,23
40.538,-8.11488,97,30
40.54676,-8.11745,2,2
40.55551,-8.12001,107,31
40.56427,-8.12258,99,19
40.57303,-8.12515,165,57
40.58178,-8.12772,266,66
40.59054,-8.13029,29,4
40.60805,-8.13544,57,30
40.65182,-8.14832,36,3
40.66058,-8.1509,116,47
40.66933,-8.15348,90,36
40.67809,-8.15606,70,16
40.68684,-8.15864,248,88
40.69559,-8.16122,39,13
40.70435,-8.16381,127,22
40.7131,-8.16639,19,3
40.72185,-8.16898,42,17
40.73061,-8.17156,1942,375
40.73936,-8.17415,300,84
40.74811,-8.17674,14,4
40.76562,-8.18192,105,30
40.77437,-8.18451,3,0
40.79187,-8.1897,20,14
40.80062,-8.1923,3,3
40.82688,-8.20009,28,11
40.83563,-8.20268,24,14
40.87938,-8.21569,4,1
40.89688,-8.2209,72,16
40.90563,-8.22351,84,20
40.91438,-8.22612,293,67
40.92312,-8.22873,170,42
40.93187,-8.23134,78,14
40.94937,-8.23656,5,1
40.95812,-8.23917,8,4
40.98436,-8.24702,13,4
40.99311,-8.24963,9,1
41.0106,-8.25487,8,0
41.01935,-8.25749,62,3
41.0281,-8.26011,516,116
41.03684,-8.26273,554,113
41.04559,-8.26535,634,164
41.05433,-8.26798,248,49
41.06308,-8.2706,157,22
41.07183,-8.27323,449,51
41.08057,-8.27586,446,88
41.08932,-8.27848,156,23
41.09806,-8.28111,58,10
41.10681,-8.28374,387,73
41.11555,-8.28637,511,93
41.1243,-8.289,946,143
41.13304,-8.29164,958,157
41.14178,-8.29427,554,108
41.15053,-8.29691,1316,185
41.15927,-8.29954,764,113
41.16802,-8.30218,526,78
41.17676,-8.30482,759,101
41.1855,-8.30746,487,74
41.19425,-8.3101,474,75
41.20299,-8.31274,460,125
41.21173,-8.31538,777,129
41.22047,-8.31802,962,135
41.22922,-8.32067,835,125
41.23796,-8.32331,743,116
41.2467,-8.32596,631,108
41.25544,-8.3286,71,13
41.26418,-8.33125,402,40
41.27292,-8.3339,920,129
41.28167,-8.33655,1647,274
41.29041,-8.3392,3023,546
41.29915,-8.34185,557,87
41.30789,-8.34451,1182,229
41.31663,-8.34716,939,112
41.32537,-8.34982,1416,247
41.33411,-8.35247,170,42
41.34285,-8.35513,370,79
41.35159,-8.35779,865,166
41.36033,-8.36045,1056,224
41.36907,-8.36311,735,219
41.37781,-8.36577,425,105
41.38655,-8.36843,1029,232
41.39529,-8.37109,1134,287
41.40402,-8.37376,1149,298
41.41276,-8.37642,186,53
41.4215,-8.37909,1051,251
41.43024,-8.38176,607,117
41.43898,-8.38443,1257,276
41.44771,-8.38709,765,200
41.45645,-8.38977,40,3
41.46519,-8.39244,173,35
41.47393,-8.39511,450,78
41.48266,-8.39778,57,16
41.4914,-8.40046,51,4
41.50014,-8.40313,252,52
41.50887,-8.40581,94,10
41.52635,-8.41117,2228,246
41.53508,-8.41385,3376,742
41.54382,-8.41653,8295,2264
41.55255,-8.41921,5101,1495
41.56129,-8.42189,8614,1233
41.57002,-8.42458,603,154
41.57876,-8.42726,910,140
41.58749,-8.42995,1636,308
41.59623,-8.43263,1609,391
41.60496,-8.43532,436,84
41.6137,-8.43801,630,116
41.62243,-8.4407,703,90
41.63116,-8.44339,791,143
41.6399,-8.44608,286,49
41.64863,-8.44878,520,139
41.65736,-8.45147,128,35
41.6661,-8.45417,183,42
41.67483,-8.45686,157,42
41.68356,-8.45956,17,4
41.70103,-8.46496,27,7
41.70976,-8.46766,158,59
41.71849,-8.47036,44,13
41.72722,-8.47306,19,11
41.73595,-8.47577,63,19
41.74469,-8.47847,58,31
41.75342,-8.48118,16,8
41.76215,-8.48388,114,42
41.77088,-8.48659,79,16
41.77961,-8.4893,147,59
41.78834,-8.49201,118,23
41.79707,-8.49472,279,76
41.8058,-8.49743,91,32
41.81453,-8.50015,80,17
41.82326,-8.50286,36,14
41.83199,-8.50558,46,27
41.84072,-8.50829,26,13
41.84945,-8.51101,6,4
41.85818,-8.51373,12,11
41.88436,-8.52189,42,16
41.89309,-8.52461,154,63
41.90182,-8.52734,81,19
41.91055,-8.53006,96,36
41.91927,-8.53279,202,65
41.928,-8.53551,138,38
41.93673,-8.53824,55,13
41.94546,-8.54097,8,2
41.95418,-8.5437,23,21
42.02399,-8.56558,31,11
42.03272,-8.56832,3,1
42.04144,-8.57106,245,77
37.85179,-7.36205,2,2
37.8606,-7.36434,2,0
37.92229,-7.38038,4,0
37.97516,-7.39417,3,0
38.05446,-7.4149,1,1
38.10731,-7.42875,5,0
38.11612,-7.43107,9,0
38.13374,-7.43569,45,5
38.14254,-7.43801,461,35
38.15135,-7.44032,11,5
38.16016,-7.44264,1,0
38.16897,-7.44496,1,0
38.36268,-7.49617,2,0
38.4243,-7.51255,9,1
38.4331,-7.51489,45,5
38.61789,-7.56431,19,1
38.62669,-7.56667,62,17
38.63549,-7.56903,34,10
38.64428,-7.5714,12,2
38.65308,-7.57376,24,6
38.66188,-7.57613,26,7
38.67067,-7.57849,3,0
38.67947,-7.58086,3,0
38.70586,-7.58797,4,0
38.74984,-7.59984,9,1
38.76742,-7.60459,5,2
38.8026,-7.61411,1,0
38.82019,-7.61887,30,10
38.82898,-7.62125,6,0
38.83778,-7.62364,81,13
38.84657,-7.62602,28,2
38.85536,-7.62841,20,5
38.86415,-7.63079,7,3
38.87295,-7.63318,2,2
38.88174,-7.63557,54,12
38.89932,-7.64035,4,2
38.90811,-7.64274,2,0
38.91691,-7.64513,4,0
38.93449,-7.64992,4,0
38.96086,-7.6571,59,15
38.96965,-7.6595,1,1
39.10148,-7.69556,16,6
39.18935,-7.71972,6,2
39.29476,-7.74882,4,0
39.39137,-7.77562,7,2
39.40015,-7.77806,414,178
39.50551,-7.80742,7,6
39.51429,-7.80988,88,50
39.57574,-7.82707,1,1
39.63718,-7.84432,109,49
39.64595,-7.84679,1,0
39.72493,-7.86903,5,0
39.73371,-7.87151,63,19
39.74248,-7.87398,8,5
39.76003,-7.87894,49,26
39.7688,-7.88142,75,23
39.82144,-7.89632,5,5
39.8653,-7.90876,7,4
39.88284,-7.91375,8,5
39.89161,-7.91624,30,13
39.90038,-7.91873,2,2
39.90915,-7.92123,11,4
39.91792,-7.92372,178,36
39.92669,-7.92622,3,1
39.93546,-7.92872,5,2
39.94423,-7.93122,10,4
39.953,-7.93372,13,9
39.96177,-7.93622,2,1
40.04069,-7.95877,32,4
40.04946,-7.96128,261,55
40.06699,-7.9663,52,21
40.09329,-7.97384,6,2
40.11959,-7.98139,4,1
40.12836,-7.98391,5,0
40.13712,-7.98643,12,5
40.14589,-7.98895,1,1
40.16342,-7.994,2,2
40.17218,-7.99652,7,1
40.21601,-8.00915,3,0
40.22477,-8.01168,163,73
40.23353,-8.01421,5,2
40.2423,-8.01674,3,2
40.25106,-8.01927,43,11
40.27735,-8.02687,2,0
40.29488,-8.03195,57,14
40.30364,-8.03448,15,3
40.3124,-8.03702,212,71
40.32116,-8.03956,61,19
40.32992,-8.0421,19,9
40.33869,-8.04465,116,39
40.34745,-8.04719,84,73
40.35621,-8.04973,64,12
40.36497,-8.05228,26,8
40.37373,-8.05482,2,0
40.38249,-8.05737,4,0
40.39125,-8.05992,5,0
40.40877,-8.06501,8,1
40.41753,-8.06756,5,2
40.44381,-8.07522,82,35
40.45257,-8.07777,65,18
40.46133,-8.08033,2,1
40.47009,-8.08289,175,60
40.47884,-8.08544,92,24
40.4876,-8.088,96,37
40.49636,-8.09056,255,70
40.50512,-8.09312,215,46
40.51388,-8.09568,265,83
40.52264,-8.09824,425,86
40.53139,-8.10081,629,212
40.54015,-8.10337,388,112
40.54891,-8.10593,6,0
40.55766,-8.1085,174,69
40.56642,-8.11107,2,2
40.57518,-8.11364,1,1
40.58393,-8.1162,28,5
40.59269,-8.11877,309,77
40.61896,-8.12649,29,14
40.62771,-8.12906,26,11
40.66273,-8.13937,2,2
40.67149,-8.14195,2,0
40.68024,-8.14453,55,20
40.689,-8.14711,160,28
40.69775,-8.14969,5,3
40.7065,-8.15227,93,34
40.71526,-8.15485,115,25
40.72401,-8.15744,119,19
40.73276,-8.16002,253,64
40.74152,-8.16261,3,0
40.75027,-8.1652,15,6
40.76777,-8.17037,70,27
40.77653,-8.17297,22,7
40.78528,-8.17556,43,19
40.79403,-8.17815,4,1
40.81153,-8.18334,3,1
40.82904,-8.18853,45,27
40.86404,-8.19892,20,16
40.89904,-8.20933,11,4
40.90779,-8.21194,13,1
40.91654,-8.21455,55,18
40.95153,-8.22498,53,11
40.97778,-8.23282,68,11
40.98653,-8.23543,35,8
40.99527,-8.23805,7,1
41.01277,-8.24328,5,3
41.02152,-8.2459,1,0
41.03026,-8.24852,218,58
41.03901,-8.25114,916,140
41.04776,-8.25376,256,54
41.0565,-8.25638,460,131
41.06525,-8.25901,624,193
41.074,-8.26163,581,107
41.08274,-8.26425,641,79
41.09149,-8.26688,90,17
41.10023,-8.26951,428,104
41.10898,-8.27214,456,68
41.11772,-8.27477,478,88
41.12647,-8.2774,228,37
41.13521,-8.28003,281,49
41.14396,-8.28266,73,11
41.1527,-8.28529,94,7
41.16145,-8.28793,276,58
41.17019,-8.29056,808,73
41.17893,-8.2932,139,18
41.18768,-8.29584,335,72
41.19642,-8.29848,1880,325
41.20516,-8.30111,236,69
41.21391,-8.30375,823,162
41.22265,-8.3064,403,42
41.23139,-8.30904,621,124
41.24013,-8.31168,482,88
41.24888,-8.31433,624,92
41.25762,-8.31697,549,102
41.26636,-8.31962,1652,204
41.2751,-8.32227,278,28
41.28384,-8.32491,500,68
41.29259,-8.32756,366,64
41.30133,-8.33021,251,33
41.31007,-8.33287,1185,184
41.31881,-8.33552,1066,181
41.32755,-8.33817,246,43
41.33629,-8.34083,20,0
41.34503,-8.34348,419,68
41.35377,-8.34614,833,166
41.36251,-8.3488,1144,278
41.37125,-8.35146,1087,255
41.37999,-8.35412,560,150
41.38873,-8.35678,234,37
41.39747,-8.35944,362,67
41.40621,-8.3621,797,195
41.41495,-8.36477,629,174
41.42368,-8.36743,1467,255
41.43242,-8.3701,374,26
41.44116,-8.37276,287,88
41.4499,-8.37543,798,135
41.45864,-8.3781,94,12
41.46737,-8.38077,311,60
41.47611,-8.38344,111,20
41.49359,-8.38879,9,0
41.50232,-8.39146,203,45
41.52853,-8.39949,1492,281
41.53727,-8.40217,5887,917
41.54601,-8.40485,12282,1765
41.55474,-8.40753,8899,1828
41.56348,-8.41021,9139,1003
41.57221,-8.41289,298,91
41.58095,-8.41557,261,42
41.58968,-8.41826,114,14
41.59842,-8.42094,782,167
41.60715,-8.42363,727,127
41.61589,-8.42632,326,62
41.62462,-8.42901,360,82
41.63336,-8.4317,1023,195
41.64209,-8.43439,1452,230
41.65082,-8.43708,3187,560
41.65956,-8.43977,511,123
41.66829,-8.44246,101,27
41.67702,-8.44516,366,76
41.68576,-8.44786,11,0
41.71195,-8.45595,106,40
41.74688,-8.46676,62,21
41.75561,-8.46946,37,22
41.77308,-8.47487,113,38
41.78181,-8.47758,200,64
41.79054,-8.48029,184,57
41.79927,-8.483,102,34
41.808,-8.48571,246,76
41.81673,-8.48842,27,6
41.82546,-8.49113,39,27
41.83419,-8.49385,48,19
41.84292,-8.49656,26,12
41.85165,-8.49928,4,3
41.86911,-8.50471,1,1
41.87784,-8.50743,46,21
41.88657,-8.51015,32,12
41.89529,-8.51287,80,29
41.90402,-8.51559,3,0
41.91275,-8.51832,2,0
41.92148,-8.52104,105,22
41.93893,-8.52649,65,20
41.94766,-8.52922,190,61
42.01748,-8.55108,32,13
42.0262,-8.55381,144,52
42.03493,-8.55655,57,21
42.04365,-8.55929,227,56
37.83621,-7.3464,2,0
37.87146,-7.35555,6,2
37.88028,-7.35783,5,0
37.88909,-7.36012,6,1
38.03008,-7.39687,8,0
38.09175,-7.41301,11,2
38.10937,-7.41763,22,0
38.11818,-7.41994,8,0
38.12698,-7.42225,2,0
38.13579,-7.42457,4,1
38.1446,-7.42688,1,0
38.15341,-7.4292,2,2
38.16222,-7.43151,2,2
38.17983,-7.43615,1,1
38.35594,-7.48267,3,0
38.36474,-7.48501,1,1
38.42636,-7.50138,3,1
38.43517,-7.50372,9,0
38.44397,-7.50606,11,0
38.46157,-7.51075,1,1
38.62876,-7.55547,11,3
38.63756,-7.55783,33,5
38.64636,-7.56019,17,6
38.65516,-7.56256,9,0
38.66395,-7.56492,29,6
38.67275,-7.56729,5,0
38.68155,-7.56965,7,2
38.69914,-7.57439,5,0
38.72553,-7.5815,3,1
38.7695,-7.59337,3,2
38.80468,-7.60288,6,5
38.81348,-7.60526,26,5
38.83106,-7.61002,16,5
38.83986,-7.6124,24,11
38.84865,-7.61478,38,7
38.85744,-7.61717,8,4
38.86624,-7.61955,3,0
38.88382,-7.62433,2,0
38.93657,-7.63867,3,0
39.02448,-7.66264,2,1
39.09479,-7.68188,26,10
39.10358,-7.68429,59,14
39.11236,-7.6867,2,1
39.35835,-7.75454,20,10
39.36713,-7.75698,93,49
39.5164,-7.79853,8,3
39.56029,-7.81081,5,4
39.5954,-7.82064,12,10
39.60418,-7.8231,16,10
39.63929,-7.83296,27,12
39.65684,-7.83789,28,6
39.66562,-7.84036,78,24
39.67439,-7.84282,2,2
39.68317,-7.84529,5,0
39.7095,-7.85271,13,2
39.71827,-7.85518,42,13
39.72705,-7.85765,88,28
39.73582,-7.86013,71,30
39.76214,-7.86756,64,37
39.77092,-7.87004,42,21
39.77969,-7.87252,5,1
39.79724,-7.87748,43,23
39.82356,-7.88493,19,8
39.83233,-7.88741,13,7
39.89373,-7.90484,6,4
39.91127,-7.90982,81,16
39.92005,-7.91232,800,269
39.92882,-7.91481,90,20
39.9639,-7.9248,9,7
40.04282,-7.94734,409,155
40.05158,-7.94985,171,39
40.06912,-7.95487,45,10
40.13049,-7.97247,8,7
40.13925,-7.97499,6,0
40.15679,-7.98003,10,9
40.16555,-7.98255,1,0
40.17432,-7.98507,13,9
40.20061,-7.99264,27,14
40.21814,-7.99769,3,0
40.22691,-8.00022,14,5
40.23567,-8.00275,23,10
40.24443,-8.00528,21,6
40.2532,-8.00781,38,7
40.27072,-8.01287,3,2
40.27949,-8.01541,121,53
40.28825,-8.01794,48,13
40.29701,-8.02048,50,22
40.30578,-8.02301,52,20
40.31454,-8.02555,32,7
40.3233,-8.02809,128,43
40.33206,-8.03063,4,3
40.34082,-8.03317,150,28
40.34959,-8.03571,88,21
40.35835,-8.03825,198,49
40.36711,-8.0408,146,16
40.39339,-8.04843,17,12
40.40215,-8.05098,286,105
40.41091,-8.05353,9,0
40.41967,-8.05607,25,3
40.42843,-8.05862,98,31
40.44595,-8.06373,4,3
40.45471,-8.06628,209,73
40.46347,-8.06883,2,1
40.47223,-8.07139,82,22
40.48099,-8.07394,88,31
40.48975,-8.0765,37,4
40.49851,-8.07906,205,49
40.50727,-8.08162,409,83
40.51602,-8.08418,1682,309
40.52478,-8.08674,928,174
40.53354,-8.0893,223,77
40.5423,-8.09186,33,2
40.55981,-8.09699,53,13
40.56857,-8.09955,49,15
40.57733,-8.10212,2,0
40.59484,-8.10725,13,2
40.61235,-8.11239,3,0
40.62111,-8.11497,6,1
40.62986,-8.11754,29,22
40.6999,-8.13815,78,22
40.70866,-8.14073,67,25
40.71741,-8.14331,116,28
40.72616,-8.1459,167,29
40.73492,-8.14848,19,0
40.74367,-8.15107,29,8
40.75242,-8.15365,16,4
40.76118,-8.15624,4,3
40.76993,-8.15883,21,4
40.77868,-8.16142,88,23
40.78744,-8.16401,9,3
40.79619,-8.1666,2,2
40.8487,-8.18216,18,10
40.85745,-8.18476,24,15
40.87495,-8.18996,47,11
40.8837,-8.19256,2,2
40.9187,-8.20297,46,7
40.94495,-8.21079,1,0
40.9537,-8.2134,28,8
40.96245,-8.21601,30,7
40.9712,-8.21862,7,2
40.97994,-8.22123,7,1
40.98869,-8.22385,18,2
40.99744,-8.22646,11,3
41.02368,-8.23431,2,1
41.03243,-8.23693,196,24
41.04118,-8.23954,204,19
41.04992,-8.24216,31,5
41.05867,-8.24478,233,54
41.06742,-8.24741,331,59
41.07616,-8.25003,439,90
41.08491,-8.25265,2210,201
41.09366,-8.25528,399,64
41.1024,-8.2579,85,18
41.11115,-8.26053,1178,222
41.11989,-8.26316,185,21
41.12864,-8.26579,65,9
41.13738,-8.26842,130,14
41.14613,-8.27105,570,67
41.15487,-8.27368,143,28
41.16362,-8.27631,61,14
41.17236,-8.27895,92,12
41.18111,-8.28158,181,17
41.18985,-8.28422,71,17
41.19859,-8.28685,1930,349
41.20734,-8.28949,2001,540
41.21608,-8.29213,442,95
41.22482,-8.29477,1249,213
41.23357,-8.29741,637,117
41.24231,-8.30005,496,71
41.25105,-8.3027,727,101
41.25979,-8.30534,514,99
41.26854,-8.30799,762,148
41.27728,-8.31063,420,44
41.28602,-8.31328,546,99
41.29476,-8.31593,150,22
41.3035,-8.31858,738,115
41.31225,-8.32123,223,35
41.32099,-8.32388,464,79
41.32973,-8.32653,549,83
41.33847,-8.32918,190,18
41.34721,-8.33184,349,44
41.35595,-8.33449,284,45
41.36469,-8.33715,910,175
41.37343,-8.3398,1546,280
41.38217,-8.34246,878,242
41.39091,-8.34512,798,115
41.39965,-8.34778,644,124
41.40839,-8.35044,142,31
41.41713,-8.35311,900,175
41.42587,-8.35577,2278,434
41.43461,-8.35843,1289,235
41.44334,-8.3611,165,30
41.45208,-8.36377,2437,343
41.46082,-8.36643,252,62
41.46956,-8.3691,16,1
41.4783,-8.37177,138,28
41.48703,-8.37444,163,67
41.49577,-8.37711,9,0
41.50451,-8.37979,147,20
41.51325,-8.38246,146,23
41.52198,-8.38513,53,6
41.53072,-8.38781,55,5
41.53946,-8.39049,1061,89
41.54819,-8.39316,2641,590
41.55693,-8.39584,3528,472
41.56567,-8.39852,1335,225
41.5744,-8.4012,372,83
41.58314,-8.40389,781,138
41.59187,-8.40657,362,72
41.60061,-8.40925,204,42
41.60934,-8.41194,381,69
41.61808,-8.41462,407,94
41.62681,-8.41731,130,20
41.63555,-8.42,334,57
41.64428,-8.42269,615,95
41.65302,-8.42538,844,108
41.66175,-8.42807,360,81
41.67048,-8.43076,131,31
41.67922,-8.43346,168,46
41.68795,-8.43615,167,43
41.69668,-8.43885,110,29
41.71415,-8.44424,40,3
41.72288,-8.44694,51,17
41.75781,-8.45774,62,7
41.76654,-8.46045,12,6
41.77527,-8.46315,113,45
41.78401,-8.46586,129,39
41.79274,-8.46856,82,24
41.80147,-8.47127,162,38
41.8102,-8.47398,245,79
41.81893,-8.47669,97,29
41.82766,-8.4794,41,28
41.83639,-8.48211,29,17
41.86258,-8.49026,38,25
41.87131,-8.49297,1,1
41.88004,-8.49569,14,7
41.8975,-8.50113,93,26
41.90623,-8.50385,18,2
41.94114,-8.51474,17,7
41.94987,-8.51747,28,7
41.97605,-8.52565,10,6
41.98478,-8.52838,15,6
42.01096,-8.53658,115,42
42.02841,-8.54205,46,17
37.84707,-7.3376,2,0
37.85588,-7.33989,3,2
37.8647,-7.34217,3,0
37.89995,-7.35132,2,0
37.9352,-7.36049,7,3
37.97927,-7.37196,2,2
38.03213,-7.38576,2,0
38.0938,-7.40189,5,0
38.11142,-7.40651,33,0
38.12023,-7.40882,43,1
38.12904,-7.41113,3,0
38.13785,-7.41344,3,0
38.15547,-7.41807,6,0
38.20831,-7.43196,6,1
38.358,-7.47151,34,12
38.36681,-7.47384,518,189
38.37561,-7.47618,2,0
38.44603,-7.49489,54,13
38.46364,-7.49957,53,23
38.49884,-7.50896,3,0
38.54285,-7.5207,3,1
38.61324,-7.53954,19,3
38.62204,-7.5419,148,36
38.63084,-7.54426,132,20
38.63963,-7.54662,137,50
38.64843,-7.54899,2937,761
38.65723,-7.55135,44,3
38.66603,-7.55371,4,0
38.67482,-7.55608,19,2
38.68362,-7.55844,24,5
38.70122,-7.56317,8,7
38.71001,-7.56554,160,59
38.71881,-7.56791,7,2
38.80676,-7.59165,2,1
38.81556,-7.59402,22,9
38.82435,-7.5964,7,4
38.83314,-7.59878,11,2
38.84194,-7.60117,239,68
38.85073,-7.60355,24,8
38.85953,-7.60593,7,0
38.86832,-7.60831,1,0
38.8859,-7.61308,22,3
38.92987,-7.62502,24,10
39.04414,-7.65617,5,0
39.05293,-7.65858,14,1
39.06172,-7.66098,2,1
39.07051,-7.66338,3,0
39.09688,-7.6706,2,1
39.10567,-7.67301,1,1
39.29896,-7.72621,61,23
39.30775,-7.72864,248,150
39.32531,-7.7335,2,0
39.36045,-7.74323,32,20
39.36923,-7.74566,51,20
39.59751,-7.80929,7,7
39.65895,-7.82652,1,0
39.67651,-7.83146,52,27
39.70283,-7.83886,4,2
39.71161,-7.84133,18,0
39.72916,-7.84628,19,11
39.75548,-7.8537,19,12
39.76426,-7.85618,53,22
39.77303,-7.85865,93,30
39.78181,-7.86113,30,16
39.79058,-7.86361,13,9
39.79936,-7.86609,6,3
39.80813,-7.86857,29,13
39.82567,-7.87354,4,3
39.83445,-7.87602,17,15
39.9134,-7.89842,64,16
39.92217,-7.90091,96,21
39.93094,-7.9034,16,7
39.97479,-7.91589,5,3
39.98356,-7.91839,23,8
39.99233,-7.92089,2,1
40.01864,-7.9284,30,23
40.13262,-7.96103,3,2
40.14138,-7.96354,3,3
40.15015,-7.96606,1,1
40.15892,-7.96858,73,41
40.16768,-7.9711,14,4
40.19398,-7.97866,33,13
40.20274,-7.98119,13,10
40.22027,-7.98624,7,3
40.22904,-7.98876,4,2
40.2378,-7.99129,46,20
40.24657,-7.99382,26,8
40.2641,-7.99888,12,3
40.27286,-8.00141,22,6
40.29039,-8.00647,56,23
40.29915,-8.00901,30,6
40.30791,-8.01154,2,1
40.31667,-8.01408,19,10
40.3342,-8.01915,58,13
40.34296,-8.02169,80,19
40.35172,-8.02423,354,73
40.36049,-8.02677,1490,372
40.36925,-8.02931,198,41
40.39553,-8.03694,13,9
40.40429,-8.03949,97,36
40.41305,-8.04204,161,63
40.42181,-8.04458,18,5
40.43057,-8.04713,150,46
40.47437,-8.05989,7,3
40.48313,-8.06244,230,87
40.49189,-8.065,242,79
40.50065,-8.06755,275,96
40.50941,-8.07011,16,5
40.51817,-8.07267,618,120
40.52693,-8.07523,253,44
40.53568,-8.07779,121,49
40.54444,-8.08035,165,55
40.5532,-8.08291,13,3
40.56196,-8.08547,50,5
40.57072,-8.08804,282,99
40.57947,-8.0906,16,9
40.58823,-8.09317,14,4
40.60574,-8.0983,69,20
40.6145,-8.10087,122,41
40.62326,-8.10344,48,21
40.63201,-8.10601,17,6
40.64077,-8.10858,6,5
40.70205,-8.12661,31,10
40.71081,-8.12919,247,73
40.71956,-8.13177,157,34
40.72832,-8.13436,9,2
40.74583,-8.13952,52,25
40.75458,-8.14211,3,3
40.76333,-8.14469,91,17
40.77209,-8.14728,388,97
40.78084,-8.14987,45,9
40.78959,-8.15245,10,1
40.79834,-8.15504,18,6
40.8071,-8.15763,47,15
40.85086,-8.1706,35,23
40.85961,-8.1732,3,2
40.90336,-8.18619,78,18
40.91211,-8.1888,170,44
40.92086,-8.1914,6,0
40.94711,-8.19921,4,0
40.95586,-8.20182,23,3
40.96461,-8.20443,117,11
40.97336,-8.20704,281,59
40.98211,-8.20965,1,1
40.99086,-8.21226,27,8
40.9996,-8.21487,1,1
41.00835,-8.21749,132,54
41.0171,-8.2201,29,6
41.02585,-8.22272,72,22
41.0346,-8.22533,201,64
41.04334,-8.22795,135,26
41.05209,-8.23057,42,8
41.06084,-8.23319,582,137
41.06958,-8.23581,731,149
41.07833,-8.23843,176,27
41.08708,-8.24105,862,135
41.09582,-8.24367,838,195
41.10457,-8.2463,18,2
41.11332,-8.24892,53,6
41.12206,-8.25155,322,36
41.13081,-8.25418,65,10
41.13955,-8.25681,26,6
41.1483,-8.25943,403,64
41.15704,-8.26207,90,21
41.17453,-8.26733,141,30
41.18328,-8.26996,609,94
41.19202,-8.2726,628,94
41.20077,-8.27523,495,73
41.20951,-8.27787,3143,573
41.21825,-8.28051,78,13
41.227,-8.28314,363,88
41.23574,-8.28578,374,30
41.24448,-8.28842,640,86
41.25323,-8.29107,639,94
41.26197,-8.29371,946,109
41.27071,-8.29635,267,39
41.27945,-8.299,503,101
41.2882,-8.30164,684,125
41.29694,-8.30429,523,90
41.30568,-8.30694,195,20
41.31442,-8.30958,15,1
41.32316,-8.31223,489,40
41.33191,-8.31488,1634,214
41.34065,-8.31754,410,45
41.34939,-8.32019,158,13
41.35813,-8.32284,124,16
41.36687,-8.3255,134,26
41.37561,-8.32815,745,204
41.38435,-8.33081,561,131
41.39309,-8.33347,1174,235
41.40183,-8.33613,138,29
41.41057,-8.33879,21,4
41.41931,-8.34145,945,203
41.42805,-8.34411,1975,509
41.43679,-8.34677,577,123
41.44553,-8.34944,779,139
41.45427,-8.3521,686,112
41.463,-8.35477,1178,243
41.47174,-8.35743,572,101
41.48048,-8.3601,771,206
41.48922,-8.36277,488,122
41.49796,-8.36544,713,168
41.50669,-8.36811,291,45
41.51543,-8.37078,149,26
41.52417,-8.37346,29,11
41.53291,-8.37613,18,9
41.54164,-8.37881,18,5
41.55038,-8.38148,531,127
41.55912,-8.38416,1554,268
41.56785,-8.38684,4121,576
41.57659,-8.38952,95,24
41.58532,-8.3922,346,92
41.59406,-8.39488,632,125
41.6028,-8.39756,249,50
41.61153,-8.40024,243,44
41.62027,-8.40293,426,92
41.629,-8.40561,579,122
41.63774,-8.4083,191,44
41.64647,-8.41099,387,43
41.65521,-8.41368,278,36
41.66394,-8.41637,254,66
41.67267,-8.41906,183,32
41.68141,-8.42175,354,72
41.69014,-8.42444,482,90
41.69888,-8.42714,232,67
41.70761,-8.42983,159,44
41.71634,-8.43253,52,8
41.72508,-8.43522,159,46
41.73381,-8.43792,59,21
41.74254,-8.44062,32,15
41.75127,-8.44332,97,33
41.76001,-8.44602,145,48
41.76874,-8.44873,49,22
41.77747,-8.45143,20,10
41.7862,-8.45413,125,38
41.79493,-8.45684,325,87
41.80367,-8.45954,70,14
41.8124,-8.46225,204,84
41.82113,-8.46496,192,85
41.82986,-8.46767,78,36
41.83859,-8.47038,22,14
41.84732,-8.47309,80,39
41.85605,-8.4758,52,18
41.86478,-8.47852,114,70
41.88224,-8.48395,13,9
41.89097,-8.48667,36,16
41.90843,-8.4921,42,14
41.91716,-8.49482,3,0
41.93461,-8.50027,24,13
41.94334,-8.50299,29,11
41.95207,-8.50571,10,2
41.9608,-8.50844,1,0
41.98698,-8.51662,5,3
42.00444,-8.52208,3,3
42.01316,-8.52481,2,0
42.02189,-8.52755,79,27
42.03062,-8.53028,59,25
42.03934,-8.53302,80,34
42.04807,-8.53575,53,19
37.85793,-7.3288,8,0
37.88437,-7.33566,1,0
37.89318,-7.33794,4,0
37.902,-7.34023,2,1
37.93725,-7.34939,2,0
37.9725,-7.35856,1,0
38.10467,-7.39308,14,0
38.13109,-7.4,9,2
38.1399,-7.40231,8,2
38.36887,-7.46268,24,14
38.39528,-7.46968,1,1
38.4393,-7.48137,1,0
38.4481,-7.48371,877,238
38.4569,-7.48605,15,2
38.4657,-7.4884,4,0
38.53611,-7.50716,2,1
38.61531,-7.52834,16,6
38.62411,-7.5307,70,21
38.63291,-7.53306,3,2
38.64171,-7.53542,5,0
38.6505,-7.53778,477,132
38.6593,-7.54014,9,1
38.6681,-7.5425,3,0
38.6769,-7.54487,10,2
38.6857,-7.54723,17,0
38.69449,-7.5496,5,0
38.70329,-7.55196,12,5
38.71209,-7.55433,4,0
38.79125,-7.57566,4,0
38.81764,-7.58279,8,1
38.82643,-7.58517,81,20
38.83522,-7.58755,1133,349
38.84402,-7.58993,2250,646
38.85281,-7.59231,1837,261
38.8704,-7.59707,7,0
38.87919,-7.59946,6,2
38.88799,-7.60184,3,1
38.93195,-7.61377,2,1
38.94074,-7.61616,1,0
38.94953,-7.61855,5,0
39.04623,-7.64491,268,59
39.05502,-7.64731,1173,411
39.06381,-7.64971,105,32
39.42402,-7.74896,3,0
39.53817,-7.78075,4,1
39.65229,-7.81269,1,1
39.66106,-7.81516,43,17
39.66984,-7.81762,15,8
39.70495,-7.82749,105,40
39.71372,-7.82996,69,22
39.74005,-7.83737,2,2
39.74882,-7.83985,13,9
39.7576,-7.84232,31,19
39.76637,-7.84479,98,28
39.77515,-7.84727,262,121
39.78392,-7.84975,23,11
39.80147,-7.8547,5,2
39.81024,-7.85718,3,1
39.83656,-7.86463,47,33
39.84534,-7.86711,6,5
39.89797,-7.88203,4,4
39.91552,-7.88701,10,2
39.92429,-7.8895,71,17
39.93306,-7.89199,26,8
39.94183,-7.89449,19,9
39.95937,-7.89948,3,0
39.97691,-7.90447,7,3
39.98568,-7.90697,5,4
39.99445,-7.90947,2,0
40.02076,-7.91697,8,7
40.02953,-7.91947,1,1
40.05584,-7.92699,3,1
40.08214,-7.93451,2,2
40.18734,-7.96469,1,0
40.22241,-7.97478,5,0
40.23994,-7.97983,7,3
40.2487,-7.98236,8,6
40.25746,-7.98488,12,1
40.26623,-7.98741,550,239
40.27499,-7.98994,193,57
40.29252,-7.99501,39,10
40.30128,-7.99754,118,42
40.32757,-8.00514,64,18
40.33634,-8.00768,65,17
40.3451,-8.01021,50,13
40.35386,-8.01275,29,10
40.36262,-8.01529,415,33
40.37139,-8.01783,8,1
40.38015,-8.02037,72,27
40.38891,-8.02292,4,1
40.40643,-8.028,4,3
40.41519,-8.03055,153,50
40.42395,-8.03309,116,34
40.43271,-8.03564,34,16
40.44147,-8.03819,3,3
40.46776,-8.04584,1,0
40.48527,-8.05094,4,3
40.49403,-8.0535,25,5
40.50279,-8.05605,5,4
40.52031,-8.06116,94,67
40.52907,-8.06372,141,28
40.53783,-8.06628,127,47
40.54659,-8.06884,155,55
40.5641,-8.07396,19,1
40.57286,-8.07652,96,35
40.58162,-8.07909,197,62
40.59038,-8.08165,75,25
40.60789,-8.08678,78,29
40.6254,-8.09192,197,60
40.63416,-8.09449,1,0
40.64292,-8.09706,197,56
40.66043,-8.1022,14,5
40.66918,-8.10477,80,41
40.6867,-8.10992,27,12
40.70421,-8.11508,67,19
40.71296,-8.11765,19,4
40.72171,-8.12023,285,116
40.73922,-8.12539,34,9
40.74798,-8.12798,45,15
40.75673,-8.13056,244,87
40.76549,-8.13314,24,3
40.77424,-8.13573,282,81
40.78299,-8.13831,18,4
40.82676,-8.15126,16,8
40.83551,-8.15385,2,0
40.85301,-8.15904,12,8
40.87927,-8.16683,30,14
40.88802,-8.16942,11,3
40.90552,-8.17462,59,18
40.94927,-8.18764,26,7
40.95802,-8.19024,9,3
40.96677,-8.19285,28,8
40.97552,-8.19546,124,25
41.00177,-8.20329,15,4
41.01926,-8.20851,102,24
41.02801,-8.21112,65,23
41.03676,-8.21374,46,12
41.04551,-8.21635,113,23
41.05425,-8.21897,259,62
41.063,-8.22159,379,87
41.07175,-8.22421,132,31
41.0805,-8.22683,134,36
41.08924,-8.22945,34,7
41.10674,-8.23469,272,37
41.11548,-8.23732,293,70
41.12423,-8.23994,221,37
41.13298,-8.24257,831,138
41.14172,-8.24519,246,41
41.15047,-8.24782,225,30
41.15921,-8.25045,78,14
41.16796,-8.25308,20,5
41.1767,-8.25571,80,19
41.18545,-8.25834,325,54
41.19419,-8.26098,312,47
41.20294,-8.26361,613,69
41.21168,-8.26624,653,185
41.22042,-8.26888,230,28
41.22917,-8.27152,306,72
41.23791,-8.27416,355,62
41.24666,-8.27679,257,34
41.2554,-8.27943,771,78
41.26414,-8.28208,1376,165
41.27289,-8.28472,3639,519
41.28163,-8.28736,648,117
41.29037,-8.29,69,5
41.29911,-8.29265,28,11
41.32534,-8.30059,66,12
41.33408,-8.30324,647,99
41.34282,-8.30589,238,33
41.35156,-8.30854,918,141
41.36031,-8.31119,604,90
41.36905,-8.31385,1872,433
41.37779,-8.3165,2863,802
41.38653,-8.31916,1468,213
41.39527,-8.32181,669,135
41.40401,-8.32447,1166,248
41.41275,-8.32713,838,162
41.42149,-8.32979,295,74
41.43023,-8.33245,380,57
41.43897,-8.33511,355,78
41.44771,-8.33777,763,159
41.45645,-8.34043,458,113
41.46519,-8.3431,1260,280
41.47392,-8.34576,359,75
41.48266,-8.34843,3775,536
41.4914,-8.3511,2538,450
41.50014,-8.35377,745,139
41.50888,-8.35644,398,78
41.51762,-8.35911,727,116
41.52635,-8.36178,81,10
41.53509,-8.36445,10,3
41.54383,-8.36712,284,71
41.55256,-8.3698,160,37
41.5613,-8.37247,948,195
41.57004,-8.37515,2027,256
41.57878,-8.37783,12,2
41.58751,-8.38051,65,20
41.59625,-8.38319,304,81
41.60498,-8.38587,326,56
41.61372,-8.38855,107,25
41.62246,-8.39123,202,51
41.63119,-8.39392,233,42
41.63993,-8.3966,202,22
41.64866,-8.39929,357,55
41.6574,-8.40198,278,44
41.66613,-8.40466,459,130
41.67486,-8.40735,116,27
41.6836,-8.41004,90,22
41.69233,-8.41274,173,51
41.70107,-8.41543,220,55
41.7098,-8.41812,81,11
41.71853,-8.42082,147,43
41.72727,-8.42351,119,32
41.736,-8.42621,29,5
41.74473,-8.42891,81,24
41.75347,-8.4316,47,9
41.7622,-8.4343,133,38
41.77093,-8.437,166,48
41.77966,-8.43971,34,7
41.7884,-8.44241,113,21
41.79713,-8.44511,264,63
41.80586,-8.44782,103,18
41.81459,-8.45052,213,65
41.82332,-8.45323,96,30
41.83205,-8.45594,89,35
41.84079,-8.45865,29,6
41.84952,-8.46136,21,6
41.85825,-8.46407,80,33
41.86698,-8.46678,36,22
41.87571,-8.46949,10,6
41.88444,-8.47221,48,27
41.89317,-8.47492,25,10
41.9019,-8.47764,66,16
41.91063,-8.48036,2,2
41.91936,-8.48308,23,11
41.92809,-8.4858,1,1
41.93681,-8.48852,26,9
41.94554,-8.49124,59,26
41.98046,-8.50214,30,8
41.98918,-8.50486,118,62
41.99791,-8.50759,48,17
42.00664,-8.51032,59,25
42.01537,-8.51305,134,39
42.02409,-8.51578,55,15
42.03282,-8.51851,19,7
42.04155,-8.52125,107,35
42.05027,-8.52398,31,15
37.85115,-7.31544,2,2
37.85997,-7.31772,1,0
37.86878,-7.32,1,1
37.8776,-7.32228,2,0
37.88641,-7.32457,11,2
37.89523,-7.32685,8,3
37.99217,-7.35205,4,1
38.14196,-7.39119,3,1
38.20362,-7.40737,2,0
38.3181,-7.43754,2,0
38.42375,-7.46552,16,1
38.49417,-7.48425,3,0
38.52938,-7.49363,87,31
38.53818,-7.49598,177,47
38.60858,-7.51479,5,0
38.65258,-7.52657,14,0
38.67897,-7.53366,5,2
38.79333,-7.56444,26,8
38.81971,-7.57156,36,10
38.82851,-7.57394,35,6
38.8373,-7.57631,577,254
38.8461,-7.57869,571,160
38.85489,-7.58107,414,124
38.86368,-7.58345,16,0
38.87248,-7.58583,2,1
38.89886,-7.59298,2,1
38.91645,-7.59775,6,1
38.94282,-7.60491,1,1
39.03953,-7.63124,5,0
39.05711,-7.63604,4,0
39.0659,-7.63844,2,0
39.18015,-7.66973,2,0
39.18894,-7.67214,2,2
39.22408,-7.6818,3,0
39.38221,-7.72545,6,0
39.57539,-7.77921,10,7
39.59295,-7.78412,15,14
39.69828,-7.81365,13,4
39.70706,-7.81612,133,35
39.71583,-7.81858,8,1
39.75094,-7.82847,59,19
39.75971,-7.83094,25,13
39.77726,-7.83589,2,0
39.78604,-7.83836,23,14
39.80358,-7.84331,43,21
39.81236,-7.84579,81,52
39.82113,-7.84827,1,1
39.83868,-7.85323,12,9
39.84745,-7.85571,16,5
39.91763,-7.8756,9,8
39.92641,-7.87809,22,4
39.93518,-7.88058,6,4
39.95272,-7.88557,2,2
39.97903,-7.89305,3,3
39.9878,-7.89555,17,12
39.99657,-7.89805,5,2
40.02288,-7.90555,1,1
40.05796,-7.91556,27,12
40.08427,-7.92308,34,24
40.13687,-7.93814,14,11
40.15441,-7.94317,4,3
40.16317,-7.94569,16,11
40.18071,-7.95072,7,6
40.18947,-7.95324,17,8
40.22454,-7.96332,3,0
40.2333,-7.96585,4,0
40.24207,-7.96837,55,13
40.25083,-7.97089,116,41
40.2596,-7.97342,60,19
40.26836,-7.97595,182,42
40.28589,-7.98101,2,2
40.29465,-7.98354,1,0
40.30342,-7.98607,10,4
40.31218,-7.9886,1,1
40.32094,-7.99113,10,3
40.32971,-7.99367,2,1
40.33847,-7.9962,53,15
40.34723,-7.99874,1,0
40.356,-8.00127,16,7
40.36476,-8.00381,85,24
40.37352,-8.00635,33,7
40.38228,-8.00889,5,2
40.39105,-8.01143,2,1
40.41733,-8.01906,4,0
40.42609,-8.0216,55,8
40.43485,-8.02415,145,49
40.44361,-8.02669,43,16
40.45237,-8.02924,18,6
40.46113,-8.03179,179,74
40.4699,-8.03434,343,157
40.47866,-8.03689,9,4
40.48742,-8.03944,3,2
40.49618,-8.04199,181,58
40.52245,-8.04965,228,71
40.53121,-8.05221,67,8
40.53997,-8.05477,175,43
40.54873,-8.05733,170,62
40.55749,-8.05989,38,6
40.56625,-8.06245,3,2
40.575,-8.06501,302,106
40.58376,-8.06757,64,22
40.61004,-8.07526,138,45
40.64506,-8.08553,4,1
40.68884,-8.09839,1,1
40.6976,-8.10096,60,23
40.70635,-8.10354,152,41
40.71511,-8.10611,54,20
40.72386,-8.10869,936,231
40.73262,-8.11127,33,9
40.74137,-8.11385,42,11
40.75013,-8.11643,227,89
40.75888,-8.11901,35,5
40.76764,-8.12159,57,24
40.77639,-8.12418,140,31
40.78514,-8.12676,108,33
40.7939,-8.12935,56,27
40.97768,-8.18387,3,2
40.98643,-8.18648,10,5
40.99518,-8.18909,15,4
41.00393,-8.1917,232,68
41.01268,-8.19431,85,11
41.02142,-8.19692,96,26
41.03017,-8.19953,179,41
41.03892,-8.20214,49,12
41.04767,-8.20476,71,23
41.05642,-8.20737,151,37
41.06517,-8.20999,35,3
41.07391,-8.21261,176,34
41.08266,-8.21522,115,25
41.09141,-8.21784,104,24
41.10016,-8.22046,268,56
41.1089,-8.22309,412,73
41.11765,-8.22571,532,94
41.1264,-8.22833,65,5
41.13514,-8.23096,32,7
41.14389,-8.23358,19,6
41.15263,-8.23621,301,78
41.16138,-8.23883,497,95
41.17013,-8.24146,493,78
41.17887,-8.24409,83,23
41.19636,-8.24935,14,1
41.20511,-8.25199,230,28
41.21385,-8.25462,209,30
41.22259,-8.25725,523,63
41.23134,-8.25989,234,54
41.24008,-8.26253,449,111
41.24883,-8.26516,401,95
41.25757,-8.2678,321,38
41.26631,-8.27044,690,54
41.27506,-8.27308,1382,204
41.2838,-8.27572,876,214
41.29254,-8.27837,438,83
41.30129,-8.28101,75,11
41.31877,-8.2863,3,0
41.32751,-8.28895,11,1
41.33626,-8.29159,211,21
41.345,-8.29424,204,24
41.35374,-8.29689,1405,202
41.36248,-8.29954,1543,252
41.37122,-8.30219,702,176
41.37996,-8.30485,3701,647
41.3887,-8.3075,888,143
41.39745,-8.31016,983,170
41.40619,-8.31281,129,25
41.41493,-8.31547,1915,356
41.42367,-8.31813,1079,181
41.43241,-8.32078,703,141
41.44115,-8.32344,1287,207
41.44989,-8.3261,178,37
41.45863,-8.32877,203,32
41.46737,-8.33143,1103,225
41.4761,-8.33409,2647,350
41.48484,-8.33676,859,128
41.49358,-8.33942,1412,329
41.50232,-8.34209,146,34
41.51106,-8.34476,416,75
41.5198,-8.34743,407,57
41.52854,-8.3501,78,21
41.54601,-8.35544,296,62
41.55475,-8.35812,101,14
41.56349,-8.36079,93,16
41.57222,-8.36346,1246,246
41.58096,-8.36614,467,50
41.5897,-8.36882,133,22
41.59843,-8.3715,348,80
41.60717,-8.37418,131,34
41.61591,-8.37686,103,14
41.62464,-8.37954,199,31
41.63338,-8.38222,368,84
41.64211,-8.3849,276,35
41.65085,-8.38759,114,42
41.65958,-8.39027,235,55
41.66832,-8.39296,117,22
41.67705,-8.39565,86,24
41.68579,-8.39834,253,52
41.69452,-8.40103,116,28
41.70326,-8.40372,294,63
41.71199,-8.40641,297,70
41.72073,-8.4091,163,34
41.72946,-8.4118,155,44
41.73819,-8.41449,93,25
41.74693,-8.41719,201,62
41.75566,-8.41988,11,5
41.76439,-8.42258,96,16
41.77313,-8.42528,315,90
41.78186,-8.42798,149,31
41.79059,-8.43068,121,47
41.79932,-8.43339,170,51
41.80805,-8.43609,102,17
41.81679,-8.43879,168,46
41.82552,-8.4415,222,68
41.83425,-8.44421,125,32
41.84298,-8.44691,12,8
41.85171,-8.44962,14,4
41.86044,-8.45233,23,9
41.86917,-8.45504,13,1
41.88664,-8.46047,129,46
41.89537,-8.46318,7,3
41.9041,-8.46589,43,29
41.91283,-8.46861,40,25
41.92156,-8.47133,50,27
41.93028,-8.47405,79,33
41.93901,-8.47676,42,30
41.94774,-8.47948,8,3
41.97393,-8.48765,3,2
41.99139,-8.4931,47,23
42.00011,-8.49583,168,52
42.00884,-8.49856,154,68
42.01757,-8.50128,190,60
42.0263,-8.50401,125,39
42.03502,-8.50674,105,31
42.04375,-8.50948,7,4
42.05248,-8.51221,6,1
42.06121,-8.51494,174,58
42.06993,-8.51768,336,112
37.87964,-7.3112,3,1
37.88846,-7.31348,5,2
37.89727,-7.31576,5,1
37.95016,-7.32948,2,0
38.19686,-7.39392,3,0
38.37299,-7.44036,5,0
38.41701,-7.45202,1,1
38.43462,-7.45669,3,0
38.44342,-7.45903,4,0
38.46103,-7.4637,3,0
38.47863,-7.46838,28,7
38.48744,-7.47072,219,112
38.52264,-7.48009,1,0
38.53145,-7.48244,64,25
38.54025,-7.48479,222,72
38.54905,-7.48713,12,4
38.57545,-7.49418,1,0
38.78661,-7.55084,2,2
38.7954,-7.55321,22,6
38.8042,-7.55558,27,8
38.81299,-7.55795,1,0
38.82179,-7.56033,3,2
38.83058,-7.5627,5,0
38.83938,-7.56508,3,1
38.84817,-7.56746,56,8
38.85697,-7.56983,29,9
38.86576,-7.57221,27,6
38.92732,-7.58889,12,4
39.0504,-7.62237,2,0
39.19103,-7.66085,224,81
39.19981,-7.66326,1280,401
39.27889,-7.68501,1,1
39.29646,-7.68986,2,1
39.32282,-7.69713,3,0
39.41944,-7.72387,135,72
39.42822,-7.7263,44,9
39.59505,-7.77276,2,2
39.60383,-7.77522,7,6
39.69161,-7.79981,56,19
39.70039,-7.80228,22,9
39.70917,-7.80474,4,1
39.7706,-7.82203,8,5
39.77937,-7.8245,2,0
39.78815,-7.82697,5,3
39.79692,-7.82945,28,13
39.84957,-7.84432,32,16
39.85834,-7.8468,5,3
39.89343,-7.85673,10,2
39.90221,-7.85922,13,5
39.91098,-7.86171,5,5
39.91975,-7.86419,6,1
39.92852,-7.86668,2,1
39.9373,-7.86917,36,22
39.94607,-7.87166,26,14
39.95484,-7.87415,3,0
39.96361,-7.87665,2,0
39.99869,-7.88663,23,21
40.03377,-7.89662,10,5
40.04254,-7.89912,9,5
40.08639,-7.91164,6,3
40.09516,-7.91415,5,5
40.14777,-7.92921,13,0
40.1653,-7.93424,16,4
40.17407,-7.93675,33,18
40.18283,-7.93927,3,3
40.22667,-7.95186,60,29
40.23543,-7.95439,21,9
40.25296,-7.95943,7,0
40.26173,-7.96196,127,21
40.27049,-7.96448,6,0
40.27926,-7.96701,7,4
40.28802,-7.96954,158,57
40.29679,-7.97207,74,20
40.30555,-7.97459,26,12
40.31431,-7.97713,24,7
40.32308,-7.97966,26,9
40.3406,-7.98472,50,20
40.35813,-7.98979,46,13
40.36689,-7.99233,51,11
40.37566,-7.99487,20,6
40.38442,-7.9974,42,18
40.39318,-7.99994,3,0
40.41071,-8.00502,5,5
40.41947,-8.00757,88,33
40.42823,-8.01011,559,150
40.43699,-8.01265,92,23
40.44575,-8.0152,1,1
40.46327,-8.02029,23,9
40.47203,-8.02284,1,0
40.51583,-8.03559,21,6
40.52459,-8.03815,346,101
40.54211,-8.04326,141,48
40.55087,-8.04581,214,65
40.55963,-8.04837,154,56
40.56839,-8.05093,55,22
40.57715,-8.05349,52,16
40.58591,-8.05605,25,9
40.62969,-8.06887,131,56
40.63845,-8.07143,23,3
40.69099,-8.08685,30,12
40.69975,-8.08942,117,42
40.7085,-8.092,98,33
40.72601,-8.09715,37,11
40.73477,-8.09973,74,21
40.74352,-8.10231,44,11
40.75228,-8.10488,24,7
40.76103,-8.10746,39,10
40.76979,-8.11005,56,15
40.77854,-8.11263,204,53
40.7873,-8.11521,158,29
40.79605,-8.11779,103,36
40.90108,-8.14888,17,13
40.96234,-8.16708,101,31
40.97109,-8.16968,141,38
40.97984,-8.17229,13,6
40.99734,-8.1775,135,37
41.00609,-8.18011,359,128
41.01484,-8.18272,5,0
41.03233,-8.18794,12,7
41.04983,-8.19316,117,41
41.05858,-8.19577,105,26
41.06733,-8.19839,39,6
41.07608,-8.20101,449,102
41.08482,-8.20362,332,80
41.09357,-8.20624,54,10
41.10232,-8.20886,460,69
41.11107,-8.21148,747,113
41.11981,-8.2141,784,117
41.12856,-8.21672,825,127
41.13731,-8.21934,208,96
41.14605,-8.22197,39,4
41.1548,-8.22459,596,96
41.16355,-8.22722,432,43
41.17229,-8.22984,100,27
41.18104,-8.23247,83,18
41.20727,-8.24036,67,16
41.21602,-8.24299,533,63
41.22476,-8.24563,513,75
41.23351,-8.24826,44,8
41.24225,-8.2509,383,63
41.251,-8.25353,648,138
41.25974,-8.25617,337,51
41.26848,-8.25881,441,94
41.27723,-8.26145,956,97
41.28597,-8.26409,502,92
41.29472,-8.26673,547,79
41.30346,-8.26937,4,1
41.32094,-8.27466,531,60
41.32969,-8.2773,434,59
41.33843,-8.27995,337,38
41.34717,-8.28259,187,28
41.35591,-8.28524,1096,136
41.36466,-8.28789,882,137
41.3734,-8.29054,919,155
41.38214,-8.29319,260,33
41.39088,-8.29584,26,0
41.39962,-8.2985,271,28
41.40836,-8.30115,764,165
41.4171,-8.30381,1754,399
41.42584,-8.30646,1546,237
41.43458,-8.30912,2351,553
41.44332,-8.31178,3639,848
41.45206,-8.31444,1210,149
41.4608,-8.3171,1352,283
41.46954,-8.31976,520,71
41.47828,-8.32242,1152,155
41.48702,-8.32509,473,60
41.49576,-8.32775,910,182
41.5045,-8.33042,186,42
41.51324,-8.33308,146,32
41.52198,-8.33575,323,65
41.53072,-8.33842,185,36
41.54819,-8.34376,49,5
41.55693,-8.34643,592,78
41.56567,-8.3491,3,1
41.57441,-8.35178,380,81
41.58314,-8.35445,107,31
41.59188,-8.35713,54,8
41.60062,-8.3598,443,108
41.60935,-8.36248,171,40
41.61809,-8.36516,190,46
41.62683,-8.36784,2509,429
41.63556,-8.37052,470,102
41.6443,-8.3732,122,30
41.65303,-8.37589,113,34
41.66177,-8.37857,271,90
41.67051,-8.38126,388,110
41.67924,-8.38394,101,26
41.68798,-8.38663,166,50
41.69671,-8.38932,84,22
41.70545,-8.39201,223,39
41.71418,-8.3947,151,33
41.72291,-8.39739,87,16
41.73165,-8.40008,10,4
41.74038,-8.40277,86,22
41.74912,-8.40547,54,23
41.75785,-8.40816,26,8
41.76658,-8.41086,13,5
41.77532,-8.41356,232,59
41.78405,-8.41626,264,53
41.79278,-8.41896,307,85
41.80152,-8.42166,580,160
41.81025,-8.42436,345,95
41.81898,-8.42706,181,48
41.82771,-8.42977,500,163
41.83644,-8.43247,154,50
41.84518,-8.43518,192,48
41.85391,-8.43788,62,5
41.86264,-8.44059,111,33
41.87137,-8.4433,30,16
41.8801,-8.44601,205,60
41.88883,-8.44872,152,70
41.89756,-8.45144,51,30
41.90629,-8.45415,78,35
41.91502,-8.45686,125,60
41.92375,-8.45958,119,60
41.93248,-8.4623,138,67
41.94121,-8.46501,7,0
41.94994,-8.46773,5,2
41.95867,-8.47045,29,15
41.9674,-8.47317,66,28
41.98486,-8.47862,80,37
41.99359,-8.48134,40,17
42.00232,-8.48407,12,2
42.01104,-8.48679,82,27
42.01977,-8.48952,210,75
42.0285,-8.49225,284,90
42.03723,-8.49498,248,77
42.04595,-8.49771,209,61
42.05468,-8.50044,61,18
42.06341,-8.50317,87,27
42.07214,-8.5059,173,53
37.87287,-7.29783,2,0
37.88168,-7.30011,6,2
37.8905,-7.30239,2,0
37.9522,-7.31838,2,1
38.01389,-7.33442,2,1
38.08439,-7.3528,6,0
38.14606,-7.36893,5,0
38.41027,-7.43851,3,0
38.43668,-7.44552,2,1
38.4895,-7.45954,2,0
38.53351,-7.47125,2,1
38.54231,-7.4736,191,53
38.55111,-7.47594,64,49
38.55991,-7.47829,70,29
38.59512,-7.48768,2,2
38.63912,-7.49945,3,1
38.64792,-7.5018,4,1
38.68311,-7.51123,2,1
38.76229,-7.5325,2,0
38.78868,-7.53961,8,2
38.79748,-7.54198,171,61
38.80627,-7.54435,65,22
38.81507,-7.54672,22,7
38.82386,-7.54909,7,2
38.84145,-7.55384,5,1
38.85025,-7.55622,84,25
38.85904,-7.55859,91,21
38.86784,-7.56097,6,4
38.87663,-7.56335,14,5
38.88543,-7.56573,14,4
38.9206,-7.57525,126,41
38.9294,-7.57764,394,147
38.93819,-7.58002,7,1
38.94698,-7.58241,2,0
38.96457,-7.58718,167,65
38.97336,-7.58957,4,1
39.19311,-7.64956,150,28
39.2019,-7.65197,314,91
39.21069,-7.65438,7,0
39.28098,-7.67371,6,0
39.42153,-7.71254,485,217
39.43032,-7.71497,141,50
39.48301,-7.7296,110,77
39.5357,-7.74426,50,30
39.6235,-7.76877,5,2
39.69372,-7.78844,27,12
39.7025,-7.7909,63,30
39.77271,-7.81064,72,29
39.78148,-7.81311,118,63
39.84291,-7.83044,21,17
39.85168,-7.83292,8,7
39.89555,-7.84533,4,3
39.93064,-7.85527,17,10
39.94818,-7.86025,7,2
39.95696,-7.86274,8,3
39.96573,-7.86523,6,2
39.9745,-7.86772,2,2
40.00081,-7.87521,13,8
40.04466,-7.88769,10,9
40.12359,-7.91023,9,3
40.14989,-7.91776,45,14
40.15866,-7.92027,4,1
40.16743,-7.92279,2,0
40.19373,-7.93033,14,10
40.21126,-7.93537,11,4
40.22003,-7.93788,28,0
40.22879,-7.9404,128,59
40.23756,-7.94292,18,8
40.24632,-7.94545,38,24
40.25509,-7.94797,74,21
40.26386,-7.95049,35,5
40.27262,-7.95302,12,6
40.28139,-7.95554,1,0
40.29015,-7.95807,10,5
40.30768,-7.96312,2,1
40.31644,-7.96565,82,27
40.32521,-7.96818,33,4
40.33397,-7.97071,4,0
40.34274,-7.97324,222,88
40.3515,-7.97578,68,33
40.36026,-7.97831,58,23
40.36903,-7.98085,6,3
40.37779,-7.98338,23,8
40.38655,-7.98592,14,5
40.39532,-7.98846,6,3
40.40408,-7.991,1,0
40.41284,-7.99353,8,3
40.4216,-7.99608,379,134
40.43036,-7.99862,984,190
40.43913,-8.00116,242,67
40.44789,-8.0037,7,0
40.45665,-8.00625,12,2
40.50921,-8.02153,6,4
40.51797,-8.02409,7,1
40.52673,-8.02664,234,68
40.53549,-8.02919,103,40
40.54425,-8.03175,69,26
40.55301,-8.0343,401,181
40.56177,-8.03686,37,14
40.57053,-8.03941,69,13
40.58805,-8.04453,10,7
40.61432,-8.05221,131,42
40.63184,-8.05734,278,129
40.6406,-8.0599,6,2
40.64935,-8.06247,33,15
40.65811,-8.06504,4,1
40.66687,-8.06761,56,16
40.67562,-8.07017,149,62
40.70189,-8.07789,46,11
40.71941,-8.08303,41,7
40.72816,-8.08561,261,74
40.73692,-8.08818,229,48
40.74567,-8.09076,225,62
40.75443,-8.09334,173,46
40.76318,-8.09592,41,6
40.77194,-8.0985,36,6
40.78069,-8.10108,49,28
40.78945,-8.10366,58,12
40.7982,-8.10624,107,41
40.80695,-8.10882,37,21
40.87698,-8.12953,29,14
40.90324,-8.13731,10,2
40.92949,-8.1451,2,2
40.95574,-8.15289,26,6
40.96449,-8.1555,335,153
40.97325,-8.1581,140,45
40.982,-8.1607,3,0
40.9995,-8.16591,231,60
41.00825,-8.16852,49,20
41.03449,-8.17634,97,35
41.06949,-8.18679,245,57
41.07824,-8.1894,289,62
41.08699,-8.19202,318,68
41.09573,-8.19463,97,25
41.10448,-8.19725,396,86
41.12198,-8.20249,382,57
41.13072,-8.20511,531,98
41.13947,-8.20773,439,89
41.14822,-8.21035,78,16
41.15696,-8.21298,316,72
41.16571,-8.2156,116,17
41.17446,-8.21823,69,12
41.1832,-8.22085,70,10
41.19195,-8.22348,63,12
41.20069,-8.22611,5,1
41.21819,-8.23137,356,57
41.22693,-8.234,747,139
41.23568,-8.23663,83,14
41.24442,-8.23927,245,49
41.25317,-8.2419,472,92
41.26191,-8.24454,279,33
41.27065,-8.24717,234,25
41.2794,-8.24981,623,99
41.28814,-8.25245,1036,150
41.29689,-8.25509,248,39
41.30563,-8.25773,277,42
41.31437,-8.26037,267,35
41.32312,-8.26301,428,103
41.33186,-8.26566,1210,161
41.3406,-8.2683,45,3
41.34934,-8.27095,428,48
41.35809,-8.27359,290,38
41.36683,-8.27624,526,83
41.37557,-8.27889,1054,138
41.38431,-8.28154,207,32
41.39305,-8.28419,260,38
41.4018,-8.28684,1051,255
41.41054,-8.28949,806,127
41.41928,-8.29215,1062,183
41.42802,-8.2948,2075,557
41.43676,-8.29746,4286,982
41.4455,-8.30011,6904,2108
41.45424,-8.30277,2479,379
41.46298,-8.30543,706,172
41.47172,-8.30809,260,45
41.48046,-8.31075,195,25
41.4892,-8.31341,688,73
41.49794,-8.31608,360,66
41.50668,-8.31874,695,107
41.51542,-8.32141,300,54
41.52416,-8.32407,546,135
41.5329,-8.32674,53,8
41.54164,-8.32941,9,0
41.55037,-8.33208,380,51
41.55911,-8.33475,300,61
41.57659,-8.34009,86,18
41.58533,-8.34276,14,7
41.59406,-8.34544,24,8
41.6028,-8.34811,127,24
41.61154,-8.35079,158,36
41.62027,-8.35347,428,80
41.62901,-8.35614,972,164
41.63775,-8.35882,489,75
41.64648,-8.3615,227,50
41.65522,-8.36419,28,9
41.66396,-8.36687,144,47
41.67269,-8.36955,237,72
41.68143,-8.37224,141,71
41.69016,-8.37492,89,17
41.6989,-8.37761,85,17
41.70763,-8.3803,12,1
41.71637,-8.38299,159,50
41.73384,-8.38837,20,6
41.74257,-8.39106,155,47
41.75131,-8.39375,290,102
41.76004,-8.39644,17,3
41.76877,-8.39914,13,6
41.77751,-8.40184,59,14
41.78624,-8.40453,113,28
41.79497,-8.40723,616,167
41.80371,-8.40993,1815,459
41.81244,-8.41263,129,37
41.82117,-8.41533,109,27
41.8299,-8.41803,382,116
41.83864,-8.42074,840,164
41.84737,-8.42344,2015,502
41.8561,-8.42615,470,86
41.86483,-8.42885,475,185
41.87356,-8.43156,256,86
41.8823,-8.43427,351,129
41.89103,-8.43698,173,65
41.89976,-8.43969,95,27
41.90849,-8.4424,84,37
41.91722,-8.44512,71,23
41.92595,-8.44783,174,68
41.93468,-8.45054,76,38
41.94341,-8.45326,129,77
41.95214,-8.45598,27,13
41.96087,-8.4587,45,18
41.97833,-8.46413,20,11
41.98706,-8.46686,26,15
41.99579,-8.46958,12,12
42.00451,-8.4723,81,35
42.01324,-8.47503,74,19
42.02197,-8.47775,77,31
42.0307,-8.48048,151,44
42.03943,-8.48321,47,5
42.04816,-8.48593,214,55
42.05688,-8.48866,177,64
42.06561,-8.49139,212,85
42.07434,-8.49413,820,81
37.88372,-7.28902,2,0
37.91017,-7.29586,2,0
37.93661,-7.30271,4,0
37.94543,-7.305,569,192
37.95424,-7.30728,19,2
37.97187,-7.31186,1,0
38.24501,-7.38321,1,0
38.27143,-7.39016,49,31
38.45635,-7.43901,3,1
38.54438,-7.46241,482,150
38.55318,-7.46475,12,7
38.56198,-7.4671,54,25
38.59718,-7.47649,76,28
38.61478,-7.48119,3,2
38.67638,-7.49766,15,5
38.77316,-7.52364,5,0
38.79955,-7.53075,31,8
38.81714,-7.53549,47,18
38.82594,-7.53786,12,7
38.84353,-7.54261,2,0
38.85232,-7.54498,41,19
38.8875,-7.55449,8,0
38.8963,-7.55686,10,3
38.92268,-7.564,57,20
38.93147,-7.56639,10,0
38.94027,-7.56877,2,0
38.94906,-7.57115,4,0
38.95785,-7.57354,19,0
38.96665,-7.57592,331,110
38.98423,-7.5807,1,0
39.0194,-7.59026,5,3
39.08094,-7.60702,5,0
39.45876,-7.71095,3,0
39.48511,-7.71826,73,33
39.54658,-7.73536,4,3
39.66071,-7.76723,14,6
39.73093,-7.78692,5,4
39.73971,-7.78939,9,3
39.77482,-7.79926,61,31
39.78359,-7.80173,27,13
39.88012,-7.82896,53,32
39.89766,-7.83392,2,0
39.92398,-7.84138,4,2
39.94153,-7.84635,1,1
39.96784,-7.85381,10,2
39.97662,-7.85631,16,7
39.98539,-7.8588,29,23
39.99416,-7.86129,7,2
40.02047,-7.86877,13,8
40.02924,-7.87127,3,1
40.07309,-7.88376,16,3
40.0994,-7.89127,8,2
40.10817,-7.89378,25,7
40.15201,-7.90632,26,10
40.16078,-7.90883,5,4
40.17832,-7.91385,9,4
40.19585,-7.91888,4,3
40.20462,-7.92139,2,0
40.21339,-7.92391,3,0
40.22215,-7.92643,42,19
40.23092,-7.92894,21,10
40.25722,-7.9365,190,99
40.26598,-7.93903,89,30
40.27475,-7.94155,5,3
40.28351,-7.94407,168,73
40.29228,-7.9466,55,14
40.30104,-7.94912,19,3
40.30981,-7.95165,6,2
40.31857,-7.95418,28,7
40.32734,-7.95671,12,2
40.3361,-7.95924,5,2
40.34487,-7.96177,127,44
40.36239,-7.96683,34,13
40.37116,-7.96936,8,1
40.37992,-7.9719,30,15
40.38869,-7.97443,235,78
40.39745,-7.97697,102,26
40.40621,-7.97951,4,0
40.41497,-7.98204,9,3
40.42374,-7.98458,203,57
40.4325,-7.98712,163,53
40.44126,-7.98966,182,43
40.45002,-7.99221,151,63
40.45878,-7.99475,220,92
40.46755,-7.99729,13,1
40.52887,-8.01513,2,0
40.53763,-8.01768,3,0
40.56391,-8.02534,86,35
40.57267,-8.0279,272,99
40.58143,-8.03045,92,20
40.59019,-8.03301,260,97
40.61646,-8.04069,8,0
40.63398,-8.04581,3,3
40.64274,-8.04838,3,1
40.6515,-8.05094,147,55
40.66025,-8.05351,32,9
40.66901,-8.05607,4,0
40.67777,-8.05864,38,9
40.68652,-8.06121,113,47
40.69528,-8.06378,6,1
40.70404,-8.06635,3,0
40.71279,-8.06892,4,2
40.72155,-8.07149,237,62
40.73031,-8.07406,112,26
40.73906,-8.07664,204,23
40.74782,-8.07921,353,64
40.75657,-8.08179,118,25
40.76533,-8.08437,22,5
40.77408,-8.08694,255,55
40.78284,-8.08952,37,14
40.79159,-8.0921,83,16
40.80035,-8.09468,154,54
40.90539,-8.12573,9,7
40.92289,-8.13092,6,2
40.9404,-8.13612,1,1
40.9579,-8.14131,52,19
40.96665,-8.14391,97,32
40.9754,-8.14651,3,2
40.9929,-8.15172,83,31
41.00165,-8.15432,124,53
41.0104,-8.15693,115,40
41.03665,-8.16475,5,0
41.0454,-8.16735,18,6
41.07165,-8.17519,92,15
41.0804,-8.1778,112,28
41.08915,-8.18041,29,13
41.09789,-8.18303,240,55
41.10664,-8.18564,461,103
41.11539,-8.18826,34,8
41.12414,-8.19088,160,24
41.13289,-8.1935,1,1
41.14163,-8.19612,67,13
41.15038,-8.19874,20,6
41.15913,-8.20136,125,35
41.16787,-8.20398,65,8
41.17662,-8.20661,13,1
41.18537,-8.20923,134,30
41.19411,-8.21186,64,20
41.20286,-8.21448,134,13
41.21161,-8.21711,81,12
41.22035,-8.21974,212,24
41.2291,-8.22237,318,60
41.23784,-8.225,343,60
41.24659,-8.22763,322,61
41.25533,-8.23027,626,134
41.26408,-8.2329,363,54
41.27282,-8.23554,77,12
41.28157,-8.23817,587,108
41.29031,-8.24081,619,86
41.29905,-8.24345,121,13
41.3078,-8.24609,679,138
41.31654,-8.24873,117,22
41.32529,-8.25137,23,2
41.33403,-8.25401,219,28
41.34277,-8.25665,195,32
41.35152,-8.2593,403,72
41.36026,-8.26194,123,15
41.369,-8.26459,663,133
41.37774,-8.26723,681,73
41.38649,-8.26988,468,75
41.39523,-8.27253,559,110
41.40397,-8.27518,744,107
41.41271,-8.27783,599,94
41.42145,-8.28048,342,75
41.43019,-8.28314,615,126
41.43893,-8.28579,2615,596
41.44768,-8.28845,4370,964
41.45642,-8.2911,1981,382
41.46516,-8.29376,557,137
41.4739,-8.29642,122,19
41.48264,-8.29908,26,6
41.49138,-8.30174,239,31
41.50012,-8.3044,318,62
41.50886,-8.30706,98,17
41.5176,-8.30973,414,65
41.52634,-8.31239,41,8
41.53508,-8.31506,3,0
41.54381,-8.31772,37,10
41.55255,-8.32039,315,48
41.56129,-8.32306,300,61
41.57003,-8.32573,48,7
41.57877,-8.3284,69,14
41.58751,-8.33107,192,35
41.59624,-8.33374,78,12
41.60498,-8.33642,220,38
41.61372,-8.33909,109,26
41.62246,-8.34177,436,83
41.63119,-8.34445,1135,230
41.63993,-8.34712,233,59
41.64867,-8.3498,127,37
41.66614,-8.35516,18,10
41.67488,-8.35785,21,6
41.68361,-8.36053,53,16
41.69235,-8.36321,106,33
41.70108,-8.3659,203,48
41.70982,-8.36858,14,6
41.71855,-8.37127,48,17
41.75349,-8.38203,34,12
41.76223,-8.38472,16,3
41.77096,-8.38742,5,0
41.7797,-8.39011,40,20
41.78843,-8.39281,57,25
41.79716,-8.3955,20,4
41.8059,-8.3982,317,69
41.81463,-8.4009,80,18
41.82336,-8.4036,65,11
41.83209,-8.4063,274,62
41.84083,-8.409,357,95
41.84956,-8.41171,377,116
41.85829,-8.41441,304,44
41.86702,-8.41711,295,144
41.87576,-8.41982,18,9
41.88449,-8.42253,133,57
41.89322,-8.42524,176,78
41.90195,-8.42794,117,41
41.91068,-8.43065,52,26
41.91941,-8.43337,145,65
41.92814,-8.43608,54,27
41.93687,-8.43879,110,46
41.94561,-8.44151,75,31
41.95434,-8.44422,20,12
41.96307,-8.44694,34,19
41.98053,-8.45237,5,4
41.98925,-8.45509,40,26
41.99798,-8.45782,19,9
42.01544,-8.46326,49,14
42.02417,-8.46598,83,35
42.0329,-8.46871,49,21
42.04163,-8.47144,218,53
42.05036,-8.47416,92,25
42.05908,-8.47689,66,16
42.06781,-8.47962,435,133
37.92984,-7.28933,5,0
37.93865,-7.29161,6,0
37.94747,-7.2939,563,209
38.45841,-7.42783,4,0
38.53763,-7.44887,2,2
38.54644,-7.45122,29,5
38.55524,-7.45356,16,6
38.56404,-7.4559,10,1
38.57284,-7.45825,1,1
38.59045,-7.46294,4,4
38.59925,-7.46529,61,15
38.60805,-7.46764,4,0
38.61685,-7.46998,1,1
38.63445,-7.47469,1,0
38.66965,-7.4841,2,1
38.73124,-7.5006,7,2
38.75763,-7.50769,23,6
38.76643,-7.51005,106,29
38.77523,-7.51242,3,1
38.78403,-7.51478,44,18
38.79282,-7.51715,9,3
38.81921,-7.52426,8,2
38.82801,-7.52663,5,0
38.8544,-7.53374,25,10
38.86319,-7.53611,2,1
38.88078,-7.54086,10,2
38.88958,-7.54324,277,95
38.89837,-7.54562,93,34
38.91596,-7.55038,2,1
38.95993,-7.56228,6,0
38.97752,-7.56705,7,2
39.1006,-7.60054,2,1
39.1885,-7.62456,37,8
39.28516,-7.6511,498,173
39.29395,-7.65351,159,44
39.40816,-7.68502,535,207
39.41694,-7.68745,151,98
39.53112,-7.71912,96,44
39.5838,-7.7338,5,5
39.6277,-7.74605,263,144
39.64526,-7.75095,27,7
39.65404,-7.75341,23,18
39.6716,-7.75832,11,6
39.75937,-7.78294,38,20
39.76815,-7.7854,28,17
39.77692,-7.78787,61,42
39.79448,-7.79281,92,32
39.80325,-7.79528,14,12
39.81203,-7.79775,18,13
39.8208,-7.80022,57,31
39.82958,-7.8027,40,16
39.84713,-7.80765,16,6
39.91732,-7.82748,7,3
39.96119,-7.83991,14,4
39.96996,-7.8424,70,46
40.00505,-7.85236,4,3
40.04013,-7.86234,7,1
40.05767,-7.86733,49,18
40.06644,-7.86983,15,5
40.07521,-7.87233,4,0
40.08398,-7.87483,1,0
40.09275,-7.87733,53,37
40.22428,-7.91497,15,12
40.23304,-7.91748,9,2
40.24181,-7.92,6,1
40.25058,-7.92252,1,0
40.25934,-7.92504,3,0
40.26811,-7.92756,12,6
40.28564,-7.9326,15,4
40.29441,-7.93513,9,1
40.30317,-7.93765,2,0
40.31194,-7.94018,49,19
40.3207,-7.9427,41,13
40.32947,-7.94523,17,6
40.33823,-7.94776,86,24
40.347,-7.95029,84,25
40.36452,-7.95535,54,14
40.37329,-7.95788,4,2
40.38205,-7.96041,80,29
40.39082,-7.96295,33,11
40.39958,-7.96548,48,10
40.40834,-7.96802,7,0
40.41711,-7.97055,2,2
40.42587,-7.97309,62,13
40.43463,-7.97563,15,2
40.44339,-7.97817,103,21
40.45216,-7.98071,11,0
40.46092,-7.98325,12,5
40.46968,-7.98579,163,58
40.47844,-7.98834,75,18
40.50473,-7.99597,3,0
40.52225,-8.00107,63,22
40.53101,-8.00362,44,21
40.57481,-8.01638,21,4
40.58357,-8.01893,44,16
40.59233,-8.02149,82,25
40.60109,-8.02405,7,4
40.60985,-8.02661,35,14
40.62736,-8.03172,70,26
40.63612,-8.03428,62,40
40.64488,-8.03685,205,69
40.6624,-8.04197,45,11
40.68867,-8.04967,165,48
40.69742,-8.05224,71,24
40.70618,-8.05481,154,54
40.71494,-8.05738,28,5
40.72369,-8.05995,3,3
40.74121,-8.06509,78,16
40.74996,-8.06767,433,109
40.75872,-8.07024,1337,448
40.76747,-8.07282,234,64
40.77623,-8.07539,90,19
40.78499,-8.07797,19,8
40.79374,-8.08055,89,20
40.8025,-8.08313,74,17
40.91629,-8.11675,5,5
40.92505,-8.11935,6,0
40.9338,-8.12194,9,1
40.96005,-8.12973,33,12
40.9688,-8.13233,4,2
40.98631,-8.13753,47,23
40.99506,-8.14013,29,11
41.01256,-8.14533,31,12
41.03881,-8.15315,6,3
41.04756,-8.15576,76,17
41.05631,-8.15837,111,31
41.06506,-8.16097,306,53
41.07381,-8.16359,96,15
41.08256,-8.1662,63,19
41.0913,-8.16881,124,19
41.10005,-8.17142,113,21
41.1088,-8.17404,229,46
41.11755,-8.17665,192,40
41.13505,-8.18189,1,1
41.14379,-8.1845,36,4
41.15254,-8.18712,182,37
41.16129,-8.18974,302,71
41.17004,-8.19236,6,3
41.17878,-8.19499,303,53
41.18753,-8.19761,156,22
41.19628,-8.20023,262,61
41.20502,-8.20286,482,70
41.21377,-8.20549,406,73
41.22252,-8.20811,191,34
41.23126,-8.21074,343,72
41.24001,-8.21337,415,42
41.24875,-8.216,109,19
41.2575,-8.21863,264,24
41.26624,-8.22127,294,43
41.27499,-8.2239,544,118
41.28373,-8.22653,365,58
41.29248,-8.22917,461,77
41.30122,-8.23181,379,54
41.30997,-8.23444,182,44
41.31871,-8.23708,185,39
41.32745,-8.23972,102,22
41.3362,-8.24236,276,36
41.34494,-8.245,232,33
41.35368,-8.24765,1135,204
41.36243,-8.25029,161,21
41.37117,-8.25293,395,69
41.37991,-8.25558,320,57
41.38866,-8.25823,759,94
41.3974,-8.26087,515,61
41.40614,-8.26352,549,74
41.41488,-8.26617,496,65
41.42362,-8.26882,7,3
41.43237,-8.27147,24,5
41.44111,-8.27413,315,56
41.44985,-8.27678,4296,605
41.45859,-8.27944,2700,540
41.46733,-8.28209,1400,263
41.47607,-8.28475,429,60
41.48481,-8.28741,128,21
41.49355,-8.29006,99,26
41.50229,-8.29272,163,23
41.51103,-8.29539,339,72
41.51977,-8.29805,247,40
41.52851,-8.30071,708,191
41.53725,-8.30337,36,3
41.55473,-8.30871,191,36
41.56347,-8.31137,229,48
41.58095,-8.31671,3,2
41.58969,-8.31938,145,31
41.59842,-8.32205,109,23
41.60716,-8.32472,98,32
41.6159,-8.3274,195,53
41.62464,-8.33007,188,28
41.63337,-8.33275,622,123
41.64211,-8.33542,104,31
41.65085,-8.3381,35,7
41.65959,-8.34078,64,19
41.66832,-8.34346,23,7
41.67706,-8.34614,44,12
41.69453,-8.3515,109,15
41.70327,-8.35419,133,33
41.712,-8.35687,131,29
41.72074,-8.35956,65,23
41.73821,-8.36493,44,10
41.74694,-8.36762,55,21
41.75568,-8.37031,36,11
41.76441,-8.373,57,22
41.77315,-8.37569,137,44
41.78188,-8.37839,16,7
41.79062,-8.38108,64,23
41.79935,-8.38378,143,34
41.80808,-8.38647,261,95
41.81682,-8.38917,32,3
41.82555,-8.39187,164,47
41.83428,-8.39457,87,23
41.84302,-8.39727,88,19
41.85175,-8.39997,1,1
41.86048,-8.40267,73,28
41.86922,-8.40537,191,73
41.87795,-8.40808,161,58
41.88668,-8.41078,136,54
41.89541,-8.41349,34,10
41.90414,-8.4162,16,0
41.92161,-8.42162,5,1
41.93034,-8.42433,62,37
41.93907,-8.42704,7,4
41.9478,-8.42975,14,8
41.95653,-8.43247,18,8
41.99145,-8.44333,38,22
42.00018,-8.44605,4,3
42.01764,-8.45149,104,54
42.02637,-8.45422,31,18
42.0351,-8.45694,96,40
42.04383,-8.45966,50,21
42.05255,-8.46239,43,17
42.06128,-8.46512,4,0
42.07001,-8.46784,361,115
37.94069,-7.28052,8,0
37.94951,-7.2828,2,2
38.02883,-7.30338,3,0
38.27553,-7.36786,1,1
38.28434,-7.37017,2,2
38.45166,-7.41432,3,2
38.46046,-7.41665,81,28
38.46927,-7.41899,7,3
38.51329,-7.43067,2,0
38.5397,-7.43768,3,0
38.5573,-7.44237,2,1
38.5661,-7.44471,3,0
38.5749,-7.44705,3,3
38.61011,-7.45643,66,20
38.61891,-7.45878,9,3
38.70691,-7.48231,3,0
38.71571,-7.48466,3,0
38.7685,-7.49883,813,240
38.7773,-7.50119,22,10
38.7861,-7.50356,23,4
38.79489,-7.50592,35,10
38.80369,-7.50829,6,5
38.83008,-7.51539,411,130
38.83888,-7.51776,197,72
38.84767,-7.52013,72,20
38.85647,-7.5225,14,5
38.87406,-7.52725,12,3
38.90045,-7.53437,3,0
38.90924,-7.53675,4,2
38.92683,-7.5415,4,0
39.00597,-7.56295,215,88
39.03235,-7.57012,5,0
39.11147,-7.59166,6,0
39.12026,-7.59406,1,0
39.12906,-7.59645,160,65
39.13785,-7.59885,4,2
39.14664,-7.60125,2,2
39.24331,-7.62772,1,0
39.26089,-7.63255,2,2
39.26968,-7.63496,5,0
39.27846,-7.63737,4,0
39.28725,-7.63979,557,199
39.29604,-7.6422,248,61
39.30482,-7.64462,206,62
39.34875,-7.65672,4,2
39.41025,-7.67369,2,0
39.49808,-7.69802,2,2
39.50687,-7.70046,2,0
39.57712,-7.71999,4,0
39.5859,-7.72244,3,1
39.65614,-7.74204,17,12
39.6737,-7.74695,24,7
39.68248,-7.74941,25,15
39.70003,-7.75432,4,4
39.70881,-7.75678,9,8
39.72637,-7.7617,39,28
39.73514,-7.76416,54,33
39.77903,-7.77649,2,1
39.78781,-7.77895,21,14
39.79658,-7.78142,28,5
39.81414,-7.78636,35,16
39.82291,-7.78883,34,19
39.92821,-7.81855,8,7
39.93698,-7.82104,32,19
39.94575,-7.82352,2,2
39.95453,-7.82601,14,11
39.9633,-7.82849,47,25
40.00716,-7.84094,67,46
40.01593,-7.84343,3,0
40.03348,-7.84841,2,2
40.04225,-7.85091,10,1
40.05102,-7.8534,9,5
40.05979,-7.8559,42,18
40.0861,-7.86339,24,13
40.09487,-7.86589,1,1
40.11241,-7.8709,66,38
40.18256,-7.89095,1,1
40.19133,-7.89346,13,12
40.20887,-7.89848,12,5
40.21763,-7.90099,14,7
40.2264,-7.90351,3,1
40.23517,-7.90602,2,2
40.279,-7.91861,103,39
40.28777,-7.92113,2,0
40.3053,-7.92618,83,22
40.31406,-7.9287,109,32
40.32283,-7.93123,66,17
40.33159,-7.93375,5,1
40.34036,-7.93628,21,7
40.34912,-7.93881,27,7
40.35789,-7.94133,100,40
40.36665,-7.94386,4,0
40.37542,-7.94639,24,3
40.38418,-7.94893,305,117
40.39295,-7.95146,61,11
40.40171,-7.95399,343,88
40.41047,-7.95653,16,4
40.41924,-7.95906,3,1
40.428,-7.9616,6,1
40.43676,-7.96413,458,159
40.44553,-7.96667,139,49
40.45429,-7.96921,154,53
40.46305,-7.97175,98,29
40.47181,-7.97429,530,185
40.48057,-7.97683,379,176
40.50686,-7.98447,80,34
40.51562,-7.98701,87,45
40.52438,-7.98956,257,99
40.53314,-7.99211,377,164
40.5419,-7.99466,20,7
40.57695,-8.00486,84,18
40.58571,-8.00741,64,26
40.59446,-8.00997,152,50
40.60322,-8.01252,84,11
40.61198,-8.01508,459,200
40.62074,-8.01764,15,4
40.6295,-8.0202,42,10
40.63826,-8.02276,197,77
40.64702,-8.02532,29,5
40.68205,-8.03557,44,8
40.69081,-8.03813,41,20
40.69957,-8.0407,47,19
40.70832,-8.04327,100,35
40.71708,-8.04584,134,60
40.72584,-8.0484,27,3
40.73459,-8.05097,189,85
40.74335,-8.05355,68,18
40.75211,-8.05612,201,65
40.76086,-8.05869,923,257
40.76962,-8.06127,283,78
40.77838,-8.06384,48,13
40.78713,-8.06642,60,19
40.79589,-8.06899,25,10
40.84842,-8.08448,22,15
40.88343,-8.09482,34,13
40.90969,-8.10259,3,2
40.93595,-8.11036,17,2
40.95345,-8.11555,13,7
40.97971,-8.12334,30,12
41.02346,-8.13634,62,23
41.03221,-8.13895,91,28
41.04971,-8.14416,35,5
41.05846,-8.14677,96,18
41.06721,-8.14937,441,80
41.07596,-8.15198,220,36
41.08471,-8.15459,13,2
41.09346,-8.1572,75,13
41.10221,-8.15981,538,105
41.11096,-8.16243,452,87
41.11971,-8.16504,380,67
41.12846,-8.16766,13,1
41.14595,-8.17289,113,14
41.1547,-8.17551,74,14
41.16345,-8.17813,458,91
41.1722,-8.18075,32,1
41.18094,-8.18337,65,12
41.18969,-8.18599,302,47
41.19844,-8.18861,571,118
41.20719,-8.19123,70,20
41.21593,-8.19386,135,18
41.22468,-8.19649,338,80
41.23342,-8.19911,44,10
41.24217,-8.20174,405,83
41.25092,-8.20437,368,87
41.25966,-8.207,122,26
41.26841,-8.20963,425,59
41.27715,-8.21226,337,61
41.2859,-8.21489,550,133
41.29464,-8.21753,496,72
41.30339,-8.22016,304,52
41.31213,-8.2228,259,44
41.32088,-8.22544,467,98
41.32962,-8.22807,588,110
41.33837,-8.23071,581,56
41.34711,-8.23335,403,44
41.35585,-8.23599,988,177
41.3646,-8.23864,439,58
41.37334,-8.24128,639,110
41.38208,-8.24392,503,97
41.39083,-8.24657,242,40
41.39957,-8.24921,154,19
41.40831,-8.25186,442,33
41.41705,-8.25451,83,4
41.4258,-8.25716,177,23
41.43454,-8.25981,170,16
41.44328,-8.26246,312,49
41.45202,-8.26511,1681,320
41.46076,-8.26777,1264,122
41.4695,-8.27042,481,104
41.47825,-8.27308,546,122
41.48699,-8.27573,228,36
41.49573,-8.27839,8,3
41.50447,-8.28105,15,1
41.51321,-8.28371,175,23
41.52195,-8.28637,9,0
41.53069,-8.28903,678,133
41.53943,-8.29169,157,44
41.54817,-8.29436,203,34
41.55691,-8.29702,84,17
41.58312,-8.30502,7,2
41.59186,-8.30769,98,29
41.6006,-8.31036,140,34
41.60934,-8.31303,104,24
41.61808,-8.3157,231,68
41.62682,-8.31837,115,18
41.63555,-8.32105,40,5
41.64429,-8.32372,293,136
41.65303,-8.3264,138,28
41.66177,-8.32907,147,38
41.67924,-8.33443,8,5
41.68798,-8.33711,16,4
41.69671,-8.33979,325,93
41.70545,-8.34248,139,71
41.71419,-8.34516,75,15
41.72292,-8.34784,79,35
41.75786,-8.35859,36,18
41.7666,-8.36128,13,6
41.77533,-8.36397,32,11
41.7928,-8.36935,29,10
41.80154,-8.37205,65,22
41.81027,-8.37474,52,15
41.81901,-8.37744,177,95
41.82774,-8.38013,167,55
41.83647,-8.38283,158,58
41.84521,-8.38553,102,37
41.85394,-8.38823,25,13
41.86267,-8.39093,83,32
41.8714,-8.39363,18,6
41.88014,-8.39634,24,10
41.88887,-8.39904,19,9
41.90633,-8.40445,93,38
41.91507,-8.40716,6,4
41.93253,-8.41258,43,20
41.94126,-8.41529,63,32
41.99365,-8.43157,67,34
42.02856,-8.44245,16,4
42.03729,-8.44517,24,7
42.04602,-8.44789,151,68
42.05475,-8.45062,151,50
42.06348,-8.45334,181,53
42.07221,-8.45607,265,113
37.93391,-7.26714,2,0
37.99562,-7.28312,3,1
38.02206,-7.28998,2,1
38.11019,-7.31291,4,2
38.22473,-7.34284,164,49
38.31282,-7.36597,2,1
38.33924,-7.37292,15,1
38.34805,-7.37524,274,84
38.43611,-7.39849,8,0
38.45372,-7.40315,4,0
38.46252,-7.40548,11,4
38.55936,-7.43117,2,0
38.60337,-7.44289,3,1
38.61217,-7.44523,98,38
38.62097,-7.44758,3,0
38.72657,-7.4758,2,2
38.75297,-7.48288,65,2
38.77937,-7.48996,24,12
38.78816,-7.49233,2,1
38.79696,-7.49469,5,4
38.80576,-7.49705,420,102
38.83215,-7.50415,191,64
38.84095,-7.50652,9,3
38.84974,-7.50889,9,8
38.85854,-7.51126,15,2
38.9289,-7.53025,2,2
38.94649,-7.53501,4,0
38.95529,-7.53739,1,0
39.02564,-7.55646,2,0
39.11355,-7.58038,3,1
39.12235,-7.58277,1,1
39.13114,-7.58517,722,248
39.13993,-7.58757,14,6
39.33327,-7.64056,2,0
39.35084,-7.6454,173,108
39.35963,-7.64782,43,15
39.53531,-7.69643,3,0
39.57043,-7.7062,13,5
39.60556,-7.71598,2,0
39.68458,-7.73804,25,11
39.7548,-7.75771,2,2
39.76358,-7.76017,25,13
39.77236,-7.76263,6,2
39.78114,-7.7651,12,8
39.78991,-7.76756,1,1
39.85135,-7.78485,2,0
39.86012,-7.78732,23,14
39.93909,-7.80962,2,2
39.94786,-7.81211,70,22
39.95664,-7.81459,133,67
39.98296,-7.82205,8,5
39.99173,-7.82453,2,1
40.05313,-7.84197,4,1
40.0619,-7.84447,6,5
40.07068,-7.84696,13,5
40.08822,-7.85196,41,17
40.21975,-7.88953,34,16
40.22852,-7.89205,4,4
40.23729,-7.89456,36,30
40.26359,-7.90211,28,5
40.27236,-7.90462,44,13
40.28113,-7.90714,8,2
40.28989,-7.90966,72,22
40.29866,-7.91218,29,4
40.30742,-7.9147,112,29
40.31619,-7.91723,11,1
40.32496,-7.91975,170,52
40.33372,-7.92227,48,15
40.34249,-7.9248,23,2
40.35125,-7.92732,134,40
40.36002,-7.92985,11,4
40.36878,-7.93238,10,5
40.37755,-7.93491,117,44
40.38631,-7.93744,237,75
40.39507,-7.93997,8,7
40.40384,-7.9425,23,5
40.4126,-7.94503,5,1
40.42137,-7.94757,5,1
40.43013,-7.9501,14,0
40.43889,-7.95264,14,9
40.44766,-7.95518,37,8
40.45642,-7.95771,80,24
40.46518,-7.96025,4,0
40.47394,-7.96279,12,5
40.48271,-7.96533,24,3
40.49147,-7.96787,19,8
40.50023,-7.97042,9,0
40.50899,-7.97296,4,1
40.51775,-7.9755,30,13
40.53528,-7.9806,341,111
40.54404,-7.98314,77,15
40.5528,-7.98569,118,44
40.56156,-7.98824,11,6
40.57908,-7.99334,240,78
40.58784,-7.99589,215,111
40.61412,-8.00356,25,10
40.62288,-8.00611,18,5
40.63164,-8.00867,112,38
40.6404,-8.01123,218,49
40.64916,-8.01379,68,21
40.65792,-8.01635,110,68
40.66667,-8.01891,14,2
40.67543,-8.02147,152,47
40.68419,-8.02403,75,27
40.70171,-8.02916,14,0
40.71046,-8.03173,198,62
40.71922,-8.03429,55,17
40.72798,-8.03686,72,36
40.73674,-8.03943,50,22
40.74549,-8.042,112,24
40.75425,-8.04457,171,59
40.76301,-8.04714,84,24
40.77176,-8.04971,131,37
40.78052,-8.05229,166,61
40.78927,-8.05486,85,18
40.79803,-8.05744,31,8
40.8243,-8.06517,10,4
40.83305,-8.06775,5,4
40.84181,-8.07033,1,1
40.85056,-8.07291,2,2
40.87682,-8.08066,4,0
40.89433,-8.08583,4,2
40.90309,-8.08842,3,1
40.9381,-8.09878,10,7
40.94685,-8.10137,60,27
40.9556,-8.10397,49,26
40.96436,-8.10656,7,2
40.98186,-8.11175,18,3
40.99061,-8.11435,8,5
41.05187,-8.13256,1,1
41.06062,-8.13517,78,9
41.06937,-8.13777,221,43
41.07812,-8.14038,91,17
41.08687,-8.14299,67,22
41.09562,-8.1456,263,54
41.10437,-8.14821,89,12
41.11312,-8.15082,161,18
41.12187,-8.15343,74,17
41.13936,-8.15866,72,15
41.14811,-8.16127,37,7
41.15686,-8.16389,97,15
41.16561,-8.16651,151,22
41.17436,-8.16913,214,33
41.1831,-8.17174,43,4
41.19185,-8.17436,33,7
41.2006,-8.17699,182,23
41.20935,-8.17961,388,61
41.21809,-8.18223,334,60
41.22684,-8.18486,430,76
41.23559,-8.18748,642,171
41.24433,-8.19011,250,63
41.25308,-8.19274,521,99
41.26183,-8.19536,344,80
41.27057,-8.19799,325,72
41.27932,-8.20062,587,120
41.28806,-8.20326,966,190
41.29681,-8.20589,582,92
41.30555,-8.20852,194,25
41.3143,-8.21116,598,101
41.32304,-8.21379,540,96
41.33179,-8.21643,636,140
41.34053,-8.21906,455,99
41.34928,-8.2217,420,77
41.35802,-8.22434,349,59
41.36676,-8.22698,1027,222
41.37551,-8.22962,325,58
41.38425,-8.23227,503,94
41.39299,-8.23491,138,22
41.40174,-8.23756,177,29
41.41048,-8.2402,818,106
41.41922,-8.24285,222,29
41.42797,-8.2455,611,100
41.43671,-8.24814,338,64
41.44545,-8.25079,416,54
41.45419,-8.25344,728,91
41.46293,-8.2561,383,55
41.47168,-8.25875,557,79
41.48042,-8.2614,727,194
41.48916,-8.26406,270,63
41.4979,-8.26671,17,3
41.50664,-8.26937,14,1
41.52412,-8.27469,226,61
41.53286,-8.27735,21,6
41.5416,-8.28001,748,154
41.55034,-8.28267,267,42
41.55908,-8.28533,18,6
41.56782,-8.288,37,7
41.57656,-8.29066,424,84
41.5853,-8.29333,162,22
41.59404,-8.296,91,23
41.60278,-8.29866,161,28
41.61152,-8.30133,152,33
41.62026,-8.304,220,58
41.62899,-8.30667,119,43
41.63773,-8.30935,135,33
41.64647,-8.31202,40,10
41.65521,-8.31469,282,86
41.66395,-8.31737,81,24
41.67268,-8.32005,69,19
41.68142,-8.32272,21,8
41.69016,-8.3254,47,11
41.69889,-8.32808,105,28
41.70763,-8.33076,98,31
41.71637,-8.33344,100,29
41.7251,-8.33613,61,20
41.73384,-8.33881,9,7
41.74258,-8.3415,9,3
41.75131,-8.34418,14,8
41.76878,-8.34956,63,23
41.77752,-8.35224,94,36
41.79499,-8.35763,21,11
41.80372,-8.36032,156,50
41.81246,-8.36301,78,28
41.82119,-8.3657,121,33
41.82993,-8.3684,16,9
41.83866,-8.3711,132,73
41.84739,-8.37379,165,65
41.85613,-8.37649,15,9
41.86486,-8.37919,54,19
41.87359,-8.38189,8,2
41.88233,-8.38459,53,24
41.89106,-8.38729,12,3
41.93472,-8.40082,56,33
41.95218,-8.40624,28,15
41.96091,-8.40895,41,22
41.96965,-8.41166,13,7
42.03076,-8.43068,34,13
42.03949,-8.4334,69,33
42.04822,-8.43612,83,31
42.05695,-8.43884,66,25
42.06568,-8.44156,147,47
42.07441,-8.44429,313,105
37.9624,-7.26288,2,2
38.12986,-7.30638,47,19
38.13867,-7.30868,282,113
38.22678,-7.3317,521,134
38.27963,-7.34556,1,0
38.33248,-7.35944,2,0
38.43816,-7.38731,2,2
38.44697,-7.38964,7,2
38.46458,-7.3943,33,10
38.5174,-7.40829,12,3
38.52621,-7.41063,4,2
38.53501,-7.41296,4,0
38.55262,-7.41764,2,2
38.59663,-7.42934,1,0
38.60543,-7.43169,2,1
38.61423,-7.43403,10,1
38.71984,-7.46223,1,1
38.72864,-7.46458,42,15
38.77263,-7.47637,2,1
38.78143,-7.47873,296,64
38.79023,-7.4811,21,8
38.80783,-7.48582,11,1
38.81662,-7.48819,37,13
38.82542,-7.49055,18,3
38.84302,-7.49528,2,0
38.86061,-7.50002,71,25
38.86941,-7.50239,68,14
38.93098,-7.519,4,1
38.98374,-7.53327,3,0
39.0365,-7.54758,7,0
39.11563,-7.5691,8,2
39.13322,-7.57389,4,0
39.14201,-7.57628,1,0
39.57253,-7.69484,19,16
39.60766,-7.70462,8,2
39.61644,-7.70706,186,139
39.68668,-7.72666,12,5
39.71301,-7.73403,9,9
39.72179,-7.73649,12,6
39.79202,-7.75617,18,7
39.80079,-7.75864,5,1
39.80957,-7.76111,12,10
39.84468,-7.77098,7,5
39.88855,-7.78334,2,2
39.9061,-7.7883,5,2
39.9412,-7.79821,85,53
39.94997,-7.80069,125,58
39.95875,-7.80317,18,11
39.9763,-7.80814,9,8
40.02893,-7.82306,48,27
40.06402,-7.83303,82,54
40.07279,-7.83553,19,14
40.08156,-7.83802,62,34
40.12541,-7.85051,9,3
40.17803,-7.86553,16,11
40.22188,-7.87807,16,12
40.25695,-7.88812,54,19
40.26571,-7.89064,62,23
40.27448,-7.89316,135,44
40.28325,-7.89567,5,2
40.29201,-7.89819,204,66
40.30078,-7.90071,130,73
40.30955,-7.90323,47,11
40.31831,-7.90575,83,17
40.32708,-7.90827,95,33
40.33585,-7.9108,104,37
40.34461,-7.91332,40,13
40.35338,-7.91584,27,6
40.36214,-7.91837,106,35
40.37091,-7.9209,40,17
40.37967,-7.92342,36,13
40.38844,-7.92595,183,60
40.3972,-7.92848,4,0
40.40597,-7.93101,6,3
40.42349,-7.93608,2,2
40.45855,-7.94621,478,170
40.48484,-7.95383,4,3
40.4936,-7.95637,53,9
40.50236,-7.95891,150,45
40.51112,-7.96145,200,60
40.51989,-7.96399,92,38
40.52865,-7.96654,41,12
40.53741,-7.96908,25,2
40.54617,-7.97163,8,0
40.55493,-7.97418,431,196
40.56369,-7.97672,77,26
40.57245,-7.97927,2,1
40.59874,-7.98692,51,4
40.6075,-7.98948,54,9
40.63378,-7.99714,60,20
40.64254,-7.9997,43,11
40.65129,-8.00225,125,28
40.66005,-8.00481,81,27
40.66881,-8.00737,153,66
40.67757,-8.00993,109,41
40.68633,-8.01249,5,0
40.7126,-8.02018,116,25
40.72136,-8.02275,94,24
40.73012,-8.02532,209,69
40.73888,-8.02788,54,24
40.74763,-8.03045,61,20
40.75639,-8.03302,3,0
40.76515,-8.03559,90,27
40.7739,-8.03816,46,19
40.78266,-8.04073,45,13
40.79142,-8.04331,75,29
40.80017,-8.04588,163,61
40.80893,-8.04846,20,6
40.81769,-8.05103,13,4
40.82644,-8.05361,57,28
40.8352,-8.05619,2,0
40.85271,-8.06135,20,17
40.86146,-8.06393,1,1
40.89648,-8.07426,13,10
40.92274,-8.08202,13,8
40.93149,-8.08461,7,6
40.94025,-8.0872,13,6
40.949,-8.08979,4,0
40.95775,-8.09238,41,21
40.96651,-8.09498,4,1
40.99276,-8.10276,26,10
41.05402,-8.12096,95,20
41.06277,-8.12356,19,4
41.07152,-8.12617,284,53
41.08027,-8.12877,151,43
41.08902,-8.13138,29,11
41.09777,-8.13399,45,10
41.10652,-8.1366,5,1
41.13277,-8.14443,6,2
41.14152,-8.14704,158,22
41.15027,-8.14966,192,36
41.15902,-8.15227,149,24
41.16777,-8.15489,420,78
41.17651,-8.1575,1533,202
41.18526,-8.16012,538,45
41.19401,-8.16274,283,51
41.20276,-8.16536,592,100
41.21151,-8.16798,605,92
41.22025,-8.1706,127,35
41.229,-8.17323,214,50
41.23775,-8.17585,190,34
41.24649,-8.17848,1025,275
41.25524,-8.1811,593,136
41.26399,-8.18373,355,71
41.27273,-8.18636,188,48
41.28148,-8.18898,187,31
41.29022,-8.19161,425,59
41.29897,-8.19425,385,69
41.30772,-8.19688,434,96
41.31646,-8.19951,569,137
41.32521,-8.20214,302,50
41.33395,-8.20478,493,100
41.3427,-8.20742,261,62
41.35144,-8.21005,1160,235
41.36019,-8.21269,790,111
41.36893,-8.21533,1327,217
41.37767,-8.21797,462,73
41.38642,-8.22061,414,65
41.39516,-8.22325,485,92
41.4039,-8.2259,558,105
41.41265,-8.22854,548,91
41.42139,-8.23119,57,8
41.43013,-8.23383,440,60
41.43888,-8.23648,119,30
41.44762,-8.23913,173,30
41.45636,-8.24178,168,27
41.4651,-8.24443,120,16
41.47385,-8.24708,505,87
41.48259,-8.24973,606,117
41.49133,-8.25238,338,53
41.50007,-8.25504,86,16
41.50881,-8.25769,397,52
41.52629,-8.26301,202,40
41.53503,-8.26566,31,7
41.54378,-8.26832,113,20
41.55252,-8.27098,132,19
41.56126,-8.27365,194,35
41.57,-8.27631,523,162
41.57874,-8.27897,1640,297
41.58748,-8.28164,239,58
41.59621,-8.2843,91,21
41.60495,-8.28697,108,19
41.61369,-8.28964,49,11
41.62243,-8.29231,280,63
41.63117,-8.29498,74,18
41.63991,-8.29765,100,27
41.64865,-8.30032,73,12
41.65739,-8.30299,180,48
41.66612,-8.30566,18,3
41.67486,-8.30834,73,18
41.6836,-8.31102,6,1
41.70107,-8.31637,62,23
41.70981,-8.31905,166,46
41.71855,-8.32173,30,13
41.72728,-8.32441,78,29
41.73602,-8.32709,61,24
41.75349,-8.33246,11,8
41.76223,-8.33515,10,6
41.77097,-8.33783,8,1
41.7797,-8.34052,102,48
41.79717,-8.3459,154,47
41.80591,-8.34859,50,12
41.81464,-8.35128,1,0
41.82338,-8.35397,70,34
41.84084,-8.35936,17,8
41.84958,-8.36206,10,0
41.86705,-8.36745,105,34
41.87578,-8.37015,141,86
41.88451,-8.37285,51,35
41.89325,-8.37555,20,14
41.90198,-8.37825,41,13
41.94564,-8.39178,23,8
41.95437,-8.39448,25,14
41.96311,-8.39719,20,11
41.97184,-8.3999,10,5
42.02422,-8.41619,5,2
42.03295,-8.41891,3,2
42.04168,-8.42163,25,14
42.05041,-8.42435,15,4
42.05914,-8.42707,75,32
38.01733,-7.26547,226,62
38.02614,-7.26776,37,7
38.34334,-7.3506,2,0
38.37857,-7.35987,5,0
38.44021,-7.37614,44,18
38.44902,-7.37846,133,41
38.45782,-7.38079,44,24
38.46663,-7.38312,246,84
38.47543,-7.38545,13,1
38.49304,-7.39011,2,0
38.51946,-7.3971,2,1
38.52826,-7.39944,3,0
38.60749,-7.42048,1,0
38.62509,-7.42517,2,0
38.6955,-7.44395,18,0
38.7395,-7.45572,330,104
38.7483,-7.45807,406,143
38.7923,-7.46987,8,2
38.80109,-7.47223,12,4
38.81869,-7.47695,7,2
38.82749,-7.47932,4,0
38.83629,-7.48168,3,0
38.84508,-7.48405,9,4
38.85388,-7.48641,57,13
38.86268,-7.48878,23,11
38.87147,-7.49115,11,2
38.88027,-7.49352,13,5
38.89786,-7.49826,2,2
38.90666,-7.50063,4,2
38.93305,-7.50775,2,0
38.95064,-7.5125,111,29
38.95943,-7.51488,57,21
39.02099,-7.53154,1,0
39.48679,-7.65913,2,0
39.49558,-7.66156,4,0
39.52193,-7.66886,3,0
39.60097,-7.69081,4,4
39.61853,-7.6957,38,29
39.65366,-7.70549,39,29
39.71511,-7.72265,1,1
39.75023,-7.73248,11,7
39.77656,-7.73986,3,0
39.78534,-7.74232,27,22
39.79412,-7.74478,1,0
39.81167,-7.74971,7,6
39.82045,-7.75218,2,2
39.82923,-7.75465,16,9
39.92576,-7.78184,12,7
39.94331,-7.7868,12,9
39.96963,-7.79424,2,2
39.9784,-7.79672,14,11
39.98718,-7.7992,2,2
40.00472,-7.80417,2,1
40.03982,-7.81412,2,0
40.06613,-7.8216,2,0
40.12753,-7.83907,85,43
40.16261,-7.84907,10,10
40.21523,-7.8641,6,1
40.23276,-7.86912,4,3
40.24153,-7.87163,22,18
40.2503,-7.87415,2,0
40.26783,-7.87917,2,2
40.28537,-7.8842,6,4
40.29414,-7.88672,18,2
40.3029,-7.88924,15,1
40.31167,-7.89175,240,110
40.32044,-7.89427,320,84
40.3292,-7.89679,42,12
40.33797,-7.89932,34,15
40.34674,-7.90184,23,8
40.3555,-7.90436,96,32
40.36427,-7.90689,130,53
40.37303,-7.90941,164,42
40.3818,-7.91194,10,4
40.39056,-7.91446,34,13
40.39933,-7.91699,241,74
40.40809,-7.91952,6,0
40.41686,-7.92205,76,19
40.42562,-7.92458,161,56
40.45191,-7.93218,30,10
40.46068,-7.93471,179,47
40.4782,-7.93979,11,8
40.48697,-7.94232,139,46
40.49573,-7.94486,21,7
40.50449,-7.9474,17,3
40.51325,-7.94994,71,14
40.52202,-7.95248,26,4
40.53078,-7.95503,171,79
40.53954,-7.95757,2,0
40.55706,-7.96266,331,100
40.56583,-7.96521,103,32
40.57459,-7.96775,29,12
40.60087,-7.9754,48,20
40.60963,-7.97795,352,112
40.63591,-7.98561,20,3
40.64467,-7.98817,123,29
40.65343,-7.99072,174,33
40.66219,-7.99328,46,11
40.67095,-7.99584,105,28
40.67971,-7.9984,203,41
40.68847,-8.00096,21,2
40.70598,-8.00608,30,6
40.71474,-8.00864,272,93
40.7235,-8.01121,18,9
40.74102,-8.01634,30,16
40.74977,-8.0189,85,37
40.76729,-8.02404,98,40
40.77605,-8.02661,52,22
40.7848,-8.02918,194,73
40.79356,-8.03175,206,100
40.80232,-8.03432,42,13
40.81107,-8.0369,4,1
40.81983,-8.03947,55,17
40.82858,-8.04205,146,51
40.83734,-8.04462,130,58
40.8461,-8.0472,50,35
40.85485,-8.04978,21,8
40.86361,-8.05236,8,6
40.87236,-8.05494,39,27
40.90738,-8.06527,10,3
40.94239,-8.07562,76,37
40.9599,-8.0808,47,30
40.96865,-8.08339,14,3
41.05617,-8.10936,98,28
41.06492,-8.11196,4,1
41.07368,-8.11457,103,19
41.08243,-8.11717,287,62
41.09118,-8.11978,49,17
41.09993,-8.12238,214,51
41.10868,-8.12499,65,22
41.13493,-8.13282,338,54
41.14368,-8.13543,74,12
41.15242,-8.13804,71,7
41.16117,-8.14065,106,18
41.16992,-8.14327,435,61
41.17867,-8.14588,1985,279
41.18742,-8.1485,3079,582
41.19617,-8.15112,499,61
41.20492,-8.15374,283,70
41.21366,-8.15635,273,51
41.22241,-8.15897,227,75
41.23116,-8.1616,52,6
41.23991,-8.16422,549,117
41.24865,-8.16684,122,23
41.2574,-8.16947,741,124
41.26615,-8.17209,256,72
41.27489,-8.17472,128,23
41.28364,-8.17735,93,17
41.29239,-8.17997,147,24
41.30113,-8.1826,524,93
41.30988,-8.18523,328,46
41.31862,-8.18787,520,120
41.32737,-8.1905,645,127
41.33611,-8.19313,573,108
41.34486,-8.19577,621,63
41.3536,-8.1984,279,38
41.36235,-8.20104,3455,631
41.37109,-8.20367,1621,297
41.37984,-8.20631,348,46
41.38858,-8.20895,179,37
41.39733,-8.21159,248,28
41.40607,-8.21424,250,49
41.41481,-8.21688,63,15
41.42356,-8.21952,26,6
41.4323,-8.22217,190,31
41.44104,-8.22481,307,50
41.44979,-8.22746,762,97
41.45853,-8.23011,371,91
41.46727,-8.23275,85,16
41.47601,-8.2354,137,19
41.48476,-8.23806,86,23
41.4935,-8.24071,21,2
41.50224,-8.24336,122,22
41.51098,-8.24601,348,78
41.52847,-8.25132,125,26
41.53721,-8.25398,226,42
41.54595,-8.25664,196,40
41.55469,-8.2593,240,48
41.56343,-8.26196,431,85
41.57217,-8.26462,2301,409
41.58091,-8.26728,846,181
41.58965,-8.26994,67,12
41.59839,-8.27261,35,12
41.60713,-8.27527,77,9
41.61587,-8.27794,29,7
41.62461,-8.28061,25,2
41.64208,-8.28594,143,19
41.65082,-8.28861,12,3
41.65956,-8.29129,234,80
41.6683,-8.29396,7,2
41.67704,-8.29663,2,1
41.69451,-8.30198,39,12
41.70325,-8.30466,158,45
41.71199,-8.30734,284,79
41.72073,-8.31001,549,150
41.72946,-8.31269,85,28
41.7382,-8.31537,32,5
41.74694,-8.31806,8,5
41.75567,-8.32074,13,11
41.76441,-8.32342,3,1
41.79062,-8.33148,124,49
41.79935,-8.33417,73,33
41.80809,-8.33686,24,7
41.81682,-8.33955,3,0
41.82556,-8.34224,49,18
41.8605,-8.35301,9,4
41.86923,-8.35571,29,7
41.8867,-8.3611,41,25
41.89543,-8.3638,20,7
41.90417,-8.3665,14,11
41.93037,-8.37461,9,8
41.97403,-8.38814,23,19
41.98276,-8.39085,4,0
42.00022,-8.39628,24,16
42.00895,-8.39899,1,1
42.01768,-8.4017,47,10
42.02641,-8.40442,117,46
42.03514,-8.40714,54,20
42.04388,-8.40985,6,4
42.05261,-8.41257,1,1
42.06134,-8.41529,113,45
38.01936,-7.25436,229,64
38.02818,-7.25664,352,89
38.03699,-7.25893,3,0
38.12513,-7.28183,1,0
38.22206,-7.30711,3,0
38.35419,-7.34176,2,1
38.363,-7.34407,4,1
38.38062,-7.34871,460,127
38.38942,-7.35103,2,1
38.44226,-7.36496,2,1
38.45107,-7.36728,8,1
38.5039,-7.38125,5,0
38.53032,-7.38825,113,50
38.53912,-7.39058,89,35
38.58314,-7.40226,1,1
38.60955,-7.40928,9,3
38.61835,-7.41162,410,162
38.62715,-7.41397,8,0
38.69756,-7.43274,2,1
38.72396,-7.43979,2,1
38.74156,-7.4445,258,10
38.75036,-7.44685,427,104
38.75916,-7.44921,5,1
38.78556,-7.45628,1,0
38.79436,-7.45864,158,9
38.80316,-7.461,1837,681
38.81196,-7.46336,439,61
38.82076,-7.46572,8,4
38.82955,-7.46808,31,7
38.83835,-7.47044,34,16
38.85595,-7.47517,4,1
38.87354,-7.4799,4,0
38.90873,-7.48938,2,2
38.95271,-7.50125,546,204
38.9615,-7.50362,116,31
39.36589,-7.61386,4,0
39.40103,-7.62354,2,1
39.40982,-7.62596,14,2
39.41861,-7.62838,107,39
39.50645,-7.65265,161,66
39.51524,-7.65508,1225,395
39.52402,-7.65752,15,2
39.5328,-7.65995,7,0
39.60306,-7.67945,39,31
39.69087,-7.70392,1,0
39.69965,-7.70637,36,13
39.70843,-7.70882,44,27
39.71721,-7.71127,9,3
39.77866,-7.72847,11,11
39.78744,-7.73093,32,25
39.79622,-7.73339,16,12
39.805,-7.73586,32,25
39.81377,-7.73832,5,4
39.84888,-7.74818,2,1
39.88399,-7.75806,2,2
39.90154,-7.763,2,0
39.91909,-7.76795,7,6
39.96296,-7.78034,1,0
39.97174,-7.78282,16,7
39.98051,-7.7853,24,11
39.98929,-7.78778,4,3
40.01561,-7.79523,45,23
40.02438,-7.79772,114,54
40.04193,-7.80269,40,26
40.0507,-7.80518,40,22
40.06824,-7.81016,4,0
40.07702,-7.81265,43,26
40.08579,-7.81515,1,1
40.22611,-7.85515,17,16
40.23488,-7.85766,1,1
40.24365,-7.86017,5,3
40.25242,-7.86268,6,5
40.26995,-7.8677,2,0
40.28749,-7.87273,2,2
40.29626,-7.87525,26,7
40.30502,-7.87776,51,9
40.31379,-7.88028,227,58
40.32256,-7.8828,230,44
40.33132,-7.88532,84,30
40.34009,-7.88784,106,27
40.34886,-7.89036,18,6
40.35762,-7.89288,231,78
40.36639,-7.8954,122,40
40.37516,-7.89792,45,12
40.38392,-7.90045,68,30
40.39269,-7.90297,10,0
40.40145,-7.9055,6,2
40.41022,-7.90803,2,1
40.41898,-7.91056,5,2
40.42775,-7.91309,3,1
40.43651,-7.91562,3,0
40.47157,-7.92575,75,25
40.48909,-7.93082,7,1
40.49786,-7.93336,59,27
40.50662,-7.93589,159,49
40.51538,-7.93843,5,0
40.53291,-7.94351,46,18
40.54167,-7.94606,74,34
40.55043,-7.9486,53,8
40.5592,-7.95114,351,113
40.56796,-7.95369,165,51
40.57672,-7.95623,422,151
40.58548,-7.95878,255,83
40.603,-7.96388,35,6
40.61176,-7.96643,116,41
40.62052,-7.96898,16,0
40.62928,-7.97153,9,5
40.63804,-7.97408,111,31
40.6468,-7.97664,209,46
40.65556,-7.97919,200,64
40.66432,-7.98175,115,47
40.67308,-7.9843,109,28
40.68184,-7.98686,131,55
40.69936,-7.99198,4,0
40.70812,-7.99454,104,30
40.71688,-7.9971,171,60
40.72564,-7.99966,149,70
40.7344,-8.00222,42,13
40.74315,-8.00479,228,102
40.75191,-8.00735,17,2
40.76067,-8.00992,28,7
40.76943,-8.01249,78,27
40.77818,-8.01506,47,7
40.78694,-8.01763,169,61
40.7957,-8.0202,31,15
40.81321,-8.02534,9,2
40.82197,-8.02791,41,10
40.83948,-8.03306,7,3
40.84824,-8.03564,20,13
40.85699,-8.03821,24,14
40.8745,-8.04337,7,5
40.90952,-8.0537,49,20
40.91828,-8.05628,20,6
40.92703,-8.05887,157,80
40.93579,-8.06145,79,29
40.95329,-8.06663,2,2
40.9708,-8.07181,27,12
40.98831,-8.07699,48,14
41.04957,-8.09516,45,12
41.05832,-8.09776,10,7
41.06708,-8.10036,115,24
41.07583,-8.10296,803,122
41.08458,-8.10556,395,129
41.09333,-8.10817,34,11
41.10208,-8.11077,248,52
41.11083,-8.11338,122,21
41.11958,-8.11599,101,31
41.12833,-8.11859,315,56
41.13708,-8.1212,201,26
41.14583,-8.12381,134,19
41.15458,-8.12642,100,22
41.16333,-8.12903,145,29
41.17208,-8.13165,652,131
41.18083,-8.13426,599,101
41.18958,-8.13688,609,143
41.19832,-8.13949,593,95
41.20707,-8.14211,337,77
41.21582,-8.14473,670,194
41.22457,-8.14735,409,86
41.23332,-8.14997,450,77
41.24206,-8.15259,73,11
41.25081,-8.15521,228,51
41.25956,-8.15783,54,18
41.26831,-8.16045,129,35
41.27705,-8.16308,483,88
41.2858,-8.16571,263,50
41.29455,-8.16833,356,70
41.30329,-8.17096,527,102
41.31204,-8.17359,833,230
41.32078,-8.17622,50,7
41.32953,-8.17885,392,50
41.33828,-8.18148,407,47
41.34702,-8.18411,777,129
41.35577,-8.18675,1716,325
41.36451,-8.18938,1818,355
41.37326,-8.19202,1049,243
41.382,-8.19466,305,40
41.39075,-8.19729,172,38
41.39949,-8.19993,310,54
41.40824,-8.20257,72,14
41.41698,-8.20521,48,12
41.42572,-8.20786,279,41
41.43447,-8.2105,396,83
41.44321,-8.21314,791,108
41.45195,-8.21579,867,197
41.4607,-8.21844,426,72
41.46944,-8.22108,220,21
41.47818,-8.22373,161,23
41.48692,-8.22638,140,21
41.49567,-8.22903,66,12
41.50441,-8.23168,24,4
41.51315,-8.23433,66,8
41.53063,-8.23964,19,3
41.53938,-8.2423,468,115
41.54812,-8.24495,158,34
41.55686,-8.24761,3,0
41.5656,-8.25027,22,6
41.57434,-8.25293,538,102
41.58308,-8.25559,204,29
41.59182,-8.25825,227,60
41.60056,-8.26091,74,14
41.6093,-8.26358,263,58
41.61804,-8.26624,75,17
41.62678,-8.26891,29,5
41.64426,-8.27424,47,20
41.653,-8.27691,24,3
41.66174,-8.27958,214,57
41.67048,-8.28225,57,20
41.71417,-8.29562,33,12
41.7229,-8.2983,77,16
41.73164,-8.30098,90,34
41.74038,-8.30365,20,5
41.74912,-8.30633,13,9
41.76659,-8.3117,7,5
41.7928,-8.31975,17,10
41.80153,-8.32244,67,26
41.81027,-8.32512,1,1
41.81901,-8.32781,78,28
41.82774,-8.3305,27,16
41.86268,-8.34127,25,9
41.87142,-8.34397,48,19
41.88015,-8.34666,3,1
41.88888,-8.34936,13,7
41.91508,-8.35745,21,13
41.92382,-8.36016,24,7
41.94128,-8.36556,13,8
41.96748,-8.37368,17,15
41.97621,-8.37638,72,35
41.98495,-8.37909,34,22
42.00241,-8.38451,13,8
42.01114,-8.38722,56,29
42.01987,-8.38994,146,71
42.0286,-8.39265,79,38
42.03734,-8.39536,141,45
42.04607,-8.39808,124,37
42.0548,-8.4008,63,22
42.06353,-8.40351,190,108
42.07226,-8.40623,237,86
38.03903,-7.24781,1,0
38.11835,-7.26841,1,0
38.23291,-7.29827,2,1
38.24172,-7.30057,1,0
38.30339,-7.31672,1,0
38.37386,-7.33522,1,0
38.38267,-7.33754,904,254
38.39147,-7.33986,111,2
38.43551,-7.35146,1,0
38.57639,-7.38873,2,2
38.594,-7.3934,7,3
38.62041,-7.40042,2,0
38.62921,-7.40276,1,0
38.64681,-7.40745,4,0
38.68202,-7.41682,3,0
38.69082,-7.41917,4,3
38.75243,-7.43563,1,0
38.76123,-7.43798,5,0
38.78762,-7.44505,15,5
38.79642,-7.4474,8,2
38.80522,-7.44976,1043,343
38.81402,-7.45212,240,22
38.84042,-7.4592,12,4
38.84921,-7.46157,4,2
38.85801,-7.46393,10,3
38.86681,-7.4663,37,9
38.87561,-7.46866,387,113
38.97237,-7.49474,14,2
39.4119,-7.61463,181,46
39.42069,-7.61705,672,252
39.42948,-7.61947,11,2
39.48219,-7.63402,3,0
39.50854,-7.64131,225,60
39.51733,-7.64374,1233,437
39.52611,-7.64617,1,1
39.53489,-7.6486,8,0
39.54368,-7.65103,5,0
39.64028,-7.67786,2,2
39.64906,-7.68031,36,0
39.65785,-7.68275,227,42
39.66663,-7.6852,2,2
39.67541,-7.68765,74,25
39.68419,-7.69009,5,3
39.69297,-7.69254,14,8
39.70175,-7.69499,33,11
39.74565,-7.70726,19,15
39.75443,-7.70971,2,0
39.77198,-7.71463,33,22
39.78076,-7.71708,54,37
39.78954,-7.71954,9,3
39.8071,-7.72446,1,1
39.82465,-7.72939,21,15
39.84221,-7.73432,13,12
39.85976,-7.73925,37,25
39.86854,-7.74172,24,15
39.88609,-7.74665,2,0
39.90364,-7.7516,20,6
39.9212,-7.75654,16,7
39.92997,-7.75902,12,8
39.94752,-7.76397,2,2
39.97385,-7.7714,6,4
40.01772,-7.78381,44,28
40.02649,-7.78629,319,192
40.06158,-7.79624,4,1
40.07035,-7.79873,257,115
40.07913,-7.80122,5,4
40.0879,-7.80371,3,1
40.13176,-7.81618,29,14
40.1493,-7.82117,19,6
40.20192,-7.83618,3,2
40.24577,-7.84871,10,10
40.2633,-7.85372,6,0
40.27207,-7.85623,7,4
40.28084,-7.85875,9,5
40.28961,-7.86126,36,23
40.29838,-7.86377,198,86
40.30714,-7.86629,66,17
40.31591,-7.8688,108,35
40.32468,-7.87132,168,76
40.33344,-7.87384,415,95
40.34221,-7.87636,196,31
40.35098,-7.87887,16,0
40.35975,-7.88139,94,25
40.36851,-7.88392,67,9
40.37728,-7.88644,82,15
40.38604,-7.88896,325,107
40.39481,-7.89149,4,0
40.41234,-7.89654,10,0
40.42987,-7.90159,3,0
40.43864,-7.90412,121,35
40.4474,-7.90665,7,1
40.47369,-7.91425,505,226
40.48246,-7.91678,94,27
40.49122,-7.91931,1,0
40.49998,-7.92185,37,8
40.50875,-7.92439,15,4
40.52627,-7.92946,112,47
40.53504,-7.932,31,13
40.5438,-7.93454,41,19
40.57009,-7.94217,27,3
40.57885,-7.94471,101,29
40.58761,-7.94726,8,1
40.60513,-7.95235,280,55
40.61389,-7.9549,797,180
40.62266,-7.95745,139,32
40.63142,-7.96,8,0
40.64018,-7.96255,38,6
40.64894,-7.9651,196,42
40.6577,-7.96766,329,77
40.66646,-7.97021,46,9
40.7015,-7.98044,76,22
40.71026,-7.983,116,30
40.71901,-7.98556,218,67
40.72777,-7.98812,23,6
40.74529,-7.99324,108,49
40.75405,-7.9958,47,9
40.76281,-7.99837,8,0
40.77156,-8.00094,103,34
40.81535,-8.01378,43,12
40.82411,-8.01635,10,5
40.85038,-8.02407,33,20
40.85913,-8.02665,45,34
40.87665,-8.0318,9,4
40.8854,-8.03438,16,9
40.89416,-8.03696,18,12
40.90291,-8.03954,18,9
40.92042,-8.0447,3,3
40.92918,-8.04729,15,3
40.93793,-8.04987,11,4
40.95544,-8.05504,23,11
40.96419,-8.05763,24,10
40.97295,-8.06022,27,11
41.00796,-8.07058,26,16
41.01671,-8.07318,7,1
41.04297,-8.08096,28,10
41.06047,-8.08616,81,19
41.06923,-8.08876,626,213
41.07798,-8.09136,478,86
41.08673,-8.09396,240,61
41.09548,-8.09656,91,23
41.10423,-8.09916,75,13
41.11298,-8.10177,48,10
41.12173,-8.10437,30,13
41.13048,-8.10698,74,22
41.13923,-8.10959,233,38
41.14798,-8.1122,121,25
41.15673,-8.1148,62,13
41.16548,-8.11741,122,12
41.17423,-8.12003,188,33
41.18298,-8.12264,683,120
41.19173,-8.12525,229,48
41.20048,-8.12787,120,23
41.20923,-8.13048,218,51
41.21798,-8.1331,252,60
41.22672,-8.13571,355,35
41.23547,-8.13833,1129,193
41.24422,-8.14095,294,56
41.25297,-8.14357,214,54
41.26172,-8.14619,152,46
41.27046,-8.14882,46,16
41.27921,-8.15144,177,44
41.28796,-8.15406,317,36
41.2967,-8.15669,247,57
41.30545,-8.15932,151,26
41.3142,-8.16194,888,207
41.32294,-8.16457,73,20
41.33169,-8.1672,178,37
41.34044,-8.16983,401,79
41.34918,-8.17246,718,133
41.35793,-8.1751,573,114
41.36667,-8.17773,265,29
41.37542,-8.18036,503,59
41.38416,-8.183,609,97
41.39291,-8.18564,150,25
41.40165,-8.18827,10,1
41.4104,-8.19091,22,1
41.41914,-8.19355,273,73
41.42789,-8.19619,85,13
41.43663,-8.19883,420,136
41.44537,-8.20148,672,121
41.45412,-8.20412,664,102
41.46286,-8.20676,297,44
41.47161,-8.20941,20,2
41.48035,-8.21206,198,26
41.48909,-8.2147,13,2
41.49783,-8.21735,16,2
41.50658,-8.22,45,8
41.51532,-8.22265,173,47
41.52406,-8.22531,5,3
41.5328,-8.22796,29,6
41.54154,-8.23061,195,54
41.55029,-8.23327,168,27
41.55903,-8.23592,378,57
41.56777,-8.23858,214,43
41.57651,-8.24124,391,81
41.58525,-8.2439,13,1
41.59399,-8.24656,125,36
41.60273,-8.24922,116,40
41.61147,-8.25188,170,29
41.62021,-8.25454,30,4
41.62895,-8.25721,18,6
41.64643,-8.26254,34,15
41.65517,-8.26521,67,33
41.66391,-8.26787,266,87
41.67265,-8.27054,106,34
41.69887,-8.27856,1,0
41.7076,-8.28123,26,12
41.71634,-8.2839,1,0
41.72508,-8.28658,38,12
41.73382,-8.28926,90,22
41.74256,-8.29193,34,8
41.75129,-8.29461,37,12
41.76877,-8.29997,17,6
41.79498,-8.30802,32,8
41.81245,-8.31339,29,5
41.82119,-8.31608,123,66
41.82992,-8.31877,14,9
41.8736,-8.33222,1,1
41.88233,-8.33492,22,21
41.89107,-8.33761,35,21
41.8998,-8.34031,15,9
41.9784,-8.36462,4,0
41.98713,-8.36733,14,8
41.99587,-8.37004,13,13
42.0046,-8.37274,34,21
42.01333,-8.37545,6,4
42.02206,-8.37817,15,4
42.03079,-8.38088,125,71
42.03952,-8.38359,55,20
42.04826,-8.3863,156,54
42.05699,-8.38902,152,60
42.06572,-8.39174,49,13
38.01462,-7.22985,1,0
38.06751,-7.24355,5,0
38.20852,-7.28022,5,0
38.34948,-7.31712,4,0
38.3759,-7.32406,10,0
38.38471,-7.32637,12,0
38.56964,-7.3752,1,1
38.57844,-7.37753,16,6
38.58725,-7.37987,14,6
38.67528,-7.40327,1,0
38.68408,-7.40561,4,0
38.69288,-7.40796,215,44
38.70168,-7.4103,391,84
38.71048,-7.41265,2,0
38.77209,-7.42911,21,9
38.78089,-7.43146,88,9
38.78968,-7.43382,12,2
38.80728,-7.43853,42,10
38.81608,-7.44089,67,22
38.87767,-7.45742,8,3
38.93925,-7.47399,2,2
39.08876,-7.51442,362,71
39.09756,-7.5168,90,38
39.26459,-7.56231,64,27
39.44913,-7.61298,2,1
39.51063,-7.62996,1,0
39.51941,-7.63239,2,2
39.65116,-7.66894,642,214
39.65994,-7.67138,319,187
39.71262,-7.68607,5,2
39.7214,-7.68852,11,5
39.77408,-7.70324,2,2
39.78286,-7.70569,8,7
39.80042,-7.71061,13,12
39.8092,-7.71307,63,36
39.82675,-7.71799,38,23
39.83553,-7.72045,2,1
39.86186,-7.72785,5,1
39.87064,-7.73031,6,5
39.94963,-7.75255,81,46
39.97595,-7.75998,1,0
40.03737,-7.77735,4,4
40.04614,-7.77983,84,66
40.08124,-7.78978,117,37
40.1251,-7.80224,15,5
40.13387,-7.80473,41,22
40.14264,-7.80723,5,0
40.15141,-7.80972,83,54
40.18649,-7.81971,22,16
40.20403,-7.82472,2,0
40.23034,-7.83223,8,0
40.25665,-7.83975,7,6
40.26542,-7.84226,18,14
40.28296,-7.84728,10,9
40.29173,-7.84979,13,8
40.31803,-7.85733,63,32
40.3268,-7.85984,16,6
40.33556,-7.86236,172,42
40.34433,-7.86487,163,41
40.3531,-7.86739,270,24
40.36187,-7.86991,685,201
40.37063,-7.87243,332,45
40.38816,-7.87747,44,4
40.39693,-7.88,3,2
40.41446,-7.88504,31,12
40.42323,-7.88757,435,166
40.43199,-7.8901,5,2
40.44076,-7.89262,4,0
40.44952,-7.89515,6,3
40.48458,-7.90527,21,1
40.49335,-7.90781,149,32
40.50211,-7.91034,215,120
40.51087,-7.91288,4,3
40.51964,-7.91541,25,5
40.5284,-7.91795,266,99
40.54593,-7.92303,200,96
40.55469,-7.92557,68,30
40.57221,-7.93065,98,29
40.58098,-7.93319,249,87
40.58974,-7.93574,70,9
40.5985,-7.93828,18,4
40.60726,-7.94083,212,37
40.61602,-7.94337,468,69
40.62479,-7.94592,143,34
40.63355,-7.94847,7,2
40.64231,-7.95102,6,3
40.65107,-7.95357,532,135
40.65983,-7.95612,207,65
40.66859,-7.95868,186,50
40.69487,-7.96634,48,7
40.70363,-7.9689,156,33
40.71239,-7.97145,351,106
40.72115,-7.97401,388,94
40.72991,-7.97657,55,15
40.74743,-7.98169,15,6
40.75618,-7.98425,106,47
40.76494,-7.98682,110,48
40.80873,-7.99965,2,1
40.81749,-8.00222,113,38
40.82625,-8.00479,10,1
40.86127,-8.01508,10,0
40.87879,-8.02023,32,19
40.88754,-8.02281,4,2
40.8963,-8.02538,11,6
40.90505,-8.02796,4,3
40.91381,-8.03054,31,14
40.92256,-8.03312,21,7
40.93132,-8.03571,4,2
40.94007,-8.03829,60,21
40.94883,-8.04087,2,0
41.00135,-8.0564,17,4
41.0101,-8.05899,51,13
41.01886,-8.06158,68,26
41.03636,-8.06677,56,15
41.04512,-8.06936,41,8
41.05387,-8.07196,51,19
41.06262,-8.07455,55,14
41.07137,-8.07715,95,33
41.08013,-8.07975,38,11
41.08888,-8.08235,113,29
41.09763,-8.08495,137,51
41.10638,-8.08755,39,19
41.11513,-8.09016,92,22
41.12388,-8.09276,211,50
41.13263,-8.09536,95,20
41.14138,-8.09797,1,1
41.15013,-8.10058,202,44
41.15888,-8.10319,407,91
41.16763,-8.10579,146,26
41.17638,-8.1084,50,10
41.18513,-8.11101,87,27
41.19388,-8.11363,207,40
41.20263,-8.11624,107,23
41.21138,-8.11885,172,25
41.22013,-8.12147,40,9
41.22888,-8.12408,234,69
41.23763,-8.1267,122,29
41.24638,-8.12932,47,11
41.25512,-8.13194,30,2
41.26387,-8.13456,97,16
41.27262,-8.13718,272,51
41.28137,-8.1398,39,3
41.29011,-8.14242,221,52
41.29886,-8.14505,845,168
41.30761,-8.14767,858,188
41.31636,-8.1503,1093,181
41.3251,-8.15292,1148,229
41.33385,-8.15555,1382,284
41.3426,-8.15818,492,75
41.35134,-8.16081,505,62
41.36009,-8.16344,73,18
41.36883,-8.16607,519,55
41.37758,-8.16871,277,43
41.38632,-8.17134,141,24
41.39507,-8.17398,35,6
41.40382,-8.17661,29,11
41.41256,-8.17925,2,1
41.4213,-8.18189,93,24
41.43005,-8.18453,191,30
41.43879,-8.18717,936,164
41.44754,-8.18981,615,112
41.45628,-8.19245,652,121
41.46503,-8.19509,595,150
41.47377,-8.19774,229,61
41.48251,-8.20038,373,83
41.49126,-8.20303,158,32
41.5,-8.20568,78,15
41.50874,-8.20832,140,41
41.51748,-8.21097,112,50
41.52623,-8.21362,217,47
41.53497,-8.21627,410,92
41.54371,-8.21893,272,67
41.55245,-8.22158,296,87
41.5612,-8.22423,591,160
41.56994,-8.22689,237,47
41.57868,-8.22955,109,18
41.58742,-8.2322,14,3
41.59616,-8.23486,24,6
41.6049,-8.23752,37,10
41.61364,-8.24018,8,3
41.6486,-8.25083,216,72
41.65734,-8.2535,39,11
41.67482,-8.25883,4,1
41.68356,-8.2615,9,5
41.71852,-8.27219,45,12
41.72726,-8.27486,41,17
41.73599,-8.27754,38,9
41.74473,-8.28021,79,33
41.76221,-8.28557,24,1
41.79716,-8.29629,10,7
41.80589,-8.29897,54,16
41.81463,-8.30166,3,1
41.82336,-8.30434,39,12
41.8321,-8.30703,28,16
41.84084,-8.30972,25,9
41.87578,-8.32048,3,3
41.88451,-8.32317,3,2
41.90198,-8.32856,15,14
41.98059,-8.35286,38,16
41.99805,-8.35827,27,21
42.00678,-8.36098,6,5
42.01552,-8.36369,33,14
42.02425,-8.3664,224,85
42.03298,-8.36911,79,31
42.04171,-8.37182,125,58
42.05044,-8.37453,45,4
42.05918,-8.37724,56,16
42.06791,-8.37996,211,77
38.19293,-7.26449,2,2
38.25461,-7.28058,4,4
38.34271,-7.30364,6,2
38.36914,-7.31058,2,0
38.37795,-7.31289,2,2
38.38676,-7.3152,1,0
38.39557,-7.31752,4,1
38.48364,-7.34072,7,1
38.53647,-7.35468,2,2
38.54528,-7.357,15,5
38.56289,-7.36167,28,17
38.57169,-7.364,53,17
38.63332,-7.38035,1,1
38.69494,-7.39674,36,3
38.70374,-7.39908,741,187
38.71254,-7.40143,1,1
38.72134,-7.40378,288,53
38.73014,-7.40613,7,1
38.76534,-7.41553,31,1
38.77414,-7.41788,2775,785
38.78294,-7.42023,1301,342
38.79174,-7.42258,56,2
38.80934,-7.42729,2,0
38.81814,-7.42965,2,0
38.95011,-7.4651,3,0
39.01168,-7.48172,2,0
39.09083,-7.50314,102,43
39.09963,-7.50552,4,1
39.12601,-7.51268,5,0
39.27546,-7.5534,17,7
39.46,-7.60407,2,0
39.49515,-7.61376,2,2
39.5742,-7.63563,5,2
39.64447,-7.65513,3,0
39.65325,-7.65757,3,0
39.68838,-7.66735,39,14
39.77618,-7.69185,6,6
39.78496,-7.6943,2,2
39.80252,-7.69922,28,20
39.81129,-7.70168,16,9
39.82007,-7.70414,15,7
39.82885,-7.7066,15,5
39.88152,-7.72138,14,7
39.89029,-7.72384,15,12
39.89907,-7.72631,2,0
39.90785,-7.72878,33,19
39.93418,-7.73619,49,16
39.94295,-7.73866,16,9
40.08334,-7.77834,17,6
40.09212,-7.78083,49,16
40.10089,-7.78332,4,0
40.10966,-7.78581,55,30
40.11843,-7.7883,68,30
40.13598,-7.79328,15,4
40.14475,-7.79578,24,10
40.23246,-7.82077,42,12
40.25,-7.82577,2,0
40.28507,-7.8358,78,23
40.30261,-7.84082,154,93
40.32015,-7.84585,66,17
40.32891,-7.84836,152,53
40.33768,-7.85088,80,15
40.34645,-7.85339,389,111
40.35522,-7.85591,1228,260
40.36398,-7.85843,1807,274
40.37275,-7.86094,213,73
40.38152,-7.86346,17,2
40.39028,-7.86598,28,5
40.39905,-7.8685,387,101
40.40782,-7.87103,22,6
40.42535,-7.87607,6,0
40.44288,-7.88113,1,0
40.46041,-7.88618,16,4
40.47794,-7.89124,2,0
40.48671,-7.89377,138,31
40.49547,-7.8963,349,101
40.50423,-7.89883,1391,337
40.513,-7.90137,418,109
40.52176,-7.9039,8,1
40.53053,-7.90644,230,71
40.53929,-7.90897,296,99
40.54805,-7.91151,73,28
40.55682,-7.91405,72,29
40.5831,-7.92167,3,1
40.59187,-7.92421,316,68
40.60063,-7.92676,197,51
40.60939,-7.9293,332,68
40.61815,-7.93185,154,28
40.62691,-7.93439,37,3
40.63568,-7.93694,366,112
40.64444,-7.93949,624,35
40.6532,-7.94204,649,175
40.66196,-7.94459,188,36
40.67072,-7.94714,665,187
40.67948,-7.94969,33,3
40.697,-7.9548,41,10
40.70576,-7.95735,3,0
40.71452,-7.95991,256,86
40.72328,-7.96247,347,108
40.73204,-7.96502,25,0
40.7408,-7.96758,3,0
40.75832,-7.9727,30,14
40.76708,-7.97527,28,12
40.81963,-7.99066,24,0
40.82838,-7.99323,28,5
40.83714,-7.99579,238,85
40.86341,-8.00351,110,43
40.88092,-8.00866,39,21
40.88968,-8.01123,16,8
40.89844,-8.01381,18,10
40.91595,-8.01897,55,14
40.9247,-8.02155,53,25
40.93346,-8.02413,61,36
40.94221,-8.02671,42,15
41.0035,-8.0448,28,4
41.01225,-8.04739,162,80
41.021,-8.04998,15,2
41.02976,-8.05258,63,20
41.03851,-8.05517,18,5
41.04726,-8.05776,85,25
41.05601,-8.06036,41,8
41.06477,-8.06295,72,13
41.07352,-8.06555,89,34
41.08227,-8.06814,148,57
41.09102,-8.07074,133,38
41.09978,-8.07334,28,9
41.10853,-8.07594,55,9
41.11728,-8.07854,108,29
41.12603,-8.08115,72,13
41.13478,-8.08375,122,23
41.15228,-8.08896,87,16
41.16103,-8.09157,378,91
41.16978,-8.09417,107,25
41.17853,-8.09678,224,33
41.19603,-8.102,22,2
41.20478,-8.10461,248,58
41.21353,-8.10722,129,21
41.22228,-8.10984,94,16
41.23103,-8.11245,26,4
41.23978,-8.11507,55,6
41.24853,-8.11768,252,38
41.25728,-8.1203,386,77
41.26603,-8.12292,179,41
41.27477,-8.12554,122,19
41.28352,-8.12816,254,47
41.29227,-8.13078,59,12
41.30102,-8.1334,111,14
41.30977,-8.13603,721,167
41.31851,-8.13865,875,181
41.32726,-8.14128,963,166
41.33601,-8.1439,296,67
41.34475,-8.14653,437,94
41.3535,-8.14916,398,83
41.36225,-8.15179,550,123
41.37099,-8.15442,453,64
41.37974,-8.15705,28,5
41.38848,-8.15968,151,23
41.39723,-8.16232,50,18
41.40598,-8.16495,406,108
41.41472,-8.16759,403,119
41.42347,-8.17022,58,16
41.43221,-8.17286,523,146
41.44096,-8.1755,3324,718
41.4497,-8.17814,3138,755
41.45844,-8.18078,654,170
41.46719,-8.18342,448,112
41.47593,-8.18606,384,61
41.48468,-8.18871,257,57
41.49342,-8.19135,660,199
41.50216,-8.194,232,60
41.51091,-8.19664,127,46
41.51965,-8.19929,2,2
41.52839,-8.20194,92,24
41.53714,-8.20459,97,22
41.54588,-8.20724,171,46
41.55462,-8.20989,131,46
41.56336,-8.21254,118,20
41.5721,-8.2152,5,1
41.58085,-8.21785,200,39
41.58959,-8.22051,87,28
41.59833,-8.22317,6,4
41.60707,-8.22582,115,38
41.61581,-8.22848,126,46
41.62455,-8.23114,98,23
41.64203,-8.23647,12,5
41.65077,-8.23913,135,49
41.66825,-8.24446,32,13
41.69447,-8.25246,39,7
41.70321,-8.25513,7,2
41.72069,-8.26047,5,1
41.72943,-8.26314,12,3
41.73817,-8.26582,80,40
41.74691,-8.26849,4,1
41.75564,-8.27117,59,21
41.81681,-8.28992,18,4
41.83428,-8.29529,70,26
41.84301,-8.29798,18,10
41.88669,-8.31142,3,0
41.98277,-8.3411,26,18
42.00024,-8.3465,46,33
42.0177,-8.35192,39,26
42.02643,-8.35462,156,71
42.03517,-8.35733,30,14
42.05263,-8.36275,3,0
42.06136,-8.36547,91,48
42.07009,-8.36818,78,35
38.06276,-7.21903,3,0
38.08039,-7.22359,4,0
38.10683,-7.23045,2,0
38.1509,-7.24189,1,0
38.20378,-7.25565,4,0
38.24784,-7.26713,1,1
38.25665,-7.26943,1,0
38.37999,-7.30172,1,1
38.39761,-7.30635,4,0
38.52091,-7.33883,1,0
38.53852,-7.34348,17,6
38.54733,-7.34581,186,71
38.56494,-7.35047,48,17
38.61776,-7.36447,5,1
38.62657,-7.3668,2,0
38.68819,-7.38318,1,0
38.69699,-7.38552,3,2
38.71459,-7.39021,2,2
38.7234,-7.39256,116,31
38.7322,-7.3949,31,11
38.7586,-7.40195,10,1
38.7674,-7.4043,31,3
38.7762,-7.40665,194,10
38.785,-7.409,92,30
38.8378,-7.42313,2,1
39.1017,-7.49424,4,0
39.11928,-7.49901,3,0
39.15446,-7.50856,2,2
39.53237,-7.61212,2,0
39.56751,-7.62184,1,0
39.57629,-7.62427,57,41
39.66412,-7.64864,5,2
39.6729,-7.65108,1,1
39.72559,-7.66576,3,3
39.73437,-7.6682,13,7
39.79583,-7.68537,12,8
39.80461,-7.68783,4,2
39.81339,-7.69028,13,6
39.82217,-7.69274,2,2
39.83095,-7.6952,2,2
39.83973,-7.69766,40,22
39.87484,-7.70751,10,4
39.88362,-7.70997,5,3
39.89239,-7.71243,4,3
39.93628,-7.72477,4,0
40.103,-7.77188,23,14
40.14686,-7.78433,3,0
40.1644,-7.78931,238,142
40.20826,-7.8018,34,18
40.24334,-7.8118,4,3
40.25211,-7.81431,8,0
40.28719,-7.82433,23,6
40.29596,-7.82684,1,0
40.30472,-7.82935,141,61
40.32226,-7.83437,45,9
40.33103,-7.83688,79,35
40.3398,-7.8394,24,8
40.34857,-7.84191,716,232
40.35733,-7.84442,91,18
40.3661,-7.84694,53,17
40.37487,-7.84946,160,43
40.38364,-7.85197,60,10
40.3924,-7.85449,99,29
40.40117,-7.85701,643,177
40.40994,-7.85953,113,22
40.4187,-7.86206,3,0
40.43623,-7.8671,398,153
40.445,-7.86963,2,2
40.45377,-7.87215,6,0
40.46253,-7.87468,207,44
40.48883,-7.88226,269,108
40.49759,-7.88479,18,7
40.50636,-7.88732,21,5
40.51512,-7.88986,36,18
40.53265,-7.89492,12,5
40.54141,-7.89746,332,122
40.55894,-7.90253,14,1
40.5677,-7.90507,29,8
40.57647,-7.90761,33,8
40.58523,-7.91015,2,0
40.59399,-7.91269,54,0
40.60276,-7.91523,89,12
40.61152,-7.91777,300,61
40.62028,-7.92032,453,99
40.62904,-7.92286,95,17
40.6378,-7.92541,2131,401
40.64657,-7.92796,700,100
40.65533,-7.9305,4042,589
40.66409,-7.93305,1654,361
40.67285,-7.9356,1187,165
40.68161,-7.93815,231,48
40.69037,-7.9407,261,56
40.69913,-7.94326,906,249
40.70789,-7.94581,37,8
40.71665,-7.94836,4,0
40.74293,-7.95603,285,124
40.75169,-7.95859,15,1
40.80425,-7.97396,11,0
40.83052,-7.98166,61,17
40.89182,-7.99966,1,0
40.90058,-8.00223,42,11
40.90933,-8.00481,58,24
41.00564,-8.03321,58,23
41.01439,-8.0358,18,9
41.02315,-8.03839,16,6
41.0319,-8.04098,17,6
41.04065,-8.04357,66,25
41.04941,-8.04616,129,29
41.05816,-8.04875,26,21
41.06691,-8.05135,93,26
41.07567,-8.05394,109,27
41.08442,-8.05654,83,15
41.09317,-8.05913,230,32
41.10192,-8.06173,706,95
41.11067,-8.06433,134,51
41.11943,-8.06693,18,7
41.13693,-8.07213,55,7
41.14568,-8.07474,186,35
41.15443,-8.07734,28,6
41.16318,-8.07995,10,1
41.17193,-8.08255,135,34
41.18068,-8.08516,81,19
41.18943,-8.08777,49,15
41.19818,-8.09037,133,25
41.20693,-8.09298,237,48
41.21568,-8.0956,25,6
41.22443,-8.09821,261,61
41.23318,-8.10082,105,29
41.24193,-8.10343,53,12
41.25068,-8.10605,4,2
41.25943,-8.10866,326,57
41.26818,-8.11128,300,61
41.27693,-8.1139,445,89
41.28568,-8.11652,57,5
41.29442,-8.11914,176,45
41.30317,-8.12176,496,108
41.31192,-8.12438,368,55
41.32067,-8.127,117,21
41.32942,-8.12963,128,40
41.33816,-8.13225,132,28
41.34691,-8.13488,1,0
41.35566,-8.1375,59,9
41.3644,-8.14013,298,68
41.37315,-8.14276,9,0
41.3819,-8.14539,73,14
41.39064,-8.14802,288,68
41.39939,-8.15065,768,233
41.40813,-8.15329,406,115
41.41688,-8.15592,21,8
41.42563,-8.15856,367,65
41.43437,-8.16119,480,120
41.44312,-8.16383,973,223
41.45186,-8.16647,4591,957
41.46061,-8.16911,886,209
41.46935,-8.17175,796,211
41.47809,-8.17439,331,72
41.48684,-8.17703,178,39
41.49558,-8.17967,50,7
41.50433,-8.18232,48,11
41.51307,-8.18496,15,5
41.53056,-8.19026,84,15
41.54804,-8.19555,21,3
41.55678,-8.1982,42,7
41.56553,-8.20085,172,57
41.57427,-8.20351,319,89
41.58301,-8.20616,29,9
41.6005,-8.21147,4,0
41.60924,-8.21413,149,35
41.61798,-8.21678,68,29
41.62672,-8.21944,60,19
41.6442,-8.22476,43,21
41.65294,-8.22742,71,29
41.66168,-8.23009,138,35
41.67916,-8.23542,13,5
41.69664,-8.24075,25,8
41.70538,-8.24342,24,4
41.71412,-8.24608,1,0
41.72286,-8.24875,9,3
41.7316,-8.25142,12,3
41.74034,-8.2541,80,21
41.75782,-8.25944,32,14
41.76655,-8.26212,9,6
41.78403,-8.26747,39,27
41.81898,-8.27819,55,30
41.82772,-8.28087,4,0
41.83645,-8.28356,23,6
41.84519,-8.28624,14,7
41.85393,-8.28893,19,12
41.8714,-8.2943,49,31
42.01989,-8.34015,14,4
42.02862,-8.34285,39,19
42.03735,-8.34556,56,21
42.06355,-8.35369,24,7
42.07228,-8.3564,114,48
42.08101,-8.35911,130,60
38.04716,-7.20335,5,0
38.10005,-7.21704,3,0
38.10887,-7.21932,881,286
38.15294,-7.23076,4,0
38.18819,-7.23992,6,1
38.197,-7.24221,2,2
38.20582,-7.2445,6,2
38.21463,-7.2468,4,0
38.32037,-7.2744,3,0
38.39965,-7.29518,1,1
38.40846,-7.29749,2,0
38.54057,-7.33229,2,2
38.54938,-7.33462,5,3
38.55818,-7.33694,7,2
38.60221,-7.3486,2,0
38.61101,-7.35093,10,6
38.61981,-7.35326,4,2
38.65503,-7.36261,3,0
38.69024,-7.37196,20,6
38.69904,-7.37431,2,2
38.71665,-7.37899,11,2
38.72545,-7.38134,2,2
38.74305,-7.38603,3,1
38.75186,-7.38837,2,2
38.77826,-7.39542,7,0
38.78706,-7.39777,2,1
38.83106,-7.40953,1,0
38.91025,-7.43076,1,0
38.92785,-7.43549,5,2
38.99822,-7.45444,1,0
39.12135,-7.48773,13,0
39.2884,-7.53319,5,1
39.3675,-7.55483,4,1
39.51688,-7.59592,2,0
39.52567,-7.59835,2,0
39.57838,-7.61292,20,19
39.67499,-7.63971,55,27
39.73646,-7.65682,31,16
39.74525,-7.65927,2,0
39.78037,-7.66907,14,8
39.78915,-7.67152,40,27
39.79793,-7.67398,14,12
39.80671,-7.67643,2,0
39.82426,-7.68134,13,5
39.83304,-7.6838,1,1
39.84182,-7.68626,4,0
39.8506,-7.68872,135,73
39.86816,-7.69364,3,2
39.95593,-7.7183,15,9
39.99981,-7.73066,3,2
40.00859,-7.73314,18,14
40.04368,-7.74305,39,29
40.05246,-7.74553,9,9
40.08755,-7.75546,5,1
40.09633,-7.75795,151,86
40.16651,-7.77786,136,84
40.19283,-7.78535,9,6
40.23668,-7.79784,10,6
40.24545,-7.80034,1,1
40.26299,-7.80534,12,9
40.29807,-7.81536,8,8
40.30684,-7.81787,4,1
40.32438,-7.82289,48,22
40.33314,-7.8254,199,87
40.34191,-7.82791,42,11
40.35068,-7.83043,134,24
40.35945,-7.83294,24,3
40.36822,-7.83545,51,19
40.37699,-7.83797,193,58
40.38575,-7.84049,68,15
40.39452,-7.843,8,2
40.40329,-7.84552,89,9
40.41205,-7.84804,2,0
40.43835,-7.8556,36,11
40.44712,-7.85813,199,52
40.46465,-7.86318,4,2
40.48218,-7.86823,18,5
40.49095,-7.87076,52,26
40.49971,-7.87329,1,0
40.50848,-7.87582,3,0
40.54354,-7.88594,52,12
40.56106,-7.89101,60,18
40.56983,-7.89355,464,177
40.57859,-7.89609,10,4
40.58735,-7.89863,57,11
40.59612,-7.90117,123,24
40.60488,-7.90371,79,23
40.61364,-7.90625,401,100
40.62241,-7.90879,107,25
40.63117,-7.91133,902,110
40.63993,-7.91388,1115,151
40.64869,-7.91642,5152,797
40.65745,-7.91897,6886,1546
40.66622,-7.92152,1367,271
40.67498,-7.92406,2184,408
40.68374,-7.92661,1032,272
40.6925,-7.92916,738,153
40.70126,-7.93171,470,150
40.71002,-7.93427,35,3
40.7363,-7.94193,2,0
40.74506,-7.94448,102,50
40.76258,-7.9496,65,38
40.79762,-7.95984,30,11
40.80638,-7.9624,346,163
40.8239,-7.96753,2,0
40.83265,-7.9701,204,67
40.84141,-7.97266,3,0
40.85017,-7.97523,25,9
40.89396,-7.98808,8,0
40.90271,-7.99066,151,45
40.91147,-7.99323,36,24
40.92023,-7.99581,84,37
40.94649,-8.00354,6,2
40.95525,-8.00612,6,6
40.98152,-8.01386,160,61
40.99027,-8.01645,7,2
40.99902,-8.01903,93,27
41.01653,-8.0242,44,18
41.02529,-8.02679,38,9
41.03404,-8.02938,26,8
41.0428,-8.03197,5,1
41.06906,-8.03974,11,2
41.07781,-8.04234,53,14
41.08656,-8.04493,168,49
41.09531,-8.04753,174,40
41.10407,-8.05012,102,24
41.11282,-8.05272,68,15
41.12157,-8.05532,314,46
41.13032,-8.05792,288,43
41.13908,-8.06052,262,54
41.14783,-8.06312,107,22
41.15658,-8.06572,81,12
41.16533,-8.06832,15,4
41.17408,-8.07093,54,15
41.18283,-8.07353,10,5
41.20033,-8.07875,60,14
41.20908,-8.08136,166,35
41.21783,-8.08396,30,7
41.22658,-8.08658,11,1
41.23533,-8.08919,227,73
41.24408,-8.0918,309,87
41.25283,-8.09441,81,19
41.26158,-8.09703,406,88
41.27033,-8.09964,1037,233
41.27908,-8.10226,572,152
41.28783,-8.10488,293,62
41.29658,-8.10749,419,97
41.30533,-8.11011,314,62
41.31407,-8.11273,294,62
41.32282,-8.11535,267,58
41.33157,-8.11798,217,56
41.34032,-8.1206,7,4
41.35781,-8.12585,117,27
41.36656,-8.12848,128,24
41.37531,-8.1311,12,2
41.38405,-8.13373,105,32
41.3928,-8.13636,80,23
41.40155,-8.13899,267,57
41.41029,-8.14162,107,28
41.41904,-8.14426,138,25
41.43653,-8.14952,434,85
41.44527,-8.15216,347,118
41.45402,-8.1548,560,151
41.46276,-8.15743,881,262
41.47151,-8.16007,435,82
41.48025,-8.16271,154,30
41.489,-8.16535,262,57
41.49774,-8.16799,36,14
41.50649,-8.17064,59,9
41.51523,-8.17328,10,2
41.52398,-8.17593,10,3
41.55021,-8.18387,24,11
41.55895,-8.18651,149,48
41.56769,-8.18916,186,75
41.57643,-8.19181,60,16
41.58518,-8.19447,91,24
41.60266,-8.19977,72,25
41.6114,-8.20243,25,4
41.62014,-8.20508,54,18
41.62889,-8.20774,90,25
41.64637,-8.21306,44,9
41.65511,-8.21572,95,40
41.66385,-8.21838,13,1
41.73377,-8.2397,25,9
41.74251,-8.24238,114,37
41.75999,-8.24772,4,0
41.76873,-8.25039,43,14
41.84737,-8.2745,13,2
41.8561,-8.27718,139,46
41.86484,-8.27987,61,32
41.87358,-8.28255,6,2
41.88231,-8.28524,1,1
42.02207,-8.32838,33,17
42.0308,-8.33108,227,115
42.03954,-8.33379,134,74
42.04827,-8.33649,111,61
42.07447,-8.34462,34,11
38.08445,-7.20135,5,0
38.09327,-7.20363,3,0
38.10208,-7.20591,3,0
38.11971,-7.21048,2,0
38.19904,-7.23107,11,2
38.20785,-7.23336,475,117
38.22548,-7.23795,6,2
38.29597,-7.25633,112,33
38.30478,-7.25863,389,145
38.56023,-7.32575,1,1
38.57784,-7.3304,2,1
38.60425,-7.33739,2,0
38.61306,-7.33972,14,9
38.62186,-7.34206,170,83
38.63067,-7.34439,9,5
38.7099,-7.36543,4,1
38.77151,-7.38184,2,2
38.78031,-7.38419,2,2
38.78912,-7.38654,2,2
38.83312,-7.39829,3,0
38.84192,-7.40065,3,0
38.91231,-7.41951,15,10
38.92111,-7.42187,421,124
39.06186,-7.45979,3,0
39.07065,-7.46216,9,0
39.23773,-7.5075,3,2
39.31684,-7.52908,3,1
39.34321,-7.53629,1,0
39.352,-7.5387,1,0
39.36079,-7.5411,473,163
39.36958,-7.54351,2,0
39.60682,-7.60885,37,28
39.6156,-7.61128,14,6
39.65952,-7.62346,12,3
39.68586,-7.63078,26,15
39.69465,-7.63322,36,18
39.70343,-7.63566,9,7
39.71221,-7.63811,6,5
39.73855,-7.64544,2,0
39.74734,-7.64789,2,0
39.8088,-7.66504,16,6
39.83514,-7.6724,18,9
39.84392,-7.67486,16,11
39.86147,-7.67977,6,0
39.87025,-7.68223,8,3
39.87903,-7.68469,17,11
39.89659,-7.68962,14,9
39.90537,-7.69208,3,2
39.95803,-7.70688,4,4
39.96681,-7.70935,32,18
40.00191,-7.71924,57,34
40.02824,-7.72666,6,6
40.07211,-7.73906,100,23
40.09843,-7.74651,194,118
40.10721,-7.74899,322,99
40.19493,-7.77389,5,5
40.2037,-7.77638,10,4
40.2651,-7.79387,5,1
40.27387,-7.79638,53,21
40.28264,-7.79888,7,4
40.30018,-7.80389,6,6
40.30895,-7.8064,7,5
40.31772,-7.8089,20,13
40.33526,-7.81392,28,7
40.34403,-7.81643,19,3
40.3528,-7.81894,84,22
40.36156,-7.82145,76,23
40.37033,-7.82397,85,21
40.3791,-7.82648,125,44
40.38787,-7.829,7,0
40.39664,-7.83151,8,4
40.4054,-7.83403,5,0
40.42294,-7.83906,5,2
40.44924,-7.84663,35,6
40.458,-7.84915,382,131
40.46677,-7.85167,37,18
40.4843,-7.85672,5,2
40.49307,-7.85925,30,13
40.50183,-7.86178,6,1
40.5106,-7.8643,15,1
40.51936,-7.86683,15,2
40.52813,-7.86936,134,33
40.53689,-7.8719,8,1
40.54566,-7.87443,7,0
40.55442,-7.87696,3,2
40.56319,-7.87949,6,0
40.57195,-7.88203,209,83
40.58071,-7.88457,94,35
40.59824,-7.88964,2,2
40.607,-7.89218,89,10
40.61577,-7.89472,346,90
40.62453,-7.89726,555,80
40.63329,-7.8998,78,15
40.64206,-7.90235,1112,329
40.65082,-7.90489,2228,608
40.65958,-7.90743,2547,634
40.66834,-7.90998,605,192
40.6771,-7.91253,1597,292
40.68587,-7.91507,2182,400
40.69463,-7.91762,224,42
40.70339,-7.92017,498,160
40.71215,-7.92272,34,4
40.73843,-7.93038,22,5
40.74719,-7.93293,190,88
40.76471,-7.93805,111,54
40.77347,-7.9406,65,23
40.79099,-7.94572,16,5
40.80851,-7.95084,7,2
40.83479,-7.95853,11,1
40.8523,-7.96366,238,97
40.86106,-7.96623,27,2
40.86982,-7.9688,64,27
40.87858,-7.97137,10,2
40.90485,-7.97908,47,16
40.91361,-7.98165,89,33
40.92236,-7.98423,84,44
40.93987,-7.98938,67,32
40.99241,-8.00486,12,4
41.00116,-8.00744,2,1
41.00992,-8.01002,5,0
41.03618,-8.01778,17,4
41.04494,-8.02037,11,6
41.0712,-8.02814,72,21
41.07995,-8.03073,231,55
41.08871,-8.03332,107,26
41.09746,-8.03592,30,8
41.10621,-8.03851,335,88
41.11496,-8.04111,53,13
41.12372,-8.0437,450,90
41.13247,-8.0463,114,19
41.14122,-8.0489,63,9
41.14997,-8.0515,251,40
41.15872,-8.0541,14,0
41.16748,-8.0567,1,1
41.17623,-8.05931,9,4
41.20248,-8.06712,5,2
41.21123,-8.06973,139,41
41.21998,-8.07233,143,40
41.22873,-8.07494,53,11
41.23748,-8.07755,32,8
41.24623,-8.08016,331,75
41.25498,-8.08278,641,72
41.26373,-8.08539,461,152
41.27248,-8.088,2437,609
41.28123,-8.09062,678,132
41.28998,-8.09323,1330,298
41.29873,-8.09585,172,23
41.30748,-8.09847,109,23
41.31623,-8.10109,293,46
41.32497,-8.10371,94,16
41.33372,-8.10633,215,56
41.34247,-8.10895,3,0
41.35122,-8.11157,28,4
41.35997,-8.1142,193,39
41.36871,-8.11682,163,12
41.38621,-8.12207,84,26
41.39495,-8.1247,59,14
41.4037,-8.12733,91,25
41.41245,-8.12996,189,49
41.42119,-8.13259,124,25
41.43869,-8.13786,933,190
41.44743,-8.14049,526,120
41.45618,-8.14312,124,20
41.46492,-8.14576,582,128
41.47367,-8.1484,648,169
41.48241,-8.15104,311,55
41.49116,-8.15367,204,50
41.4999,-8.15631,28,9
41.50865,-8.15896,24,7
41.51739,-8.1616,38,12
41.52614,-8.16424,122,43
41.53488,-8.16689,60,34
41.55237,-8.17218,25,10
41.56111,-8.17482,128,49
41.56985,-8.17747,135,42
41.5786,-8.18012,157,48
41.58734,-8.18277,72,43
41.60482,-8.18808,74,26
41.62231,-8.19338,131,25
41.63105,-8.19604,325,88
41.63979,-8.1987,61,18
41.64853,-8.20135,39,8
41.65728,-8.20401,160,42
41.66602,-8.20667,2,1
41.70972,-8.21998,51,22
41.71846,-8.22265,4,2
41.73594,-8.22798,8,6
41.74468,-8.23065,99,36
41.75342,-8.23332,10,5
41.76216,-8.23599,6,4
41.7709,-8.23867,23,6
41.82333,-8.25472,55,23
41.84954,-8.26276,47,20
41.85828,-8.26544,53,26
41.86702,-8.26813,35,17
41.87575,-8.27081,186,93
41.88449,-8.27349,4,0
42.03298,-8.31931,35,21
42.04172,-8.32201,97,39
42.07665,-8.33284,42,19
38.06885,-7.18567,1,1
38.0953,-7.1925,4,2
38.16582,-7.21077,1,0
38.20107,-7.21993,387,72
38.20989,-7.22222,1062,353
38.2187,-7.22451,51,17
38.22751,-7.2268,4,1
38.63272,-7.33318,7,7
38.70315,-7.35187,7,0
38.71195,-7.35421,2,2
38.72956,-7.35889,4,0
38.83517,-7.38706,1,1
38.92317,-7.41062,54,42
38.93197,-7.41298,1,0
38.98475,-7.42717,7,5
39.04633,-7.44376,72,24
39.05513,-7.44614,278,65
39.14308,-7.46992,4,0
39.19584,-7.48424,3,0
39.26617,-7.50338,2,2
39.35408,-7.52738,5,0
39.36287,-7.52978,45,4
39.44197,-7.55147,2,0
39.4859,-7.56355,2,0
39.52105,-7.57323,2,1
39.55619,-7.58292,4,0
39.67917,-7.61697,3,0
39.68795,-7.6194,2,1
39.69673,-7.62184,8,6
39.74064,-7.63406,2,2
39.81967,-7.65609,12,7
39.82845,-7.65855,8,5
39.83723,-7.661,27,19
39.88113,-7.67329,1,1
39.90746,-7.68067,31,15
39.91624,-7.68313,61,29
39.9689,-7.69793,25,17
40.00401,-7.70781,18,2
40.01279,-7.71028,20,11
40.07421,-7.72762,4,2
40.15318,-7.74998,327,121
40.17072,-7.75495,83,27
40.18827,-7.75994,17,12
40.25844,-7.7799,8,6
40.26721,-7.7824,2,0
40.27598,-7.7849,15,6
40.28475,-7.78741,6,2
40.29352,-7.78991,71,42
40.30229,-7.79241,2,0
40.31983,-7.79742,7,6
40.33737,-7.80244,250,116
40.35491,-7.80746,12,2
40.36368,-7.80997,123,32
40.37245,-7.81248,1,0
40.38121,-7.81499,134,37
40.38998,-7.81751,142,44
40.39875,-7.82002,3,3
40.40752,-7.82254,25,8
40.41629,-7.82505,123,37
40.42505,-7.82757,207,58
40.43382,-7.83009,4,1
40.45135,-7.83513,23,9
40.46012,-7.83765,83,17
40.46889,-7.84017,2,0
40.48642,-7.84522,37,14
40.49519,-7.84774,15,8
40.51272,-7.85279,418,135
40.52148,-7.85532,185,73
40.53025,-7.85785,1310,259
40.53901,-7.86038,329,103
40.54778,-7.86291,77,26
40.55654,-7.86544,440,168
40.56531,-7.86798,143,42
40.57407,-7.87051,12,1
40.58284,-7.87304,3,0
40.5916,-7.87558,73,25
40.60036,-7.87812,12,2
40.60913,-7.88065,10,1
40.61789,-7.88319,222,32
40.62665,-7.88573,201,36
40.63542,-7.88827,52,14
40.64418,-7.89081,731,108
40.65294,-7.89335,2197,429
40.66171,-7.8959,1947,485
40.67047,-7.89844,1349,289
40.67923,-7.90099,701,127
40.68799,-7.90353,278,59
40.69675,-7.90608,701,149
40.70552,-7.90863,570,116
40.71428,-7.91118,280,55
40.72304,-7.91373,2,2
40.7318,-7.91628,79,31
40.74056,-7.91883,130,49
40.75808,-7.92394,2,1
40.7756,-7.92905,74,29
40.79312,-7.93416,155,72
40.80188,-7.93672,6,0
40.8194,-7.94184,9,5
40.82816,-7.9444,89,27
40.83692,-7.94697,103,33
40.84568,-7.94953,19,3
40.85444,-7.95209,19,10
40.86319,-7.95466,92,39
40.87195,-7.95723,29,3
40.88071,-7.95979,12,3
40.88947,-7.96236,47,22
40.89823,-7.96493,5,2
40.90698,-7.9675,187,26
40.91574,-7.97008,35,9
40.9245,-7.97265,27,15
40.93325,-7.97522,37,21
40.94201,-7.9778,58,37
41.03832,-8.00618,1,1
41.04708,-8.00877,32,13
41.05583,-8.01135,13,11
41.06459,-8.01394,25,7
41.07334,-8.01653,200,50
41.08209,-8.01912,79,15
41.09085,-8.02171,107,30
41.0996,-8.02431,44,13
41.10835,-8.0269,40,12
41.11711,-8.02949,149,28
41.12586,-8.03209,115,36
41.13461,-8.03468,35,16
41.14336,-8.03728,88,9
41.15212,-8.03988,135,37
41.16087,-8.04248,1049,193
41.16962,-8.04508,19,1
41.19588,-8.05289,1,1
41.21338,-8.0581,74,22
41.22213,-8.0607,118,37
41.23088,-8.06331,180,51
41.23963,-8.06592,142,49
41.24838,-8.06853,351,76
41.25713,-8.07114,229,53
41.26588,-8.07375,1690,326
41.27463,-8.07636,1955,426
41.28338,-8.07897,989,158
41.29213,-8.08159,215,61
41.30088,-8.0842,68,14
41.30963,-8.08682,430,78
41.31838,-8.08944,135,36
41.32713,-8.09206,59,8
41.33587,-8.09468,26,8
41.34462,-8.0973,122,35
41.35337,-8.09992,117,38
41.36212,-8.10254,110,25
41.37087,-8.10516,132,31
41.37961,-8.10779,77,17
41.38836,-8.11041,88,24
41.39711,-8.11304,34,8
41.40586,-8.11567,115,26
41.4146,-8.11829,98,16
41.42335,-8.12092,91,20
41.4321,-8.12355,37,16
41.44084,-8.12619,75,13
41.44959,-8.12882,469,112
41.45833,-8.13145,115,32
41.46708,-8.13409,348,84
41.47583,-8.13672,244,59
41.48457,-8.13936,234,76
41.49332,-8.142,20,4
41.51081,-8.14727,62,27
41.51955,-8.14991,107,37
41.5283,-8.15256,25,9
41.55453,-8.16049,18,9
41.56327,-8.16313,30,5
41.57201,-8.16578,85,26
41.58076,-8.16843,135,41
41.5895,-8.17108,36,14
41.59824,-8.17373,33,11
41.60699,-8.17638,33,15
41.63321,-8.18434,174,42
41.64196,-8.18699,65,15
41.6507,-8.18965,72,18
41.65944,-8.1923,21,5
41.66818,-8.19496,58,14
41.67692,-8.19762,24,9
41.68567,-8.20028,208,34
41.69441,-8.20294,129,25
41.70315,-8.2056,1,1
41.72937,-8.2136,44,16
41.73811,-8.21626,146,63
41.74685,-8.21893,45,19
41.85171,-8.25102,5,0
41.86045,-8.2537,7,3
41.86919,-8.25638,21,4
41.87793,-8.25906,151,65
41.88666,-8.26175,3,0
42.02643,-8.30483,33,13
42.03516,-8.30753,18,10
42.0439,-8.31024,49,24
42.05263,-8.31294,70,53
42.0701,-8.31835,14,9
42.07883,-8.32106,137,63
38.02679,-7.16317,6,0
38.22955,-7.21566,2,2
38.32648,-7.24092,2,0
38.3441,-7.24552,1,0
38.59954,-7.31266,5,1
38.60835,-7.31499,2,2
38.66998,-7.33131,7,2
38.73161,-7.34767,3,0
38.98681,-7.41591,8,6
39.022,-7.42538,7,0
39.04839,-7.43249,116,26
39.05719,-7.43486,752,215
39.18032,-7.46817,1,0
39.28583,-7.49686,4,0
39.29462,-7.49925,9,1
39.3122,-7.50405,11,3
39.32099,-7.50645,203,55
39.32978,-7.50885,12,2
39.34736,-7.51365,6,2
39.35615,-7.51605,2,0
39.47919,-7.54979,7,4
39.52313,-7.56188,2,1
39.55827,-7.57157,2,2
39.74273,-7.62267,147,66
39.75151,-7.62511,89,24
39.7603,-7.62756,37,2
39.82176,-7.6447,15,13
39.83054,-7.64715,10,6
39.83932,-7.6496,2,2
39.8481,-7.65206,1,0
39.88322,-7.66188,13,9
39.892,-7.66434,10,10
39.91833,-7.67172,3,3
39.93589,-7.67664,9,7
39.94467,-7.67911,15,8
40.05876,-7.71123,10,7
40.07631,-7.71618,99,56
40.10264,-7.72362,42,15
40.13773,-7.73355,36,16
40.14651,-7.73604,69,37
40.15528,-7.73852,57,12
40.16405,-7.74101,21,16
40.26055,-7.76843,16,9
40.28686,-7.77593,13,9
40.29563,-7.77843,46,29
40.3044,-7.78094,14,9
40.31317,-7.78344,20,6
40.32194,-7.78595,34,17
40.35702,-7.79597,35,12
40.36579,-7.79848,118,42
40.38333,-7.8035,5,1
40.39209,-7.80601,186,70
40.40086,-7.80853,16,2
40.40963,-7.81104,3,0
40.4184,-7.81356,7,4
40.42717,-7.81607,5,0
40.43593,-7.81859,3,2
40.46224,-7.82614,2,0
40.47977,-7.83119,56,24
40.48854,-7.83371,15,8
40.4973,-7.83623,6,0
40.51483,-7.84128,20,9
40.5236,-7.84381,55,18
40.53237,-7.84634,1440,285
40.54113,-7.84886,530,143
40.5499,-7.85139,39,35
40.55866,-7.85392,66,12
40.56743,-7.85645,10,4
40.59372,-7.86405,119,42
40.60248,-7.86659,133,49
40.61125,-7.86912,9,2
40.62001,-7.87166,236,52
40.62878,-7.8742,87,19
40.63754,-7.87674,14,3
40.6463,-7.87928,422,67
40.65507,-7.88182,1317,268
40.66383,-7.88436,2142,404
40.67259,-7.8869,1535,272
40.68135,-7.88945,395,71
40.69012,-7.89199,62,16
40.69888,-7.89454,244,80
40.70764,-7.89708,17,4
40.7164,-7.89963,37,11
40.72516,-7.90218,29,5
40.73393,-7.90473,127,32
40.74269,-7.90728,337,152
40.75145,-7.90983,43,20
40.76021,-7.91238,189,72
40.76897,-7.91494,16,7
40.77773,-7.91749,179,86
40.78649,-7.92005,17,9
40.80401,-7.92516,71,39
40.81277,-7.92772,98,35
40.83029,-7.93284,15,5
40.83905,-7.9354,36,9
40.84781,-7.93796,183,46
40.85657,-7.94053,118,37
40.8916,-7.95079,64,27
40.90036,-7.95336,18,0
40.90912,-7.95593,91,24
40.91787,-7.9585,99,14
40.92663,-7.96107,7,2
40.93539,-7.96364,54,20
40.94414,-7.96621,196,65
41.02295,-7.98941,20,7
41.04922,-7.99716,3,0
41.05797,-7.99975,65,21
41.06672,-8.00234,187,35
41.07548,-8.00493,3,1
41.08423,-8.00751,40,12
41.09299,-8.0101,136,33
41.10174,-8.01269,134,38
41.11049,-8.01529,71,22
41.11925,-8.01788,183,36
41.128,-8.02047,66,21
41.13675,-8.02307,68,11
41.14551,-8.02566,160,38
41.15426,-8.02826,142,35
41.16301,-8.03086,803,165
41.17176,-8.03346,302,30
41.21552,-8.04647,2,0
41.22427,-8.04907,56,23
41.23303,-8.05168,103,26
41.24178,-8.05428,228,69
41.25053,-8.05689,293,65
41.25928,-8.0595,263,73
41.26803,-8.06211,770,156
41.27678,-8.06472,291,71
41.28553,-8.06733,135,33
41.29428,-8.06994,388,106
41.30303,-8.07256,381,89
41.31178,-8.07517,201,29
41.32053,-8.07779,52,10
41.33802,-8.08302,23,9
41.34677,-8.08564,80,32
41.35552,-8.08826,160,42
41.36427,-8.09088,69,17
41.37302,-8.0935,383,48
41.38177,-8.09613,87,24
41.39051,-8.09875,161,45
41.39926,-8.10138,15,6
41.40801,-8.104,3,3
41.41676,-8.10663,24,14
41.4255,-8.10926,20,4
41.45174,-8.11715,122,30
41.46049,-8.11978,222,57
41.46924,-8.12241,231,61
41.47798,-8.12505,152,30
41.48673,-8.12768,99,27
41.49547,-8.13032,146,35
41.50422,-8.13295,4,0
41.51296,-8.13559,69,30
41.52171,-8.13823,77,24
41.5392,-8.14351,43,19
41.56543,-8.15144,147,46
41.57417,-8.15409,82,28
41.58292,-8.15673,50,14
41.59166,-8.15938,10,2
41.60041,-8.16203,97,19
41.60915,-8.16468,12,6
41.61789,-8.16733,2,1
41.62663,-8.16998,15,0
41.63538,-8.17263,104,21
41.65286,-8.17794,106,27
41.6616,-8.1806,131,46
41.67035,-8.18325,113,38
41.67909,-8.18591,251,84
41.68783,-8.18857,2,1
41.74028,-8.20454,20,5
41.74902,-8.20721,2,1
41.86262,-8.24195,86,36
41.87136,-8.24464,38,18
41.8801,-8.24732,2,1
41.91505,-8.25805,6,6
41.96746,-8.27419,1,0
42.03734,-8.29576,10,3
42.04608,-8.29846,119,67
42.05481,-8.30116,27,18
42.06354,-8.30386,22,12
42.08101,-8.30927,56,24
42.08974,-8.31198,138,55
38.16988,-7.1885,1,0
38.34614,-7.23436,1,0
38.67203,-7.32009,26,7
38.68083,-7.32242,210,62
38.71605,-7.33177,1,0
38.72485,-7.3341,2,0
38.86568,-7.37163,4,2
39.05045,-7.42122,3,2
39.05925,-7.42359,2,2
39.06805,-7.42596,2,1
39.19997,-7.46164,5,2
39.31427,-7.49273,252,34
39.32306,-7.49513,481,190
39.33185,-7.49753,426,99
39.34064,-7.49993,3,3
39.34943,-7.50233,4,1
39.45491,-7.53121,7,1
39.51642,-7.54811,2,0
39.69212,-7.59665,11,0
39.7536,-7.61373,92,88
39.76238,-7.61617,52,17
39.81507,-7.63085,14,12
39.83263,-7.63575,3,1
39.84141,-7.6382,80,25
39.92043,-7.66031,3,1
39.92921,-7.66277,22,13
40.02576,-7.6899,10,7
40.06086,-7.69979,17,11
40.06964,-7.70226,67,32
40.10474,-7.71218,79,49
40.11351,-7.71466,101,48
40.1837,-7.73453,2,2
40.20125,-7.73951,7,6
40.21002,-7.742,272,152
40.26265,-7.75696,1,1
40.2802,-7.76196,11,7
40.29774,-7.76696,31,23
40.32405,-7.77446,14,6
40.34159,-7.77947,92,44
40.35036,-7.78198,2,0
40.35913,-7.78449,434,171
40.37667,-7.7895,127,83
40.38544,-7.79201,43,18
40.39421,-7.79452,6,3
40.40297,-7.79703,4,0
40.41174,-7.79955,61,19
40.42051,-7.80206,2,0
40.42928,-7.80457,2,0
40.43805,-7.80709,4,0
40.45558,-7.81212,198,68
40.47312,-7.81716,4,0
40.49065,-7.8222,2,0
40.50818,-7.82725,1,0
40.53448,-7.83482,7,4
40.54325,-7.83735,9,2
40.55201,-7.83988,2,2
40.58708,-7.85,6,0
40.59584,-7.85253,25,5
40.6046,-7.85506,13,3
40.61337,-7.8576,34,4
40.62213,-7.86013,69,25
40.6309,-7.86267,683,127
40.63966,-7.86521,938,190
40.64842,-7.86774,577,153
40.65719,-7.87028,614,96
40.66595,-7.87282,622,153
40.67471,-7.87536,773,173
40.68348,-7.87791,402,66
40.69224,-7.88045,480,31
40.701,-7.88299,3,0
40.72729,-7.89063,58,16
40.73605,-7.89318,339,127
40.74481,-7.89573,116,40
40.75357,-7.89828,46,12
40.76233,-7.90083,40,8
40.77986,-7.90594,85,42
40.78862,-7.90849,58,15
40.82366,-7.91871,31,9
40.83242,-7.92127,51,13
40.84118,-7.92383,84,36
40.84994,-7.92639,84,20
40.8587,-7.92896,44,8
40.86745,-7.93152,133,38
40.87621,-7.93408,64,24
40.88497,-7.93665,34,8
40.89373,-7.93921,333,116
40.90249,-7.94178,279,39
40.91125,-7.94435,217,47
40.92001,-7.94692,60,27
40.94628,-7.95463,116,44
40.96379,-7.95977,8,7
40.99882,-7.97008,8,2
41.00757,-7.97265,155,41
41.01633,-7.97523,20,9
41.0426,-7.98298,10,5
41.05135,-7.98556,65,24
41.06011,-7.98815,220,49
41.06886,-7.99073,157,56
41.07762,-7.99332,2,0
41.08637,-7.9959,29,5
41.09513,-7.99849,63,10
41.10388,-8.00108,36,15
41.11263,-8.00367,153,49
41.12139,-8.00626,259,98
41.13014,-8.00886,120,35
41.13889,-8.01145,32,5
41.1564,-8.01664,86,24
41.16515,-8.01924,50,18
41.17391,-8.02183,122,30
41.18266,-8.02443,81,27
41.20892,-8.03223,16,9
41.21767,-8.03483,7,4
41.22642,-8.03744,2,0
41.23517,-8.04004,45,15
41.24392,-8.04265,59,13
41.25267,-8.04525,213,60
41.26142,-8.04786,334,79
41.27017,-8.05047,197,47
41.27892,-8.05308,355,92
41.28767,-8.05569,86,21
41.29643,-8.0583,190,44
41.30518,-8.06091,42,1
41.31392,-8.06352,155,32
41.32267,-8.06614,239,81
41.33142,-8.06875,184,37
41.34017,-8.07137,32,5
41.34892,-8.07399,65,18
41.35767,-8.07661,80,29
41.36642,-8.07923,68,15
41.37517,-8.08185,10,3
41.38392,-8.08447,165,62
41.39266,-8.08709,151,35
41.40141,-8.08971,111,23
41.41016,-8.09234,37,8
41.41891,-8.09496,102,13
41.42766,-8.09759,53,15
41.4364,-8.10022,7,0
41.44515,-8.10285,5,2
41.4539,-8.10547,6,3
41.48014,-8.11337,546,154
41.48888,-8.116,18,4
41.49763,-8.11864,6,1
41.50637,-8.12127,78,29
41.51512,-8.12391,95,35
41.52386,-8.12655,5,1
41.54135,-8.13182,5,5
41.56759,-8.13975,13,9
41.57633,-8.14239,103,36
41.58508,-8.14504,21,1
41.59382,-8.14768,57,19
41.60256,-8.15033,6,1
41.61131,-8.15298,49,12
41.62005,-8.15563,149,50
41.6288,-8.15828,43,11
41.63754,-8.16093,129,42
41.64628,-8.16358,7,1
41.65502,-8.16623,129,39
41.66377,-8.16889,140,49
41.67251,-8.17154,69,22
41.68125,-8.1742,96,34
41.68999,-8.17685,78,22
41.69873,-8.17951,32,7
41.75118,-8.19548,10,0
41.75992,-8.19815,131,34
41.85605,-8.22753,10,5
41.86479,-8.23021,1,0
41.87353,-8.23289,28,24
41.91722,-8.2463,16,9
41.94343,-8.25436,63,25
41.95217,-8.25704,6,5
41.9609,-8.25973,2,0
41.96964,-8.26242,3,2
42.03952,-8.28398,15,10
42.04825,-8.28668,36,22
42.05699,-8.28938,22,16
42.07446,-8.29479,7,4
42.08319,-8.29749,3,1
42.09192,-8.3002,147,60
38.05729,-7.14775,4,1
38.06611,-7.15003,520,193
38.07493,-7.1523,113,21
38.26886,-7.20253,1,0
38.64766,-7.30188,1,0
38.79733,-7.3416,1,1
38.84133,-7.35333,418,119
39.06131,-7.41231,12,0
39.07011,-7.41468,4,3
39.17565,-7.4432,5,2
39.19324,-7.44796,1,1
39.20204,-7.45035,2,2
39.21083,-7.45273,6,1
39.28117,-7.47184,11,4
39.28996,-7.47423,57,10
39.31634,-7.48142,180,31
39.32513,-7.48381,1,0
39.33392,-7.48621,14,2
39.42182,-7.51023,15,4
39.43061,-7.51264,4,3
39.50971,-7.53435,5,0
39.65028,-7.57311,2,2
39.66785,-7.57798,127,64
39.68542,-7.58284,2,0
39.8435,-7.6268,5,4
39.85228,-7.62925,18,10
39.86984,-7.63416,2,2
39.87862,-7.63661,10,2
39.9313,-7.65135,2,2
39.94008,-7.65381,2,2
39.95763,-7.65873,6,2
39.96641,-7.6612,17,10
39.97519,-7.66366,63,38
39.98397,-7.66613,20,14
40.10684,-7.70073,103,47
40.13316,-7.70817,33,7
40.24721,-7.74051,3,0
40.25599,-7.743,73,45
40.27353,-7.74799,2,2
40.2823,-7.75049,20,6
40.29107,-7.75298,46,22
40.29984,-7.75548,6,1
40.30862,-7.75798,24,19
40.35247,-7.77049,2,2
40.36124,-7.773,33,4
40.37878,-7.77801,178,56
40.38755,-7.78052,5,0
40.39632,-7.78303,134,38
40.40509,-7.78554,16,6
40.41385,-7.78805,96,33
40.42262,-7.79056,35,5
40.43139,-7.79308,2,0
40.44016,-7.79559,1,0
40.44893,-7.7981,4,0
40.4577,-7.80062,3,0
40.46646,-7.80314,100,46
40.47523,-7.80565,6,0
40.484,-7.80817,5,1
40.49277,-7.81069,221,84
40.50153,-7.81321,27,18
40.5103,-7.81573,86,32
40.52783,-7.82078,15,6
40.5366,-7.8233,220,71
40.54536,-7.82583,50,18
40.58043,-7.83594,5,1
40.58919,-7.83847,243,90
40.59796,-7.841,377,126
40.60672,-7.84353,21,6
40.61549,-7.84607,26,5
40.62425,-7.8486,11,3
40.63302,-7.85114,265,46
40.64178,-7.85367,373,70
40.65054,-7.85621,620,145
40.65931,-7.85875,1,0
40.66807,-7.86129,4,2
40.67683,-7.86383,7,1
40.69436,-7.86891,881,170
40.70312,-7.87145,273,32
40.71189,-7.87399,157,57
40.73817,-7.88163,27,13
40.74694,-7.88418,39,18
40.7557,-7.88673,15,8
40.76446,-7.88928,125,43
40.80826,-7.90204,78,46
40.82578,-7.90715,40,13
40.83454,-7.90971,148,68
40.87834,-7.92251,132,47
40.8871,-7.92507,25,8
40.89586,-7.92764,901,212
40.90462,-7.9302,1135,236
40.91338,-7.93277,135,33
40.92214,-7.93533,300,56
40.93089,-7.9379,16,6
40.93965,-7.94047,59,36
40.94841,-7.94304,91,22
40.96592,-7.94818,30,9
41.01847,-7.96364,27,5
41.04473,-7.97138,35,11
41.05349,-7.97396,14,5
41.06224,-7.97654,21,2
41.07975,-7.98171,63,16
41.08851,-7.9843,222,77
41.09726,-7.98688,216,44
41.10602,-7.98947,246,35
41.11477,-7.99206,29,13
41.12353,-7.99465,155,41
41.13228,-7.99724,40,18
41.14103,-7.99983,5,3
41.16729,-8.00761,12,0
41.17605,-8.01021,45,11
41.1848,-8.0128,108,39
41.19355,-8.0154,21,2
41.21981,-8.0232,33,8
41.23731,-8.02841,114,26
41.24607,-8.03101,212,49
41.25482,-8.03361,241,46
41.26357,-8.03622,264,52
41.27232,-8.03883,169,29
41.28107,-8.04144,129,28
41.28982,-8.04404,186,37
41.29857,-8.04665,92,27
41.30732,-8.04926,33,7
41.31607,-8.05188,205,31
41.32482,-8.05449,48,15
41.33357,-8.0571,2,0
41.34232,-8.05972,58,13
41.35107,-8.06233,349,73
41.35982,-8.06495,122,16
41.37732,-8.07019,129,35
41.38607,-8.07281,217,50
41.39481,-8.07543,156,48
41.41231,-8.08067,4,0
41.42106,-8.0833,310,111
41.42981,-8.08592,70,29
41.43855,-8.08855,139,33
41.4473,-8.09117,34,7
41.45605,-8.0938,22,4
41.47354,-8.09906,113,44
41.48229,-8.10169,128,28
41.49104,-8.10432,27,7
41.49978,-8.10696,13,4
41.50853,-8.10959,112,27
41.51727,-8.11223,45,11
41.561,-8.12542,19,6
41.56975,-8.12806,250,78
41.57849,-8.1307,201,57
41.58723,-8.13334,8,1
41.59598,-8.13599,34,7
41.60472,-8.13863,42,12
41.61347,-8.14128,73,17
41.62221,-8.14392,227,39
41.63095,-8.14657,674,161
41.6397,-8.14922,498,93
41.64844,-8.15187,63,22
41.66593,-8.15718,100,25
41.67467,-8.15983,155,63
41.68341,-8.16248,7,1
41.69215,-8.16514,21,7
41.7009,-8.1678,104,25
41.70964,-8.17045,111,29
41.71838,-8.17311,85,28
41.75335,-8.18376,4,0
41.76209,-8.18642,2,0
41.85822,-8.21579,49,23
41.86696,-8.21847,55,19
41.8757,-8.22114,1,1
41.93686,-8.23991,20,12
41.9456,-8.2426,27,11
41.95434,-8.24528,15,9
41.96308,-8.24797,45,32
41.99802,-8.25873,1,1
42.03296,-8.26951,10,3
42.0417,-8.27221,126,52
42.05043,-8.2749,26,17
42.05917,-8.2776,152,82
42.07663,-8.283,39,18
42.08537,-8.28571,55,17
42.0941,-8.28841,147,83
42.10284,-8.29111,215,77
38.60567,-7.27905,2,1
38.77297,-7.32335,242,99
38.78177,-7.32569,24,6
38.80818,-7.33271,6,2
38.82578,-7.3374,2,0
38.83458,-7.33975,16,1
38.84338,-7.34209,466,144
38.85219,-7.34444,100,17
38.90499,-7.35854,2,2
38.98419,-7.37975,4,0
39.23927,-7.44859,1,0
39.28324,-7.46053,5,3
39.29203,-7.46292,9,2
39.30082,-7.46531,2,0
39.33599,-7.47489,19,10
39.34478,-7.47729,1,1
39.37995,-7.48688,2,0
39.39753,-7.49169,9,1
39.41511,-7.49649,5,2
39.43269,-7.50131,6,4
39.44148,-7.50371,7,0
39.503,-7.52058,36,10
39.51178,-7.523,493,251
39.69629,-7.5739,67,40
39.73142,-7.58364,61,26
39.74021,-7.58608,44,21
39.74899,-7.58851,32,10
39.76655,-7.59339,43,18
39.83681,-7.61295,29,20
39.84559,-7.6154,28,19
39.85437,-7.61785,13,9
39.87193,-7.62275,6,0
39.88071,-7.6252,24,15
39.94217,-7.64239,29,16
40.00362,-7.65963,155,83
40.01239,-7.6621,55,47
40.17913,-7.70913,2,0
40.18791,-7.71162,2,2
40.28441,-7.73901,11,4
40.29318,-7.74151,9,6
40.31072,-7.7465,4,1
40.33703,-7.754,1,1
40.3458,-7.75651,109,55
40.35458,-7.75901,26,11
40.38089,-7.76652,40,16
40.38966,-7.76903,173,79
40.39842,-7.77154,5,1
40.40719,-7.77405,2,0
40.41596,-7.77655,43,23
40.42473,-7.77907,57,29
40.4335,-7.78158,150,67
40.44227,-7.78409,3,0
40.45104,-7.7866,108,37
40.45981,-7.78912,232,72
40.47734,-7.79415,78,23
40.49488,-7.79918,2,0
40.50365,-7.8017,25,1
40.53871,-7.81179,109,37
40.54748,-7.81431,5,1
40.56501,-7.81936,29,3
40.57378,-7.82189,57,8
40.58254,-7.82442,31,8
40.59131,-7.82695,59,17
40.60007,-7.82948,79,25
40.62637,-7.83707,2,0
40.63513,-7.8396,346,99
40.6439,-7.84214,16,7
40.65266,-7.84467,84,14
40.66143,-7.84721,46,11
40.67019,-7.84975,6,2
40.68772,-7.85482,30,2
40.69648,-7.85736,137,13
40.70524,-7.85991,78,8
40.71401,-7.86245,72,19
40.74906,-7.87263,7,4
40.75782,-7.87517,55,18
40.76658,-7.87772,207,106
40.79287,-7.88537,14,0
40.81039,-7.89048,2,0
40.82791,-7.89558,12,2
40.83667,-7.89814,138,55
40.84543,-7.9007,5,0
40.86295,-7.90581,101,45
40.87171,-7.90837,72,27
40.88047,-7.91093,56,16
40.88923,-7.9135,10,3
40.89799,-7.91606,90,31
40.90675,-7.91862,120,39
40.91551,-7.92119,169,55
40.92427,-7.92375,87,12
40.93302,-7.92632,5,0
40.94178,-7.92889,23,12
40.98557,-7.94174,5,5
41.02935,-7.95462,43,12
41.04687,-7.95977,18,6
41.05562,-7.96235,74,28
41.06438,-7.96494,10,3
41.07313,-7.96752,8,5
41.08189,-7.9701,49,10
41.09064,-7.97269,39,9
41.0994,-7.97527,130,7
41.10815,-7.97786,267,54
41.11691,-7.98044,70,9
41.12566,-7.98303,198,32
41.13442,-7.98562,57,12
41.14317,-7.98821,227,47
41.15193,-7.9908,14,2
41.17819,-7.99858,18,10
41.18694,-8.00118,54,21
41.19569,-8.00377,32,7
41.2132,-8.00897,50,16
41.22195,-8.01157,31,13
41.2307,-8.01417,20,7
41.23946,-8.01677,120,25
41.24821,-8.01937,251,65
41.25696,-8.02198,302,104
41.26571,-8.02458,94,17
41.27446,-8.02719,15,2
41.28321,-8.02979,194,54
41.29196,-8.0324,89,27
41.30072,-8.03501,167,38
41.30947,-8.03762,338,88
41.31822,-8.04023,64,6
41.35322,-8.05068,32,6
41.36197,-8.05329,91,22
41.37072,-8.05591,55,9
41.37946,-8.05853,35,6
41.38821,-8.06114,141,25
41.39696,-8.06376,11,3
41.42321,-8.07163,6,0
41.43196,-8.07425,64,21
41.4407,-8.07688,126,32
41.44945,-8.0795,5,2
41.4582,-8.08213,46,23
41.46695,-8.08476,77,22
41.48444,-8.09001,9,4
41.49319,-8.09264,65,32
41.52817,-8.10318,68,29
41.55441,-8.11108,15,3
41.56316,-8.11372,6,0
41.5719,-8.11636,89,23
41.58065,-8.119,104,31
41.58939,-8.12165,27,7
41.59814,-8.12429,61,17
41.60688,-8.12693,63,16
41.61562,-8.12958,190,48
41.62437,-8.13222,143,49
41.63311,-8.13487,934,208
41.64186,-8.13752,332,97
41.6506,-8.14017,64,23
41.67683,-8.14812,92,26
41.68557,-8.15077,12,5
41.7118,-8.15874,51,15
41.72054,-8.16139,156,40
41.72928,-8.16405,141,32
41.73803,-8.16671,22,5
41.86039,-8.20404,63,28
41.86913,-8.20672,31,14
41.87787,-8.20939,22,17
41.88661,-8.21207,19,17
41.95651,-8.23352,25,17
42.04387,-8.26043,174,92
42.05261,-8.26313,2,0
42.06134,-8.26582,7,5
42.07008,-8.26852,7,6
42.07881,-8.27122,27,11
42.08755,-8.27392,182,83
42.09628,-8.27662,181,63
42.10501,-8.27933,132,63
38.60771,-7.26784,5,0
38.75741,-7.30744,3,1
38.77501,-7.31211,457,124
38.78382,-7.31445,79,27
38.82783,-7.32616,5,0
38.85424,-7.3332,6,0
38.86304,-7.33554,1,0
38.99504,-7.37085,1,0
39.02144,-7.37793,2,0
39.03024,-7.3803,4,0
39.10061,-7.39923,1,1
39.20616,-7.42775,2,1
39.22375,-7.43251,2,0
39.25893,-7.44205,4,3
39.26772,-7.44444,6,2
39.27651,-7.44683,19,6
39.2853,-7.44922,55,40
39.2941,-7.45161,22,6
39.30289,-7.454,19,4
39.31168,-7.45639,5,1
39.32047,-7.45878,2,2
39.32927,-7.46118,37,8
39.33806,-7.46357,33,8
39.34685,-7.46597,17,4
39.39081,-7.47796,3,0
39.3996,-7.48036,5,5
39.42597,-7.48757,23,6
39.51386,-7.51165,11,4
39.59294,-7.5334,114,49
39.61052,-7.53825,2,0
39.74229,-7.57469,82,29
39.75107,-7.57713,669,285
39.75985,-7.57957,99,45
39.7862,-7.58689,1,1
39.79498,-7.58933,144,49
39.80377,-7.59177,59,32
39.85646,-7.60644,2,2
39.90914,-7.62115,48,32
39.9267,-7.62606,5,0
39.94426,-7.63098,11,5
39.95304,-7.63343,11,5
40.03204,-7.6556,19,12
40.04082,-7.65807,5,3
40.0496,-7.66054,42,29
40.0847,-7.67042,31,20
40.12858,-7.68279,18,9
40.13736,-7.68527,32,8
40.14613,-7.68775,120,58
40.17246,-7.69519,86,47
40.18123,-7.69767,220,129
40.19,-7.70016,4,0
40.24265,-7.71508,54,36
40.26896,-7.72255,27,9
40.27774,-7.72504,41,22
40.28651,-7.72754,21,7
40.3216,-7.73752,107,69
40.33914,-7.74252,6,4
40.36545,-7.75002,12,6
40.38299,-7.75503,151,42
40.39176,-7.75754,51,20
40.40053,-7.76004,11,1
40.4093,-7.76255,227,87
40.41807,-7.76506,19,1
40.42684,-7.76757,37,9
40.43561,-7.77008,20,8
40.44438,-7.77259,58,17
40.45315,-7.7751,21,2
40.46192,-7.77761,13,4
40.47068,-7.78013,49,13
40.47945,-7.78264,487,178
40.52329,-7.79523,59,27
40.53206,-7.79775,40,16
40.54083,-7.80027,59,18
40.54959,-7.80279,13,2
40.55836,-7.80532,63,23
40.56713,-7.80784,244,89
40.57589,-7.81037,353,108
40.58466,-7.81289,130,36
40.59342,-7.81542,62,29
40.60219,-7.81795,204,72
40.61095,-7.82048,55,19
40.61972,-7.82301,97,28
40.63725,-7.82807,50,10
40.64602,-7.8306,16,3
40.65478,-7.83314,422,116
40.66354,-7.83567,216,69
40.67231,-7.83821,151,45
40.6986,-7.84582,17,6
40.70736,-7.84836,140,27
40.75118,-7.86107,56,28
40.81251,-7.87891,47,20
40.82127,-7.88147,17,9
40.83003,-7.88402,3,2
40.83879,-7.88657,11,3
40.85632,-7.89168,13,0
40.86508,-7.89424,51,13
40.87384,-7.8968,37,10
40.89136,-7.90192,114,47
40.90012,-7.90448,18,5
40.90887,-7.90704,121,55
40.91763,-7.90961,18,3
40.92639,-7.91217,27,12
40.94391,-7.9173,16,9
40.95267,-7.91987,30,11
40.9877,-7.93015,35,16
40.99646,-7.93272,30,10
41.01397,-7.93786,75,18
41.07527,-7.95591,15,2
41.08402,-7.95849,117,23
41.09278,-7.96107,156,27
41.10153,-7.96366,980,228
41.11029,-7.96624,685,147
41.11904,-7.96883,33,9
41.1278,-7.97142,72,19
41.13655,-7.974,15,3
41.14531,-7.97659,123,20
41.15406,-7.97918,20,3
41.18908,-7.98955,33,7
41.19783,-7.99215,67,22
41.21534,-7.99734,36,7
41.22409,-7.99994,32,8
41.23284,-8.00253,56,23
41.2416,-8.00513,65,18
41.25035,-8.00773,10,1
41.2591,-8.01034,14,2
41.26785,-8.01294,144,44
41.2766,-8.01554,5,2
41.28536,-8.01815,43,15
41.29411,-8.02075,24,9
41.30286,-8.02336,28,5
41.31161,-8.02597,166,51
41.32036,-8.02858,30,8
41.32911,-8.03119,24,2
41.33786,-8.0338,56,8
41.35536,-8.03902,44,14
41.36411,-8.04164,138,27
41.37286,-8.04425,104,23
41.38161,-8.04687,53,19
41.39036,-8.04948,95,21
41.39911,-8.0521,68,17
41.40786,-8.05472,22,5
41.41661,-8.05734,16,5
41.42536,-8.05996,31,12
41.4341,-8.06258,39,6
41.44285,-8.0652,43,11
41.4516,-8.06783,51,16
41.51283,-8.08622,104,26
41.52158,-8.08886,61,23
41.53907,-8.09412,4,3
41.54782,-8.09676,11,6
41.55656,-8.09939,19,5
41.56531,-8.10203,186,52
41.57405,-8.10467,243,79
41.5828,-8.10731,105,43
41.59155,-8.10995,86,22
41.60029,-8.11259,18,6
41.60904,-8.11523,57,13
41.61778,-8.11787,70,26
41.62652,-8.12052,39,5
41.63527,-8.12316,80,21
41.64401,-8.12581,219,66
41.65276,-8.12846,37,12
41.67024,-8.13375,5,2
41.67899,-8.13641,63,24
41.68773,-8.13906,1,0
41.73144,-8.15233,25,3
41.74019,-8.15499,18,4
41.74893,-8.15764,14,0
41.86256,-8.1923,5,4
41.96742,-8.22444,5,0
41.97615,-8.22713,41,16
42.03731,-8.24596,34,18
42.04604,-8.24865,6,6
42.05478,-8.25135,13,6
42.06352,-8.25404,33,25
42.07225,-8.25674,9,3
42.08099,-8.25944,12,2
42.08972,-8.26214,216,97
42.09846,-8.26484,140,60
42.10719,-8.26754,418,151
42.11592,-8.27024,110,40
38.21325,-7.15307,1,0
38.26613,-7.16678,1,1
38.79467,-7.30556,2,0
38.9883,-7.35722,5,0
39.13786,-7.39744,226,93
39.14665,-7.39981,122,29
39.15545,-7.40218,2,1
39.16425,-7.40456,1,0
39.21702,-7.41883,3,1
39.22581,-7.42121,3,0
39.25219,-7.42836,5,0
39.26099,-7.43075,3,0
39.26978,-7.43313,27,4
39.27858,-7.43552,438,133
39.28737,-7.43791,651,84
39.29616,-7.44029,174,60
39.30495,-7.44268,82,16
39.31375,-7.44507,267,60
39.32254,-7.44747,40,8
39.33133,-7.44986,84,30
39.34012,-7.45225,57,17
39.34892,-7.45464,4,0
39.40166,-7.46903,1,0
39.41046,-7.47143,2,2
39.41925,-7.47383,37,8
39.42804,-7.47623,3,2
39.47199,-7.48825,6,2
39.59502,-7.52204,119,86
39.74437,-7.5633,375,166
39.75315,-7.56574,359,185
39.78828,-7.57549,76,43
39.79707,-7.57793,60,17
39.8322,-7.5877,7,1
39.84098,-7.59015,3,0
39.90245,-7.60729,1,0
39.91123,-7.60974,9,7
39.94635,-7.61956,3,0
39.98146,-7.62939,1,1
39.99024,-7.63185,2,2
40.03413,-7.64417,1,0
40.06047,-7.65157,11,9
40.13068,-7.67134,161,68
40.13945,-7.67382,374,121
40.14823,-7.6763,96,33
40.157,-7.67878,36,12
40.27107,-7.71108,42,19
40.28861,-7.71606,3,3
40.3237,-7.72604,11,4
40.35001,-7.73353,238,135
40.37633,-7.74104,11,6
40.3851,-7.74354,38,11
40.39387,-7.74604,26,10
40.40264,-7.74855,131,29
40.41141,-7.75105,17,2
40.42018,-7.75356,59,26
40.44649,-7.76109,71,23
40.45526,-7.7636,28,11
40.46402,-7.76611,41,14
40.47279,-7.76862,248,65
40.48156,-7.77113,122,60
40.49033,-7.77365,1,1
40.50787,-7.77868,20,10
40.5254,-7.78371,24,12
40.53417,-7.78623,40,7
40.54294,-7.78875,7,2
40.5517,-7.79127,83,26
40.56047,-7.7938,45,9
40.56924,-7.79632,82,6
40.578,-7.79884,118,33
40.58677,-7.80137,135,55
40.59554,-7.80389,103,37
40.61307,-7.80895,4,0
40.62183,-7.81148,181,54
40.6306,-7.81401,43,8
40.63937,-7.81654,35,8
40.64813,-7.81907,1,1
40.6569,-7.8216,72,17
40.66566,-7.82413,124,43
40.67443,-7.82667,54,17
40.68319,-7.8292,12,4
40.69195,-7.83174,35,14
40.70072,-7.83428,151,54
40.70948,-7.83681,380,132
40.71825,-7.83935,4,4
40.74454,-7.84698,2,1
40.7533,-7.84952,58,19
40.79711,-7.86225,17,11
40.80587,-7.8648,40,20
40.81463,-7.86735,45,19
40.8234,-7.8699,35,15
40.83216,-7.87245,88,37
40.85844,-7.88011,111,29
40.8672,-7.88267,319,105
40.87596,-7.88523,28,5
40.89348,-7.89034,55,13
40.90224,-7.8929,36,9
40.911,-7.89546,175,64
40.92852,-7.90059,47,18
40.9548,-7.90828,89,19
40.99859,-7.92112,20,4
41.0161,-7.92627,65,12
41.03362,-7.93141,4,0
41.05989,-7.93914,7,2
41.06864,-7.94172,56,18
41.0774,-7.9443,50,9
41.08616,-7.94688,189,44
41.09491,-7.94946,73,16
41.10367,-7.95204,505,110
41.11242,-7.95463,347,60
41.12118,-7.95721,123,39
41.12993,-7.9598,213,41
41.13869,-7.96238,139,27
41.14744,-7.96497,186,41
41.1562,-7.96756,23,11
41.16495,-7.97015,135,32
41.17371,-7.97274,14,0
41.19122,-7.97792,117,34
41.19997,-7.98052,25,4
41.20872,-7.98311,45,16
41.21748,-7.98571,8,3
41.22623,-7.9883,2,2
41.23498,-7.9909,42,10
41.24374,-7.9935,180,66
41.25249,-7.9961,32,10
41.26124,-7.9987,153,44
41.26999,-8.0013,166,40
41.27874,-8.0039,275,63
41.2875,-8.0065,8,3
41.29625,-8.00911,109,29
41.305,-8.01171,91,15
41.33125,-8.01953,12,6
41.34,-8.02214,284,123
41.36626,-8.02998,88,19
41.37501,-8.03259,75,27
41.38376,-8.0352,39,11
41.39251,-8.03782,60,20
41.40125,-8.04044,22,6
41.41,-8.04305,18,6
41.41875,-8.04567,72,28
41.4275,-8.04829,73,22
41.43625,-8.05091,14,4
41.445,-8.05353,7,1
41.45375,-8.05615,83,28
41.47999,-8.06403,51,32
41.50623,-8.07191,115,54
41.51498,-8.07454,1,0
41.52373,-8.07717,1,0
41.53248,-8.0798,59,21
41.54122,-8.08243,119,35
41.54997,-8.08507,4,0
41.55872,-8.0877,19,7
41.57621,-8.09297,116,37
41.58495,-8.09561,101,43
41.5937,-8.09825,1,1
41.61119,-8.10353,55,13
41.61993,-8.10617,100,32
41.62868,-8.10881,128,37
41.63742,-8.11146,25,5
41.64617,-8.1141,156,46
41.6724,-8.12204,23,4
41.68114,-8.12469,160,51
41.69863,-8.12999,96,18
41.97832,-8.21536,2,0
41.98706,-8.21805,2,0
42.04822,-8.23687,5,3
42.05695,-8.23957,63,38
42.09189,-8.25035,103,38
42.10063,-8.25305,233,83
42.10936,-8.25575,955,257
38.18001,-7.13281,7,0
38.73508,-7.27798,8,0
38.91114,-7.32478,32,12
38.91994,-7.32713,219,117
39.13992,-7.38615,252,48
39.14871,-7.38852,13,8
39.1839,-7.39802,3,0
39.21908,-7.40753,77,23
39.22787,-7.40991,10,10
39.24546,-7.41467,3,0
39.27184,-7.42182,447,35
39.28064,-7.42421,4106,947
39.28943,-7.42659,4115,1076
39.29822,-7.42898,3091,1019
39.30702,-7.43137,82,20
39.31581,-7.43376,45,10
39.3246,-7.43615,65,10
39.3334,-7.43854,5,0
39.34219,-7.44093,47,10
39.35098,-7.44332,5,5
39.35977,-7.44572,8,0
39.36857,-7.44811,3,0
39.40373,-7.4577,2,0
39.41252,-7.46009,980,308
39.42131,-7.46249,137,38
39.4301,-7.46489,19,5
39.43889,-7.4673,8,0
39.67617,-7.53248,67,35
39.71131,-7.54219,1,0
39.7201,-7.54462,20,13
39.79037,-7.5641,12,3
39.83428,-7.5763,144,86
39.88697,-7.59097,6,4
39.89575,-7.59342,1,0
39.93087,-7.60323,14,11
39.93965,-7.60568,60,33
39.98355,-7.61796,24,14
40.00989,-7.62534,2,2
40.14155,-7.66237,332,143
40.17665,-7.67228,5,1
40.28194,-7.70209,60,27
40.29071,-7.70459,43,19
40.35212,-7.72205,4,2
40.36089,-7.72455,182,83
40.37843,-7.72955,68,17
40.3872,-7.73205,221,79
40.39597,-7.73455,44,19
40.40474,-7.73705,72,27
40.41351,-7.73956,31,12
40.42228,-7.74206,344,134
40.43105,-7.74457,11,2
40.43982,-7.74708,5,0
40.45736,-7.75209,154,48
40.46613,-7.7546,198,75
40.4749,-7.75711,58,16
40.50998,-7.76717,31,16
40.53628,-7.77472,84,30
40.54505,-7.77723,2,2
40.55381,-7.77975,2,1
40.56258,-7.78227,4,0
40.57135,-7.7848,134,48
40.58012,-7.78732,5,0
40.58888,-7.78984,138,44
40.59765,-7.79237,48,16
40.60642,-7.79489,1,0
40.61518,-7.79742,169,42
40.62395,-7.79994,181,49
40.63271,-7.80247,155,42
40.64148,-7.805,84,12
40.65024,-7.80753,55,22
40.65901,-7.81006,161,47
40.66778,-7.81259,180,78
40.67654,-7.81513,21,7
40.69407,-7.8202,17,4
40.70283,-7.82273,28,12
40.7116,-7.82527,143,45
40.72036,-7.82781,71,17
40.72913,-7.83034,5,1
40.73789,-7.83288,16,7
40.74665,-7.83542,80,23
40.75542,-7.83797,4,1
40.76418,-7.84051,10,5
40.82552,-7.85833,2,2
40.83428,-7.86088,6,3
40.86056,-7.86854,58,21
40.86932,-7.8711,27,0
40.87808,-7.87365,17,2
40.8956,-7.87876,124,40
40.94816,-7.89413,4,0
41.00947,-7.9121,69,35
41.02699,-7.91724,3,0
41.03575,-7.91981,82,22
41.06202,-7.92754,58,27
41.07078,-7.93011,82,20
41.07953,-7.93269,49,11
41.08829,-7.93527,142,20
41.09704,-7.93785,53,13
41.1058,-7.94043,76,19
41.11456,-7.94301,203,48
41.12331,-7.9456,43,14
41.13207,-7.94818,193,53
41.14082,-7.95076,578,98
41.14958,-7.95335,387,114
41.15833,-7.95594,104,20
41.16709,-7.95852,150,48
41.17584,-7.96111,104,29
41.19335,-7.96629,46,17
41.20211,-7.96889,81,20
41.21086,-7.97148,133,43
41.21961,-7.97407,1,0
41.24587,-7.98186,90,32
41.25463,-7.98446,54,15
41.26338,-7.98706,125,25
41.27213,-7.98965,22,4
41.28088,-7.99226,320,96
41.28964,-7.99486,21,4
41.29839,-7.99746,72,22
41.30714,-8.00006,53,11
41.31589,-8.00267,4,0
41.34215,-8.01049,8,1
41.3509,-8.0131,4,4
41.35965,-8.01571,7,2
41.3684,-8.01832,324,123
41.37715,-8.02093,121,21
41.3859,-8.02354,34,11
41.39465,-8.02616,101,21
41.4034,-8.02877,15,0
41.4209,-8.034,70,20
41.42965,-8.03662,106,21
41.4384,-8.03924,225,50
41.44715,-8.04186,46,16
41.45589,-8.04448,241,40
41.46464,-8.0471,17,5
41.47339,-8.04972,83,19
41.48214,-8.05235,24,10
41.49089,-8.05497,10,1
41.52588,-8.06548,5,0
41.53463,-8.06811,37,19
41.56087,-8.07601,1,1
41.56961,-8.07864,2,0
41.57836,-8.08128,77,23
41.5871,-8.08391,72,21
41.59585,-8.08655,81,27
41.6046,-8.08919,67,23
41.61334,-8.09183,164,55
41.63083,-8.09711,30,14
41.64832,-8.10239,20,1
41.67456,-8.11033,16,3
41.6833,-8.11298,74,35
41.70079,-8.11827,18,6
41.70953,-8.12093,4,0
41.95428,-8.19555,1,0
42.0766,-8.23317,19,12
42.09407,-8.23856,22,10
42.1028,-8.24126,116,56
42.11154,-8.24396,110,49
42.12027,-8.24666,98,31
38.86038,-7.29946,2,1
38.91319,-7.31353,16,8
39.12438,-7.37012,6,1
39.21234,-7.39385,2,0
39.22114,-7.39623,274,66
39.22993,-7.3986,202,67
39.23873,-7.40098,40,14
39.26511,-7.40813,5,1
39.2739,-7.41051,13,3
39.2827,-7.41289,83,25
39.29149,-7.41528,511,58
39.30029,-7.41766,53,11
39.30908,-7.42005,152,61
39.31787,-7.42244,59,17
39.32667,-7.42483,118,32
39.33546,-7.42722,4,2
39.34425,-7.42961,16,6
39.35305,-7.432,3,1
39.36184,-7.43439,39,13
39.37063,-7.43678,302,98
39.37942,-7.43918,6,1
39.38821,-7.44157,4,2
39.4058,-7.44636,176,48
39.41459,-7.44876,866,340
39.42338,-7.45116,51,15
39.43217,-7.45356,38,7
39.44096,-7.45596,7,1
39.44975,-7.45836,1,0
39.72217,-7.53324,88,49
39.77488,-7.54783,10,0
39.78366,-7.55027,7,2
39.79245,-7.5527,6,0
39.82758,-7.56246,3,2
39.87149,-7.57467,193,64
39.88905,-7.57956,363,190
39.89783,-7.58201,35,27
39.90662,-7.58446,45,44
40.01198,-7.61391,14,8
40.02076,-7.61637,9,8
40.04709,-7.62376,9,6
40.09098,-7.63609,54,30
40.09976,-7.63856,3,0
40.14364,-7.65092,42,7
40.17874,-7.66082,1,0
40.28404,-7.69062,28,11
40.29281,-7.69311,11,5
40.3279,-7.70308,3,2
40.35422,-7.71056,13,2
40.36299,-7.71306,39,19
40.37176,-7.71556,3,1
40.3893,-7.72056,19,0
40.39808,-7.72306,482,197
40.40685,-7.72556,362,67
40.41562,-7.72806,181,61
40.42439,-7.73056,463,113
40.43316,-7.73307,6,0
40.44193,-7.73557,164,70
40.4507,-7.73808,66,12
40.45947,-7.74059,20,18
40.46824,-7.7431,80,43
40.47701,-7.74561,33,13
40.49455,-7.75063,4,1
40.53839,-7.7632,152,64
40.54716,-7.76572,82,44
40.57346,-7.77327,3,2
40.58223,-7.77579,11,0
40.59099,-7.77831,140,45
40.59976,-7.78084,321,55
40.60853,-7.78336,260,62
40.61729,-7.78589,174,59
40.63483,-7.79094,4,2
40.64359,-7.79347,365,116
40.65236,-7.79599,41,5
40.66112,-7.79852,199,63
40.66989,-7.80105,6,0
40.67865,-7.80359,88,22
40.69618,-7.80865,123,44
40.70495,-7.81119,70,12
40.71371,-7.81372,138,31
40.72248,-7.81626,129,23
40.73124,-7.81879,192,48
40.74001,-7.82133,104,34
40.74877,-7.82387,36,17
40.75753,-7.82641,4,2
40.7663,-7.82895,18,11
40.81887,-7.84422,23,15
40.82764,-7.84677,8,5
40.85392,-7.85442,79,10
40.87144,-7.85952,21,6
40.88021,-7.86208,8,3
40.89773,-7.86719,7,2
40.91525,-7.8723,50,43
40.95905,-7.8851,116,22
40.96781,-7.88767,12,5
40.97657,-7.89023,76,12
40.98533,-7.8928,164,35
41.0116,-7.9005,60,30
41.02912,-7.90564,7,4
41.03787,-7.90821,23,8
41.05539,-7.91336,31,10
41.06415,-7.91593,9,6
41.0729,-7.91851,91,31
41.09042,-7.92366,72,10
41.09917,-7.92624,102,32
41.10793,-7.92882,79,26
41.11669,-7.9314,36,8
41.12544,-7.93398,202,72
41.1342,-7.93656,392,67
41.14296,-7.93914,208,39
41.15171,-7.94173,199,60
41.16047,-7.94431,163,46
41.16922,-7.9469,20,6
41.17798,-7.94949,47,14
41.21299,-7.95985,75,18
41.23926,-7.96762,9,1
41.24801,-7.97022,140,54
41.25676,-7.97282,71,15
41.28302,-7.98061,78,13
41.29177,-7.98321,12,2
41.31803,-7.99102,28,5
41.33553,-7.99623,47,8
41.34429,-7.99883,39,10
41.35304,-8.00144,18,1
41.36179,-8.00405,2,0
41.37054,-8.00666,173,37
41.37929,-8.00927,236,41
41.38804,-8.01188,154,29
41.39679,-8.01449,200,35
41.40554,-8.0171,145,25
41.41429,-8.01972,183,22
41.42304,-8.02233,8,2
41.43179,-8.02495,19,0
41.44054,-8.02757,76,23
41.44929,-8.03019,42,10
41.45804,-8.03281,576,132
41.46679,-8.03543,138,38
41.47554,-8.03805,15,8
41.48429,-8.04067,115,25
41.49303,-8.04329,32,9
41.51053,-8.04854,100,24
41.51928,-8.05117,4,0
41.55427,-8.06168,10,4
41.57176,-8.06695,194,56
41.58051,-8.06958,10,2
41.58925,-8.07222,26,10
41.598,-8.07485,104,37
41.60675,-8.07749,47,13
41.65922,-8.09333,2,0
41.67671,-8.09862,51,14
41.68545,-8.10126,69,25
41.96518,-8.18647,29,20
41.97392,-8.18915,1,1
42.0875,-8.22408,27,11
42.09624,-8.22678,6,2
42.10497,-8.22947,14,9
42.11371,-8.23217,2,2
42.12244,-8.23486,39,13
38.74797,-7.25786,1,0
38.79199,-7.26952,1,0
38.85362,-7.28588,24,6
38.86242,-7.28822,10,4
38.88883,-7.29524,2,0
38.90643,-7.29993,1,0
38.95924,-7.31402,1,0
38.97685,-7.31872,2,0
39.09124,-7.34937,3,1
39.23199,-7.3873,146,25
39.24078,-7.38968,158,96
39.24958,-7.39206,4,3
39.25837,-7.39444,1,0
39.27596,-7.3992,48,10
39.28476,-7.40158,135,32
39.29355,-7.40396,38,8
39.30235,-7.40635,17,5
39.31114,-7.40873,48,8
39.31993,-7.41112,73,10
39.32873,-7.41351,322,105
39.33752,-7.4159,7,1
39.35511,-7.42067,12,3
39.3639,-7.42306,23,5
39.37269,-7.42546,55,14
39.38149,-7.42785,12,3
39.39907,-7.43264,3,2
39.40786,-7.43503,6,3
39.41665,-7.43743,42,6
39.42544,-7.43982,20,3
39.43424,-7.44222,2,0
39.44303,-7.44462,2,2
39.4694,-7.45182,5,1
39.77696,-7.53644,182,80
39.78574,-7.53887,32,6
39.82088,-7.54862,14,6
39.86479,-7.56082,7,0
39.87357,-7.56326,19,4
39.88235,-7.56571,35,9
39.89114,-7.56815,22,3
39.9087,-7.57305,130,55
39.91748,-7.57549,15,2
40.0404,-7.60986,40,23
40.04918,-7.61232,66,26
40.05796,-7.61479,11,5
40.06674,-7.61725,8,5
40.18084,-7.64936,5,0
40.21594,-7.65927,2,0
40.28613,-7.67914,4,0
40.32123,-7.6891,512,230
40.33,-7.69159,330,156
40.36509,-7.70157,2,0
40.37386,-7.70407,79,41
40.38263,-7.70656,122,77
40.39141,-7.70906,112,37
40.40018,-7.71156,1186,309
40.40895,-7.71406,429,90
40.41772,-7.71656,1279,320
40.42649,-7.71906,299,92
40.43526,-7.72157,38,6
40.44403,-7.72407,87,37
40.47034,-7.73159,57,25
40.50542,-7.74163,121,64
40.51419,-7.74414,15,5
40.5405,-7.75168,110,62
40.54926,-7.7542,14,2
40.55803,-7.75671,33,5
40.5668,-7.75923,352,102
40.57557,-7.76175,43,14
40.58433,-7.76427,213,63
40.5931,-7.76679,180,48
40.60187,-7.76931,997,202
40.61064,-7.77183,461,143
40.6194,-7.77435,78,18
40.62817,-7.77688,80,19
40.63694,-7.7794,7,1
40.65447,-7.78446,9,1
40.66324,-7.78698,25,6
40.672,-7.78951,135,53
40.68953,-7.79457,31,3
40.6983,-7.79711,37,14
40.70706,-7.79964,101,27
40.71583,-7.80217,14,11
40.72459,-7.80471,39,11
40.73336,-7.80724,46,8
40.74212,-7.80978,119,58
40.75089,-7.81232,171,77
40.75965,-7.81486,8,4
40.76841,-7.8174,9,2
40.77718,-7.81994,4,2
40.7947,-7.82502,127,50
40.82099,-7.83265,5,1
40.84728,-7.8403,5,0
40.85604,-7.84285,22,6
40.8648,-7.8454,5,3
40.87356,-7.84795,37,13
40.90861,-7.85816,5,0
40.91737,-7.86072,293,74
40.95241,-7.87095,102,32
40.97869,-7.87864,33,6
40.98745,-7.8812,46,11
41.00497,-7.88633,38,11
41.02249,-7.89147,9,4
41.03124,-7.89404,37,11
41.06628,-7.90432,70,25
41.07503,-7.9069,113,37
41.08379,-7.90947,24,11
41.09255,-7.91205,152,33
41.1013,-7.91462,66,19
41.11006,-7.9172,105,25
41.11882,-7.91978,76,18
41.12757,-7.92236,434,103
41.13633,-7.92494,166,36
41.14509,-7.92752,220,57
41.15384,-7.93011,99,26
41.1626,-7.93269,220,66
41.17135,-7.93527,157,32
41.18011,-7.93786,30,7
41.18886,-7.94045,47,14
41.19762,-7.94303,16,5
41.22388,-7.9508,19,5
41.24139,-7.95599,46,17
41.25014,-7.95858,153,66
41.2589,-7.96118,6,0
41.32017,-7.97937,1,1
41.33767,-7.98457,67,23
41.34642,-7.98718,92,22
41.35518,-7.98978,4,0
41.37268,-7.995,85,28
41.38143,-7.99761,676,99
41.39018,-8.00022,794,147
41.39893,-8.00283,448,100
41.40768,-8.00544,55,14
41.41643,-8.00805,15,6
41.42518,-8.01066,146,37
41.43393,-8.01328,15,6
41.44268,-8.01589,258,44
41.45143,-8.01851,223,85
41.46018,-8.02113,267,48
41.46893,-8.02375,114,22
41.47768,-8.02637,116,20
41.49518,-8.03161,74,9
41.50393,-8.03423,29,4
41.51268,-8.03686,75,14
41.52142,-8.03948,13,5
41.53017,-8.04211,26,11
41.53892,-8.04473,24,8
41.54767,-8.04736,7,1
41.55642,-8.04999,8,4
41.57391,-8.05525,89,25
41.5914,-8.06052,8,2
41.60015,-8.06315,32,8
41.6089,-8.06579,8,2
41.67886,-8.0869,120,50
41.68761,-8.08955,103,45
41.69635,-8.09219,61,20
41.7051,-8.09484,51,21
41.97608,-8.17738,5,4
42.03725,-8.19616,6,0
42.04599,-8.19885,33,18
42.05472,-8.20153,36,15
42.09841,-8.21499,11,9
42.10714,-8.21768,39,19
42.12462,-8.22307,21,14
38.04497,-7.06311,1,0
38.07143,-7.0699,2,0
38.1508,-7.0903,1,1
38.7412,-7.2443,72,19
38.75001,-7.24663,4,0
38.82925,-7.26762,2,1
38.85566,-7.27463,274,62
38.86446,-7.27697,733,193
38.95249,-7.30041,71,3
38.96129,-7.30275,203,93
39.19886,-7.3665,5,1
39.20766,-7.36887,6,2
39.23405,-7.37599,6,5
39.24284,-7.37837,3,0
39.25164,-7.38075,13,7
39.26043,-7.38313,24,6
39.26923,-7.38551,4,3
39.27802,-7.38789,55,12
39.28682,-7.39027,56,20
39.29561,-7.39265,263,69
39.30441,-7.39503,46,14
39.3132,-7.39742,12,8
39.32199,-7.3998,29,9
39.33958,-7.40457,23,10
39.34838,-7.40696,21,6
39.35717,-7.40935,109,31
39.36596,-7.41174,37,11
39.37475,-7.41413,1,0
39.39234,-7.41891,49,6
39.40992,-7.4237,2,2
39.41872,-7.42609,26,4
39.42751,-7.42849,14,4
39.4363,-7.43088,1,1
39.44509,-7.43328,6,1
39.45388,-7.43568,1,1
39.47146,-7.44048,2,2
39.80539,-7.53235,6,0
39.82295,-7.53722,10,3
39.83174,-7.53966,61,9
39.8493,-7.54453,2,2
39.85809,-7.54697,4,0
39.86687,-7.54941,4,2
39.87565,-7.55186,32,4
39.88443,-7.5543,2,1
39.902,-7.55919,3,0
39.91078,-7.56163,53,31
39.91956,-7.56408,56,22
39.93713,-7.56897,7,0
40.03371,-7.59597,15,7
40.13027,-7.62307,147,79
40.19171,-7.64038,168,53
40.20048,-7.64285,507,217
40.20926,-7.64533,8,2
40.22681,-7.65029,494,197
40.297,-7.67015,117,66
40.39351,-7.69757,67,23
40.40228,-7.70007,2,0
40.41105,-7.70256,1215,309
40.41982,-7.70506,1773,458
40.42859,-7.70756,34,7
40.43736,-7.71007,25,6
40.44613,-7.71257,255,91
40.4549,-7.71507,26,7
40.48121,-7.72259,197,62
40.48998,-7.7251,67,25
40.49875,-7.7276,87,42
40.50752,-7.73011,47,28
40.51629,-7.73262,2,2
40.53383,-7.73765,3,1
40.5426,-7.74016,172,81
40.55137,-7.74267,60,22
40.56891,-7.74771,3,0
40.57767,-7.75022,66,23
40.58644,-7.75274,448,134
40.59521,-7.75526,792,173
40.60398,-7.75778,2167,577
40.61275,-7.7603,531,121
40.62151,-7.76282,128,39
40.63028,-7.76534,77,32
40.64781,-7.77039,219,58
40.65658,-7.77292,123,39
40.67411,-7.77797,82,26
40.68288,-7.7805,66,14
40.69164,-7.78303,39,15
40.70041,-7.78556,52,12
40.70917,-7.78809,99,38
40.71794,-7.79062,51,14
40.72671,-7.79316,98,34
40.74423,-7.79823,25,16
40.753,-7.80076,126,50
40.76176,-7.8033,1,1
40.77053,-7.80584,5,2
40.77929,-7.80838,50,25
40.79682,-7.81346,50,22
40.80558,-7.816,178,113
40.81435,-7.81854,56,27
40.82311,-7.82109,9,0
40.83187,-7.82363,32,16
40.8494,-7.82872,27,7
40.85816,-7.83127,66,24
40.90197,-7.84403,3,2
40.91073,-7.84658,19,7
40.92825,-7.85169,11,5
40.93701,-7.85425,37,15
40.95453,-7.85936,170,65
40.98081,-7.86704,94,32
41.01585,-7.8773,10,2
41.05089,-7.88757,2,2
41.0684,-7.89271,2,1
41.07716,-7.89529,87,23
41.08592,-7.89786,195,56
41.09467,-7.90043,262,63
41.10343,-7.90301,210,73
41.11219,-7.90559,140,43
41.12095,-7.90816,31,10
41.1297,-7.91074,118,26
41.13846,-7.91332,20,5
41.14722,-7.9159,97,30
41.15597,-7.91848,140,36
41.16473,-7.92106,173,41
41.17348,-7.92365,8,3
41.18224,-7.92623,17,7
41.19099,-7.92882,62,12
41.19975,-7.9314,96,46
41.22601,-7.93917,190,51
41.23477,-7.94176,157,57
41.24352,-7.94435,19,8
41.25228,-7.94694,164,53
41.32231,-7.96771,98,47
41.33981,-7.97292,9,3
41.37482,-7.98334,78,16
41.38357,-7.98594,247,60
41.39232,-7.98855,264,55
41.40107,-7.99116,194,43
41.40982,-7.99377,190,41
41.41857,-7.99638,197,59
41.42732,-7.99899,164,46
41.43607,-8.00161,135,36
41.44482,-8.00422,122,36
41.45357,-8.00684,77,12
41.46232,-8.00945,80,18
41.47107,-8.01207,115,19
41.47982,-8.01469,120,26
41.48857,-8.01731,63,9
41.49732,-8.01993,27,6
41.50607,-8.02255,52,11
41.51482,-8.02517,204,41
41.52357,-8.02779,19,3
41.53232,-8.03042,4,0
41.54107,-8.03304,1,1
41.54981,-8.03567,4,2
41.56731,-8.04093,111,35
41.57606,-8.04356,18,6
41.5848,-8.04619,46,8
41.59355,-8.04882,95,27
41.6985,-8.08047,7,0
41.70725,-8.08312,15,4
41.98699,-8.16829,5,4
41.99572,-8.17097,1,0
42.00446,-8.17365,1,0
42.06563,-8.19244,8,6
42.10931,-8.20589,4,0
42.12679,-8.21128,79,32
38.74324,-7.23308,2,1
38.75204,-7.2354,2,2
38.80488,-7.24938,4,0
38.8577,-7.26338,2,1
38.86651,-7.26572,29,11
38.95453,-7.28915,35,4
38.96334,-7.29149,217,79
38.98094,-7.29619,3,0
39.16573,-7.34572,8,0
39.2361,-7.36469,197,37
39.2449,-7.36706,287,82
39.25369,-7.36944,60,20
39.26249,-7.37182,51,13
39.27128,-7.3742,11,4
39.28008,-7.37657,2,2
39.28887,-7.37895,33,9
39.30646,-7.38372,20,4
39.35043,-7.39564,7,3
39.35923,-7.39802,18,2
39.36802,-7.40041,18,9
39.37681,-7.4028,12,3
39.38561,-7.40519,44,12
39.3944,-7.40758,117,30
39.41199,-7.41236,2,2
39.42078,-7.41476,3,3
39.42957,-7.41715,2,1
39.46474,-7.42674,1,0
39.79868,-7.51852,10,3
39.80746,-7.52095,11,0
39.81625,-7.52338,13,0
39.82503,-7.52582,4,1
39.83381,-7.52825,2,2
39.86016,-7.53557,2,0
39.86895,-7.53801,3,1
39.88651,-7.54289,4,0
39.92164,-7.55266,193,96
39.93042,-7.55511,79,36
40.00067,-7.57471,37,15
40.03579,-7.58453,5,4
40.10602,-7.60422,102,46
40.1148,-7.60669,81,27
40.12358,-7.60915,6,1
40.13236,-7.61162,33,6
40.1938,-7.62892,86,25
40.20257,-7.63139,499,173
40.21135,-7.63387,33,6
40.22012,-7.63634,14,9
40.2289,-7.63882,15,8
40.2991,-7.65867,2,2
40.41315,-7.69107,23,12
40.42192,-7.69356,223,21
40.43069,-7.69606,184,76
40.43946,-7.69856,73,26
40.44823,-7.70107,3,1
40.45701,-7.70357,65,18
40.46578,-7.70607,7,2
40.47455,-7.70857,3,0
40.48332,-7.71108,20,10
40.49209,-7.71359,28,13
40.50086,-7.71609,145,51
40.55347,-7.73115,19,2
40.56224,-7.73367,15,6
40.57101,-7.73618,141,30
40.57978,-7.7387,66,12
40.58855,-7.74121,103,28
40.59732,-7.74373,47,2
40.60608,-7.74625,665,209
40.61485,-7.74877,24,1
40.62362,-7.75129,296,104
40.63239,-7.75381,95,31
40.64115,-7.75633,42,21
40.64992,-7.75885,4,3
40.65869,-7.76138,152,58
40.66746,-7.7639,90,28
40.67622,-7.76643,16,9
40.68499,-7.76896,77,44
40.69375,-7.77148,10,3
40.70252,-7.77401,34,20
40.71129,-7.77654,122,28
40.72005,-7.77907,140,33
40.72882,-7.78161,122,84
40.73758,-7.78414,46,12
40.74635,-7.78667,31,12
40.75511,-7.78921,36,19
40.76388,-7.79174,7,1
40.77264,-7.79428,23,12
40.78141,-7.79682,56,30
40.79017,-7.79936,123,60
40.8077,-7.80444,5,0
40.83399,-7.81206,26,13
40.84275,-7.81461,7,2
40.85151,-7.81715,2,2
40.86904,-7.82225,29,9
40.90409,-7.83245,311,101
40.91285,-7.835,134,55
40.93913,-7.84266,192,81
40.94789,-7.84522,5,1
41.04425,-7.8734,135,39
41.05301,-7.87597,221,66
41.08804,-7.88625,6,0
41.0968,-7.88882,28,11
41.10556,-7.89139,256,86
41.11432,-7.89397,53,24
41.12307,-7.89654,10,5
41.13183,-7.89912,350,106
41.14059,-7.9017,45,17
41.14934,-7.90428,5,2
41.1581,-7.90686,1,0
41.16686,-7.90944,10,3
41.17561,-7.91202,73,26
41.18437,-7.9146,24,9
41.19312,-7.91719,29,17
41.20188,-7.91977,93,26
41.2369,-7.93012,3,0
41.29818,-7.94827,66,13
41.34195,-7.96126,18,4
41.40321,-7.97949,17,3
41.41196,-7.9821,89,30
41.42071,-7.98471,452,118
41.42946,-7.98732,60,17
41.43821,-7.98993,145,43
41.44697,-7.99255,73,25
41.45572,-7.99516,4,2
41.47322,-8.00039,6,1
41.48197,-8.00301,9,3
41.49072,-8.00563,20,3
41.49946,-8.00824,186,33
41.50821,-8.01086,360,54
41.51696,-8.01349,363,58
41.52571,-8.01611,144,44
41.53446,-8.01873,103,21
41.54321,-8.02135,160,50
41.55196,-8.02398,144,39
41.56071,-8.0266,21,7
41.56945,-8.02923,47,21
41.5782,-8.03186,77,32
41.58695,-8.03449,71,18
41.5957,-8.03712,7,1
41.66567,-8.05819,63,23
41.68316,-8.06347,2,2
42.01537,-8.16456,4,0
42.05032,-8.17528,22,15
38.85974,-7.25214,5,1
39.10619,-7.31788,4,2
39.12379,-7.3226,4,0
39.15018,-7.32969,2,0
39.23816,-7.35338,4,0
39.24695,-7.35576,63,20
39.25575,-7.35813,33,16
39.27334,-7.36288,7,2
39.28213,-7.36526,8,2
39.29973,-7.37002,2,1
39.3349,-7.37954,4,0
39.35249,-7.38431,29,6
39.36129,-7.3867,10,8
39.37008,-7.38908,89,48
39.37887,-7.39147,88,19
39.38767,-7.39386,22,7
39.39646,-7.39625,7,2
39.40525,-7.39864,15,6
39.41405,-7.40103,7,4
39.44042,-7.40821,2,2
39.45801,-7.413,1,1
39.75683,-7.49498,1,1
39.80075,-7.50712,237,60
39.80954,-7.50955,1347,351
39.81832,-7.51198,1988,100
39.82711,-7.51442,423,69
39.83589,-7.51685,14,7
39.84467,-7.51929,6,4
39.85346,-7.52172,5,4
39.86224,-7.52416,5,4
39.87103,-7.5266,2,0
39.91494,-7.5388,3,0
39.96763,-7.55348,196,96
39.97641,-7.55593,99,42
39.99397,-7.56083,71,27
40.00276,-7.56328,170,81
40.0291,-7.57064,11,1
40.03788,-7.5731,55,12
40.07299,-7.58293,16,7
40.08177,-7.58539,11,6
40.11689,-7.59524,6,5
40.12567,-7.5977,3,1
40.13444,-7.60017,4,1
40.16956,-7.61004,200,107
40.17833,-7.61251,141,54
40.21344,-7.6224,23,6
40.22222,-7.62488,5,1
40.23099,-7.62735,1,1
40.23977,-7.62983,3,0
40.24854,-7.63231,148,37
40.25732,-7.63479,39,21
40.26609,-7.63727,4,0
40.41525,-7.67957,92,38
40.42402,-7.68206,32,16
40.43279,-7.68456,352,141
40.44156,-7.68706,23,15
40.45033,-7.68956,1,1
40.4591,-7.69206,118,24
40.46788,-7.69456,26,4
40.49419,-7.70207,69,34
40.50296,-7.70458,792,260
40.51173,-7.70709,12,1
40.55558,-7.71963,127,47
40.56435,-7.72214,165,50
40.57312,-7.72466,16,8
40.59942,-7.7322,166,38
40.60819,-7.73472,319,55
40.62573,-7.73975,5,3
40.63449,-7.74227,128,31
40.64326,-7.74479,12,1
40.65203,-7.74732,60,6
40.6608,-7.74984,177,62
40.66956,-7.75236,117,62
40.67833,-7.75489,63,12
40.6871,-7.75741,182,45
40.69586,-7.75994,44,23
40.70463,-7.76247,112,21
40.7134,-7.765,61,20
40.72216,-7.76752,129,50
40.73093,-7.77005,72,59
40.73969,-7.77259,127,30
40.74846,-7.77512,187,53
40.75722,-7.77765,102,33
40.76599,-7.78019,2,2
40.78352,-7.78526,32,17
40.79228,-7.78779,39,17
40.85363,-7.80558,10,2
40.87115,-7.81067,73,3
40.87992,-7.81322,72,27
40.92373,-7.82597,2,1
41.01134,-7.85154,50,23
41.0201,-7.8541,80,32
41.02885,-7.85666,14,6
41.05513,-7.86436,59,18
41.06389,-7.86693,317,85
41.07265,-7.8695,5,2
41.10768,-7.87978,49,20
41.11644,-7.88235,53,15
41.1252,-7.88493,191,65
41.13396,-7.8875,35,15
41.14271,-7.89008,70,10
41.15147,-7.89265,447,79
41.16023,-7.89523,395,152
41.16898,-7.89781,168,41
41.17774,-7.90039,108,18
41.1865,-7.90297,190,41
41.21276,-7.91072,20,14
41.37034,-7.95741,3,2
41.37909,-7.96001,60,6
41.3966,-7.96522,33,3
41.40535,-7.96783,20,3
41.4141,-7.97043,285,62
41.42285,-7.97304,49,7
41.4316,-7.97565,217,52
41.44035,-7.97826,83,19
41.4491,-7.98087,25,8
41.47536,-7.98871,226,49
41.48411,-7.99133,291,28
41.49286,-7.99394,99,14
41.50161,-7.99656,330,65
41.51036,-7.99918,915,173
41.5191,-8.0018,632,140
41.52785,-8.00442,293,47
41.5366,-8.00704,56,15
41.54535,-8.00966,3,1
41.5541,-8.01228,131,30
41.66782,-8.04648,2,2
41.67656,-8.04912,125,64
41.68531,-8.05176,79,32
41.7028,-8.05704,18,8
42.00879,-8.1501,10,7
42.01753,-8.15278,3,3
42.02627,-8.15546,42,19
42.035,-8.15814,54,31
42.04374,-8.16082,22,15
42.05248,-8.1635,8,2
38.78253,-7.21992,3,2
38.86178,-7.24089,2,0
38.87059,-7.24323,9,5
38.897,-7.25024,3,2
38.9058,-7.25257,7,3
38.94102,-7.26194,6,0
38.94982,-7.26428,2,2
39.16103,-7.32076,1,1
39.21382,-7.33496,4,0
39.23141,-7.3397,3,1
39.24021,-7.34208,36,15
39.249,-7.34445,25,9
39.2666,-7.3492,1,0
39.32817,-7.36584,2,2
39.33696,-7.36822,3,2
39.35455,-7.37299,10,6
39.36334,-7.37537,8,3
39.37214,-7.37776,21,8
39.38093,-7.38014,239,64
39.38973,-7.38253,8,1
39.39852,-7.38492,10,4
39.40731,-7.38731,10,3
39.41611,-7.38969,8,4
39.44248,-7.39687,8,3
39.73254,-7.47631,144,115
39.80283,-7.49572,165,27
39.81161,-7.49815,1472,208
39.8204,-7.50058,7070,1679
39.82918,-7.50302,802,175
39.83797,-7.50545,84,28
39.84675,-7.50788,21,8
39.85553,-7.51032,22,6
39.86432,-7.51275,15,4
39.90823,-7.52494,6,0
39.94337,-7.53471,251,91
39.95215,-7.53716,79,41
39.96093,-7.53961,4,1
39.96971,-7.54205,25,14
39.97849,-7.5445,12,4
39.99606,-7.5494,2,1
40.00484,-7.55185,1,1
40.01362,-7.5543,7,1
40.0224,-7.55675,3,0
40.03118,-7.5592,127,64
40.03996,-7.56166,372,131
40.04874,-7.56411,2,2
40.08386,-7.57394,27,8
40.11897,-7.58379,23,6
40.12775,-7.58625,6,3
40.17164,-7.59858,32,12
40.21553,-7.61094,9,2
40.2243,-7.61341,11,7
40.24186,-7.61836,4,0
40.25063,-7.62084,88,34
40.25941,-7.62331,736,314
40.26818,-7.62579,20,2
40.40857,-7.66557,4,0
40.41734,-7.66807,27,6
40.42612,-7.67056,44,17
40.43489,-7.67306,38,15
40.44366,-7.67556,415,174
40.45243,-7.67806,20,1
40.4612,-7.68056,82,23
40.46997,-7.68306,504,212
40.49629,-7.69056,116,30
40.50506,-7.69307,97,14
40.51383,-7.69557,85,19
40.5226,-7.69808,41,17
40.53137,-7.70058,27,16
40.54014,-7.70309,74,41
40.55768,-7.70811,12,5
40.56645,-7.71062,75,23
40.57522,-7.71313,176,50
40.58399,-7.71564,18,6
40.59276,-7.71816,7,0
40.60153,-7.72067,97,33
40.61029,-7.72319,249,47
40.61906,-7.7257,21,5
40.6366,-7.73074,229,74
40.64537,-7.73326,55,15
40.65413,-7.73578,100,23
40.6629,-7.7383,89,29
40.67167,-7.74082,242,57
40.68044,-7.74334,185,42
40.6892,-7.74587,190,57
40.69797,-7.74839,71,8
40.70674,-7.75092,29,8
40.7155,-7.75345,23,8
40.72427,-7.75597,38,15
40.73304,-7.7585,140,43
40.7418,-7.76103,164,39
40.75057,-7.76356,113,38
40.75933,-7.76609,53,11
40.84698,-7.79147,9,4
40.87327,-7.7991,252,96
40.88203,-7.80164,314,110
40.89956,-7.80673,4,1
40.92584,-7.81438,19,2
40.93461,-7.81693,5,2
40.98717,-7.83226,6,0
40.99593,-7.83482,11,5
41.03098,-7.84506,237,82
41.05725,-7.85275,35,11
41.06601,-7.85532,144,33
41.07477,-7.85788,139,26
41.11857,-7.87073,44,11
41.12732,-7.87331,165,58
41.13608,-7.87588,77,35
41.14484,-7.87845,83,26
41.1536,-7.88103,50,23
41.16235,-7.88361,332,67
41.17111,-7.88618,196,53
41.31995,-7.93016,85,38
41.34621,-7.93795,105,42
41.37247,-7.94575,52,14
41.38123,-7.94835,173,39
41.38998,-7.95095,135,37
41.39873,-7.95355,200,42
41.40748,-7.95616,1004,223
41.41623,-7.95876,557,217
41.43374,-7.96398,15,7
41.44249,-7.96659,265,65
41.45124,-7.9692,128,33
41.46874,-7.97442,4,3
41.47749,-7.97703,286,76
41.48624,-7.97965,265,25
41.49499,-7.98226,207,15
41.50375,-7.98488,229,34
41.5125,-7.98749,1691,288
41.52124,-7.99011,259,76
41.52999,-7.99273,70,10
41.53874,-7.99535,153,37
41.54749,-7.99797,15,2
41.66122,-8.03213,52,26
41.68746,-8.04004,10,2
41.6962,-8.04268,32,14
41.70495,-8.04532,31,7
42.01969,-8.14101,4,2
42.02843,-8.14368,20,7
42.03717,-8.14636,5,4
42.04591,-8.14904,4,4
42.05464,-8.15172,30,21
38.79338,-7.21101,2,2
38.8286,-7.22032,1,0
38.86382,-7.22964,25,7
38.89023,-7.23665,4,0
38.95186,-7.25302,1,0
39.08388,-7.28824,5,0
39.11028,-7.29531,4,0
39.11908,-7.29767,4,0
39.14548,-7.30474,1,0
39.17188,-7.31183,5,1
39.20707,-7.32129,8,4
39.21587,-7.32366,1,0
39.23346,-7.3284,69,27
39.24226,-7.33077,40,10
39.25106,-7.33314,2,2
39.25985,-7.33551,3,0
39.29504,-7.34501,8,4
39.30383,-7.34738,4,2
39.34781,-7.35928,9,4
39.3566,-7.36166,1,1
39.38299,-7.36881,10,2
39.39178,-7.3712,203,125
39.40058,-7.37358,23,5
39.40937,-7.37597,4,0
39.42696,-7.38075,7,2
39.43575,-7.38314,8,0
39.44454,-7.38553,3,1
39.73461,-7.46493,2,2
39.79611,-7.4819,65,6
39.8049,-7.48432,18,2
39.81368,-7.48675,3233,390
39.82247,-7.48918,6129,1850
39.83125,-7.49161,2518,781
39.84004,-7.49404,151,59
39.84882,-7.49648,58,5
39.85761,-7.49891,3,2
39.86639,-7.50134,9,4
39.87518,-7.50378,11,10
39.89274,-7.50865,4,2
39.90153,-7.51109,2,2
39.91031,-7.51353,217,71
39.91909,-7.51597,3,1
39.94544,-7.52329,154,59
39.95422,-7.52574,16,7
39.96301,-7.52818,6,1
39.97179,-7.53063,2,0
39.98935,-7.53552,4,1
40.00692,-7.54042,5,2
40.03326,-7.54777,14,2
40.04204,-7.55022,13,5
40.05082,-7.55268,4,2
40.09472,-7.56496,13,7
40.1035,-7.56742,1,0
40.11228,-7.56988,19,2
40.12106,-7.57234,232,89
40.12984,-7.5748,42,11
40.14739,-7.57973,1,1
40.18251,-7.58959,64,20
40.19128,-7.59206,259,118
40.22639,-7.60194,4,1
40.23517,-7.60442,1,1
40.27027,-7.61432,3,0
40.40189,-7.65158,19,3
40.42821,-7.65906,116,37
40.44576,-7.66405,199,98
40.45453,-7.66655,332,135
40.4633,-7.66905,2,0
40.47207,-7.67155,22,7
40.48084,-7.67405,133,40
40.48962,-7.67655,17,5
40.49839,-7.67905,7,3
40.5247,-7.68656,13,7
40.53347,-7.68906,301,141
40.55101,-7.69408,3,0
40.55978,-7.69659,20,11
40.57732,-7.7016,184,93
40.58609,-7.70412,170,48
40.60363,-7.70914,5,1
40.6124,-7.71165,22,9
40.62117,-7.71417,43,11
40.6387,-7.7192,48,14
40.64747,-7.72172,32,4
40.65624,-7.72424,54,17
40.67377,-7.72928,130,46
40.68254,-7.7318,49,15
40.69131,-7.73432,121,49
40.70008,-7.73685,190,51
40.70884,-7.73937,270,70
40.71761,-7.7419,132,28
40.73514,-7.74695,83,35
40.74391,-7.74948,113,51
40.75268,-7.75201,60,4
40.76144,-7.75454,234,61
40.83156,-7.77481,8,5
40.84033,-7.77735,21,11
40.86662,-7.78498,2,0
40.87538,-7.78752,15,2
40.88415,-7.79006,9,0
40.91043,-7.7977,17,1
40.9192,-7.80025,72,30
40.98929,-7.82066,4,4
40.99805,-7.82322,186,101
41.02433,-7.8309,15,4
41.03309,-7.83346,11,2
41.04185,-7.83602,82,36
41.05061,-7.83858,4,0
41.05937,-7.84114,7,0
41.06813,-7.84371,46,17
41.07689,-7.84627,285,71
41.08565,-7.84884,454,149
41.12945,-7.86169,4,0
41.1382,-7.86426,33,14
41.14696,-7.86683,105,37
41.15572,-7.86941,77,23
41.16448,-7.87198,61,29
41.17323,-7.87456,82,19
41.18199,-7.87713,102,30
41.19075,-7.87971,42,9
41.36585,-7.93148,37,12
41.37461,-7.93408,71,22
41.38336,-7.93668,4,0
41.39211,-7.93928,78,21
41.40086,-7.94189,140,24
41.40962,-7.94449,365,100
41.41837,-7.94709,250,59
41.42712,-7.9497,1,0
41.43587,-7.95231,23,14
41.44463,-7.95491,82,21
41.45338,-7.95752,44,9
41.46213,-7.96013,62,20
41.47088,-7.96274,11,0
41.47963,-7.96535,500,111
41.48838,-7.96796,543,120
41.49713,-7.97058,103,20
41.50588,-7.97319,204,32
41.51463,-7.97581,111,20
41.52338,-7.97842,231,43
41.53213,-7.98104,15,2
41.54088,-7.98366,175,40
41.54963,-7.98628,10,1
41.58463,-7.99676,11,6
41.66336,-8.02042,47,24
41.68086,-8.02569,137,47
41.6896,-8.02832,11,3
41.69835,-8.03096,24,12
41.7071,-8.0336,6,0
41.71584,-8.03623,169,73
42.02185,-8.12923,15,10
42.03059,-8.13191,36,18
42.03933,-8.13458,4,4
42.0568,-8.13994,25,15
38.1785,-7.03914,2,0
38.83944,-7.2114,10,3
38.84825,-7.21373,14,2
38.85705,-7.21606,22,7
38.86586,-7.2184,68,26
38.87466,-7.22073,11,4
38.89227,-7.22539,25,14
38.90108,-7.22773,4,2
38.92749,-7.23474,7,0
39.00671,-7.25581,448,148
39.01552,-7.25816,4,3
39.08593,-7.27696,1,0
39.09473,-7.27931,3,0
39.11233,-7.28402,14,0
39.12113,-7.28638,1305,465
39.12993,-7.28873,11,3
39.14753,-7.29345,2,1
39.16513,-7.29817,7,0
39.18272,-7.3029,1,1
39.21792,-7.31236,9,4
39.22671,-7.31472,3,2
39.23551,-7.31709,113,38
39.24431,-7.31946,303,141
39.2707,-7.32657,3,1
39.28829,-7.33132,2,2
39.30589,-7.33607,2,0
39.31468,-7.33844,20,7
39.32348,-7.34082,9,4
39.33227,-7.3432,7,2
39.34107,-7.34558,1,1
39.34986,-7.34795,38,6
39.35866,-7.35034,141,77
39.37625,-7.3551,4,1
39.38504,-7.35748,10,6
39.39384,-7.35987,18,4
39.40263,-7.36225,11,3
39.42022,-7.36702,40,14
39.42901,-7.36941,17,5
39.43781,-7.3718,26,5
39.4466,-7.37419,204,69
39.80697,-7.47292,4,0
39.81575,-7.47535,651,131
39.82454,-7.47778,4868,975
39.83333,-7.48021,1816,214
39.84211,-7.48264,7,4
39.85968,-7.4875,15,6
39.86846,-7.48994,5,0
39.92117,-7.50455,2,0
39.93874,-7.50943,114,62
39.94752,-7.51187,9,1
39.97387,-7.5192,1,1
40.02656,-7.53388,6,3
40.0529,-7.54124,51,21
40.10558,-7.55597,3,1
40.11436,-7.55843,41,11
40.12314,-7.56089,51,8
40.13192,-7.56335,126,51
40.1407,-7.56581,12,3
40.15826,-7.57073,5,0
40.16703,-7.5732,2,0
40.19337,-7.5806,25,7
40.20215,-7.58306,2,1
40.23726,-7.59295,35,11
40.24603,-7.59542,12,1
40.32502,-7.61771,3,0
40.40399,-7.64009,386,134
40.45662,-7.65504,232,66
40.4654,-7.65754,49,3
40.47417,-7.66004,4,0
40.48294,-7.66254,73,24
40.49171,-7.66503,31,8
40.50048,-7.66753,60,20
40.50925,-7.67004,3,1
40.5268,-7.67504,94,57
40.53557,-7.67754,59,38
40.56188,-7.68506,141,53
40.57065,-7.68757,4,0
40.57942,-7.69008,7,3
40.58819,-7.69259,30,5
40.59696,-7.6951,65,41
40.60573,-7.69761,27,11
40.62327,-7.70263,249,88
40.63204,-7.70515,21,1
40.64081,-7.70766,43,14
40.64957,-7.71018,37,10
40.65834,-7.7127,101,34
40.66711,-7.71522,102,26
40.67588,-7.71774,60,17
40.68465,-7.72026,2,0
40.69341,-7.72278,67,30
40.70218,-7.7253,17,9
40.71095,-7.72782,14,7
40.73725,-7.7354,575,118
40.74602,-7.73792,814,129
40.75478,-7.74045,114,13
40.76355,-7.74298,27,7
40.79861,-7.7531,45,27
40.80738,-7.75564,76,31
40.83367,-7.76324,1,0
40.84244,-7.76578,138,54
40.90378,-7.78357,18,5
40.93007,-7.79121,2,2
40.93884,-7.79376,18,3
40.9476,-7.79631,53,22
40.95636,-7.79886,118,35
41.03521,-7.82185,85,31
41.04397,-7.82441,118,47
41.05273,-7.82697,36,8
41.06149,-7.82953,94,22
41.07025,-7.8321,82,18
41.07901,-7.83466,118,22
41.08777,-7.83723,52,14
41.13157,-7.85007,5,0
41.14033,-7.85264,168,34
41.14908,-7.85521,107,46
41.15784,-7.85778,60,23
41.1666,-7.86035,72,21
41.17536,-7.86293,246,86
41.18412,-7.8655,199,72
41.19287,-7.86808,79,29
41.28044,-7.8939,2,0
41.33297,-7.90944,12,6
41.34172,-7.91204,12,5
41.35048,-7.91463,2,2
41.35923,-7.91723,5,3
41.36798,-7.91982,10,0
41.403,-7.93022,28,10
41.41175,-7.93282,87,20
41.4205,-7.93542,59,15
41.42926,-7.93803,69,11
41.43801,-7.94063,13,0
41.45551,-7.94584,55,9
41.46426,-7.94845,181,44
41.47302,-7.95106,114,56
41.48177,-7.95367,555,125
41.49052,-7.95628,463,94
41.49927,-7.95889,147,45
41.50802,-7.9615,4,0
41.51677,-7.96412,24,8
41.52552,-7.96673,181,38
41.53427,-7.96935,22,6
41.54302,-7.97196,102,23
41.55177,-7.97458,78,21
41.56927,-7.97982,3,0
41.67425,-8.01134,79,29
41.683,-8.01397,12,8
41.69175,-8.0166,11,5
41.70049,-8.01924,44,26
41.70924,-8.02187,63,27
41.71799,-8.02451,15,11
41.72673,-8.02715,21,6
42.024,-8.11745,7,7
38.84147,-7.20016,30,13
38.85028,-7.20249,22,2
38.85909,-7.20482,23,7
38.86789,-7.20715,235,84
38.8767,-7.20948,195,50
38.8855,-7.21181,104,34
38.89431,-7.21414,75,8
38.98235,-7.23751,2,0
38.99995,-7.2422,7,2
39.00875,-7.24454,564,159
39.12317,-7.27509,420,65
39.13197,-7.27744,12,4
39.14077,-7.2798,4,0
39.14957,-7.28216,2,0
39.15837,-7.28452,3,1
39.17597,-7.28924,2,1
39.18477,-7.2916,1,0
39.19357,-7.29396,6,3
39.21117,-7.29869,3,2
39.21996,-7.30105,60,22
39.22876,-7.30342,313,111
39.23756,-7.30578,12,5
39.24636,-7.30815,18,1
39.25516,-7.31052,44,14
39.26395,-7.31289,17,10
39.27275,-7.31526,12,5
39.29034,-7.32,16,10
39.29914,-7.32237,2,2
39.30794,-7.32475,2,2
39.31673,-7.32712,2,2
39.32553,-7.3295,10,5
39.34312,-7.33425,6,0
39.35192,-7.33663,6,4
39.36071,-7.33901,6,3
39.36951,-7.34139,2,2
39.3783,-7.34377,8,0
39.3871,-7.34615,30,11
39.39589,-7.34853,27,8
39.40469,-7.35092,26,12
39.41348,-7.3533,650,236
39.42227,-7.35569,67,24
39.43107,-7.35807,109,43
39.43986,-7.36046,35,9
39.44866,-7.36285,8,5
39.76511,-7.44941,8,1
39.81782,-7.46395,52,12
39.82661,-7.46638,717,137
39.8354,-7.46881,10,4
39.86175,-7.47609,4,1
39.87054,-7.47853,7,5
39.91446,-7.4907,2,1
39.92324,-7.49313,13,2
39.93203,-7.49557,11,7
39.94081,-7.49801,474,157
39.94959,-7.50045,6,1
40.03742,-7.5249,26,5
40.0462,-7.52735,73,22
40.05498,-7.5298,51,27
40.06376,-7.53225,1,0
40.11644,-7.54698,357,128
40.12522,-7.54944,134,54
40.134,-7.55189,29,9
40.14278,-7.55435,2,2
40.15156,-7.55682,3,1
40.16034,-7.55928,371,117
40.16912,-7.56174,4,3
40.18667,-7.56667,88,28
40.19545,-7.56913,203,57
40.23934,-7.58148,7,2
40.24812,-7.58395,104,44
40.2569,-7.58642,115,60
40.44994,-7.64104,50,12
40.45872,-7.64354,353,135
40.46749,-7.64603,49,29
40.47626,-7.64853,24,1
40.50258,-7.65602,42,15
40.51135,-7.65852,246,78
40.52889,-7.66352,5,2
40.59029,-7.68106,21,10
40.59906,-7.68357,17,0
40.60783,-7.68608,86,35
40.62537,-7.6911,3,2
40.63414,-7.69361,94,32
40.64291,-7.69613,16,11
40.65168,-7.69864,53,20
40.66044,-7.70116,23,6
40.66921,-7.70367,376,152
40.67798,-7.70619,252,92
40.68675,-7.70871,51,15
40.69552,-7.71123,38,16
40.70428,-7.71375,36,9
40.71305,-7.71627,66,27
40.73935,-7.72384,684,71
40.74812,-7.72637,641,127
40.75689,-7.72889,34,11
40.77442,-7.73395,105,33
40.78319,-7.73648,12,6
40.80072,-7.74154,99,59
40.80948,-7.74407,180,89
40.81825,-7.7466,3,0
40.9059,-7.77199,14,5
40.93219,-7.77962,5,0
40.94971,-7.78472,2,2
40.95847,-7.78727,10,7
41.01981,-7.80513,23,4
41.02857,-7.80769,9,0
41.03733,-7.81025,266,84
41.04609,-7.81281,185,37
41.05485,-7.81537,31,12
41.06361,-7.81793,25,8
41.07237,-7.82049,17,6
41.08113,-7.82305,266,134
41.08989,-7.82561,428,101
41.09865,-7.82818,306,88
41.10741,-7.83074,46,3
41.11617,-7.83331,152,33
41.12493,-7.83588,265,58
41.14245,-7.84101,133,29
41.15121,-7.84358,89,33
41.15996,-7.84615,40,11
41.16872,-7.84873,106,32
41.17748,-7.8513,71,29
41.18624,-7.85387,165,39
41.195,-7.85645,149,41
41.20375,-7.85903,160,87
41.21251,-7.8616,35,14
41.26505,-7.87709,5,4
41.28256,-7.88225,16,5
41.29132,-7.88484,232,100
41.30008,-7.88743,76,30
41.3351,-7.89779,41,10
41.34385,-7.90038,3,0
41.3526,-7.90297,11,7
41.37011,-7.90816,2,0
41.39637,-7.91595,4,1
41.40513,-7.91855,121,34
41.43139,-7.92635,106,35
41.44014,-7.92896,179,43
41.44889,-7.93156,67,16
41.45765,-7.93417,65,14
41.4664,-7.93677,4,0
41.4839,-7.94199,9,4
41.49265,-7.9446,24,1
41.5014,-7.94721,36,8
41.51016,-7.94982,114,42
41.51891,-7.95243,2,0
41.52766,-7.95504,26,4
41.53641,-7.95766,4,0
41.54516,-7.96027,15,10
41.55391,-7.96289,7,2
41.57141,-7.96812,43,22
41.58016,-7.97074,7,1
41.65015,-7.99173,1,1
41.6589,-7.99436,40,20
41.66765,-7.99699,80,37
41.6764,-7.99962,1,1
41.68514,-8.00225,7,0
41.69389,-8.00488,25,17
41.70264,-8.00752,29,18
41.72013,-8.01279,8,5
41.73763,-8.01806,1,1
38.8347,-7.18659,6,2
38.85231,-7.19124,26,6
38.86112,-7.19357,9,4
38.86992,-7.1959,85,13
38.87873,-7.19823,114,20
38.88754,-7.20056,27,7
38.94917,-7.21689,224,58
38.95797,-7.21923,162,37
38.96678,-7.22157,7,1
39.05481,-7.24499,1,0
39.07241,-7.24969,2,0
39.18681,-7.2803,18,6
39.19561,-7.28266,238,84
39.20441,-7.28502,6,1
39.21321,-7.28738,5,2
39.22201,-7.28975,17,2
39.23081,-7.29211,8,2
39.2572,-7.29921,16,12
39.266,-7.30158,14,5
39.2748,-7.30395,10,6
39.2836,-7.30631,2,2
39.31878,-7.3158,13,7
39.32758,-7.31818,24,6
39.36276,-7.32768,17,5
39.37156,-7.33006,27,12
39.38035,-7.33244,2,0
39.38915,-7.33482,4,1
39.39794,-7.3372,4,0
39.40674,-7.33958,35,12
39.41553,-7.34196,18,4
39.42433,-7.34435,2,0
39.43312,-7.34673,2,2
39.74081,-7.43076,2,2
39.81989,-7.45255,14,5
39.87261,-7.46712,2,0
39.90775,-7.47684,13,4
39.91653,-7.47928,8,1
40.00436,-7.50367,4,2
40.01315,-7.50612,1,0
40.03949,-7.51346,169,84
40.04827,-7.51591,164,94
40.11852,-7.53553,49,7
40.1273,-7.53798,55,20
40.13608,-7.54044,34,9
40.14486,-7.5429,9,0
40.15364,-7.54536,7,0
40.16242,-7.54782,18,10
40.1712,-7.55028,2,1
40.17998,-7.55274,4,3
40.18876,-7.55521,39,9
40.19754,-7.55767,374,115
40.20631,-7.56013,12,2
40.25898,-7.57494,248,105
40.26776,-7.57742,25,3
40.46958,-7.63452,186,74
40.47836,-7.63702,250,119
40.4959,-7.64201,10,3
40.50467,-7.64451,42,15
40.51345,-7.647,63,26
40.57485,-7.66452,1,0
40.59239,-7.66953,7,5
40.60993,-7.67454,151,70
40.6187,-7.67705,1,0
40.63624,-7.68208,44,13
40.64501,-7.68459,31,15
40.65378,-7.6871,76,28
40.66254,-7.68962,7,0
40.67131,-7.69213,233,28
40.68008,-7.69465,867,276
40.68885,-7.69716,78,17
40.69762,-7.69968,39,18
40.70639,-7.7022,327,144
40.71515,-7.70472,113,58
40.74146,-7.71229,118,26
40.75023,-7.71481,293,81
40.75899,-7.71734,66,30
40.76776,-7.71986,6,4
40.77653,-7.72239,3,2
40.83789,-7.7401,7,0
40.84665,-7.74264,88,10
40.85542,-7.74517,10,1
40.87295,-7.75025,13,2
40.88171,-7.75278,13,0
40.89048,-7.75532,71,15
40.89924,-7.75786,77,10
40.90801,-7.76041,3,0
40.91677,-7.76295,30,13
40.96935,-7.77822,35,17
40.98687,-7.78332,56,15
41.01316,-7.79098,36,4
41.02192,-7.79353,259,66
41.03068,-7.79609,128,37
41.03944,-7.79864,118,32
41.04821,-7.8012,93,28
41.05697,-7.80376,58,19
41.06573,-7.80632,179,44
41.07449,-7.80888,272,53
41.08325,-7.81144,231,41
41.09201,-7.814,1002,320
41.10077,-7.81656,2876,625
41.10953,-7.81912,164,38
41.11829,-7.82169,246,71
41.12705,-7.82425,32,9
41.13581,-7.82682,96,33
41.14457,-7.82939,96,36
41.15333,-7.83196,95,33
41.16208,-7.83453,34,13
41.17084,-7.8371,7,3
41.1796,-7.83967,55,25
41.18836,-7.84224,82,21
41.19712,-7.84482,76,23
41.20588,-7.84739,134,26
41.21463,-7.84997,47,19
41.22339,-7.85254,40,17
41.23215,-7.85512,12,8
41.24091,-7.8577,2,2
41.24966,-7.86028,10,7
41.25842,-7.86286,55,41
41.26718,-7.86544,38,26
41.27593,-7.86802,63,16
41.28469,-7.87061,163,42
41.29344,-7.87319,189,70
41.3022,-7.87578,225,84
41.31096,-7.87836,40,5
41.31971,-7.88095,11,8
41.33722,-7.88613,19,6
41.35473,-7.89131,76,38
41.36349,-7.8939,38,17
41.3985,-7.90428,47,11
41.40726,-7.90688,172,52
41.44227,-7.91728,54,13
41.45102,-7.91988,37,7
41.45978,-7.92249,139,32
41.46853,-7.92509,112,30
41.47728,-7.9277,89,8
41.49479,-7.93291,63,8
41.51229,-7.93813,22,4
41.52104,-7.94074,48,18
41.52979,-7.94335,13,2
41.53854,-7.94596,69,16
41.54729,-7.94858,54,14
41.55604,-7.95119,3,0
41.5648,-7.95381,11,3
41.57355,-7.95642,10,4
41.5823,-7.95904,5,3
41.5998,-7.96428,9,2
41.64354,-7.97739,7,4
41.65229,-7.98002,225,71
41.66979,-7.98527,11,3
41.67854,-7.9879,3,0
41.68728,-7.99053,7,3
41.69603,-7.99316,59,32
41.73977,-8.00633,9,5
38.13161,-6.99216,4,0
38.84554,-7.17767,3,1
38.85434,-7.17999,55,17
38.86315,-7.18232,29,11
38.87196,-7.18465,1291,151
38.88076,-7.18697,731,128
38.88957,-7.1893,9,3
38.89837,-7.19163,1,0
38.9424,-7.20329,46,24
38.9512,-7.20563,225,68
38.96001,-7.20796,22,10
39.14486,-7.25722,3,0
39.17126,-7.26428,2,0
39.18006,-7.26664,4,0
39.18886,-7.269,31,17
39.19766,-7.27136,4,1
39.20646,-7.27372,2,2
39.21526,-7.27608,6,0
39.22406,-7.27844,4,0
39.23285,-7.2808,17,10
39.24165,-7.28317,10,2
39.25925,-7.2879,34,11
39.26805,-7.29026,32,6
39.29444,-7.29737,6,2
39.30324,-7.29974,10,6
39.31203,-7.30211,17,6
39.32083,-7.30448,69,49
39.4,-7.32587,5,3
39.40879,-7.32825,4,1
39.68135,-7.40249,51,23
39.69014,-7.4049,3,0
39.74287,-7.41937,4,0
39.76045,-7.42421,2,0
39.83075,-7.44357,1,0
39.90982,-7.46543,1206,194
39.9186,-7.46786,479,124
39.92739,-7.47029,16,5
39.93617,-7.47273,1,1
40.024,-7.49713,3,0
40.03279,-7.49957,7,0
40.04157,-7.50202,93,35
40.05035,-7.50447,29,8
40.12938,-7.52653,259,104
40.13816,-7.52899,108,28
40.14694,-7.53144,37,11
40.15572,-7.5339,84,22
40.1645,-7.53636,5,5
40.17328,-7.53882,3,3
40.19962,-7.54621,557,218
40.2084,-7.54867,41,4
40.26984,-7.56594,162,37
40.4629,-7.62052,105,39
40.47167,-7.62301,102,49
40.48045,-7.62551,32,17
40.48922,-7.628,167,59
40.49799,-7.63049,213,89
40.51554,-7.63549,34,7
40.53308,-7.64048,7,5
40.54186,-7.64298,2,0
40.57694,-7.65299,17,3
40.61202,-7.66301,19,6
40.63833,-7.67054,44,18
40.6471,-7.67305,39,23
40.65587,-7.67556,93,38
40.66464,-7.67807,4,0
40.67341,-7.68059,66,23
40.68218,-7.6831,227,71
40.69095,-7.68562,6,0
40.70849,-7.69065,50,18
40.71726,-7.69317,125,61
40.73479,-7.69821,10,0
40.74356,-7.70073,141,46
40.75233,-7.70325,35,2
40.76986,-7.7083,7,3
40.77863,-7.71083,3,0
40.83999,-7.72853,56,10
40.84876,-7.73106,769,161
40.85752,-7.7336,130,22
40.89258,-7.74374,258,108
40.90135,-7.74628,117,37
40.97146,-7.76663,4,3
40.98022,-7.76917,39,12
40.98899,-7.77172,40,15
41.00651,-7.77682,261,55
41.01527,-7.77937,972,131
41.02403,-7.78193,589,75
41.0328,-7.78448,163,36
41.04156,-7.78704,176,40
41.05032,-7.78959,268,84
41.05908,-7.79215,386,97
41.06784,-7.7947,190,72
41.0766,-7.79726,216,59
41.08536,-7.79982,288,102
41.09412,-7.80238,1161,307
41.10288,-7.80494,2468,743
41.11165,-7.80751,1270,130
41.12041,-7.81007,226,47
41.12916,-7.81263,245,65
41.13792,-7.8152,130,46
41.14668,-7.81776,41,13
41.15544,-7.82033,169,39
41.1642,-7.8229,308,74
41.17296,-7.82547,201,45
41.18172,-7.82804,68,12
41.19048,-7.83061,116,27
41.19924,-7.83318,170,40
41.208,-7.83576,119,37
41.21675,-7.83833,27,8
41.22551,-7.8409,123,39
41.23427,-7.84348,35,20
41.24303,-7.84606,29,12
41.25178,-7.84864,84,44
41.2693,-7.8538,19,9
41.27806,-7.85638,89,32
41.28681,-7.85896,82,20
41.29557,-7.86154,95,30
41.30432,-7.86413,28,12
41.31308,-7.86671,13,6
41.3481,-7.87706,6,0
41.35686,-7.87965,9,2
41.36561,-7.88224,28,17
41.40939,-7.89521,12,2
41.41814,-7.89781,33,8
41.4444,-7.90561,12,4
41.45315,-7.90821,5,1
41.46191,-7.91081,23,8
41.47066,-7.91341,147,24
41.47941,-7.91602,57,15
41.49692,-7.92123,158,42
41.50567,-7.92383,37,8
41.51442,-7.92644,18,3
41.52317,-7.92905,33,9
41.53193,-7.93166,25,8
41.54068,-7.93427,41,12
41.56693,-7.94211,32,18
41.59318,-7.94996,12,4
41.61068,-7.9552,32,8
41.61943,-7.95782,21,9
41.62818,-7.96044,68,19
41.63693,-7.96306,1,0
41.65443,-7.96831,32,10
41.67193,-7.97356,43,23
41.69817,-7.98144,57,14
41.70692,-7.98407,32,11
41.71567,-7.98671,63,26
41.72442,-7.98934,8,3
41.73316,-7.99197,40,11
41.74191,-7.99461,13,8
41.75066,-7.99724,25,8
38.12479,-6.97877,204,67
38.13361,-6.98102,1061,296
38.82115,-7.15946,5,2
38.85638,-7.16875,80,79
38.86518,-7.17107,1072,138
38.87399,-7.1734,2775,705
38.88279,-7.17572,863,188
38.8916,-7.17805,55,10
38.90041,-7.18038,34,11
38.90921,-7.18271,4,2
38.91802,-7.18504,13,0
38.96204,-7.1967,1,0
39.11169,-7.23652,4,0
39.1381,-7.24357,2,2
39.1645,-7.25063,13,2
39.1733,-7.25298,30,6
39.1909,-7.2577,8,3
39.2261,-7.26713,5,4
39.2349,-7.2695,25,11
39.2525,-7.27422,3,0
39.28769,-7.28368,4,2
39.29649,-7.28605,2,2
39.41084,-7.31691,2,2
39.41964,-7.31929,2,1
39.42843,-7.32167,4,1
39.68341,-7.39111,296,184
39.6922,-7.39352,1,1
39.73615,-7.40557,6,0
39.75372,-7.4104,4,0
39.9031,-7.45158,14,0
39.91189,-7.45401,1592,561
39.92067,-7.45644,1131,359
39.92946,-7.45887,11,1
39.93824,-7.46131,6,1
39.96459,-7.46861,3,2
39.99973,-7.47837,1,1
40.00851,-7.48081,5,1
40.01729,-7.48325,7,0
40.02608,-7.48569,65,31
40.03486,-7.48814,355,134
40.04364,-7.49058,5,1
40.05242,-7.49303,4,3
40.06999,-7.49792,3,2
40.07877,-7.50037,94,38
40.08755,-7.50282,2,0
40.12268,-7.51262,1,1
40.13146,-7.51508,473,97
40.14024,-7.51753,627,151
40.14902,-7.51999,52,5
40.1578,-7.52244,46,8
40.16658,-7.5249,23,8
40.17536,-7.52736,12,2
40.18414,-7.52982,2,2
40.19292,-7.53228,5,0
40.2017,-7.53474,38,6
40.21048,-7.5372,158,26
40.22803,-7.54213,71,14
40.23681,-7.54459,40,10
40.46499,-7.60901,61,18
40.47376,-7.6115,14,4
40.48254,-7.61399,4,2
40.49131,-7.61649,31,6
40.50008,-7.61898,97,41
40.50886,-7.62147,92,11
40.51763,-7.62397,11,2
40.53518,-7.62896,83,34
40.54395,-7.63146,303,125
40.57026,-7.63896,3,1
40.57904,-7.64146,222,78
40.58781,-7.64396,4,0
40.60535,-7.64897,95,44
40.61412,-7.65148,206,62
40.62289,-7.65398,13,4
40.64043,-7.659,71,30
40.6492,-7.66151,28,10
40.65797,-7.66402,16,12
40.68428,-7.67156,56,26
40.71059,-7.6791,5,4
40.71936,-7.68162,59,20
40.72812,-7.68414,46,15
40.75443,-7.6917,36,6
40.7632,-7.69422,89,31
40.77196,-7.69674,9,6
40.78073,-7.69926,35,14
40.7895,-7.70179,4,0
40.79827,-7.70431,72,24
40.80703,-7.70684,61,31
40.8158,-7.70937,10,3
40.85086,-7.71949,169,78
40.85963,-7.72202,143,35
40.89469,-7.73216,61,24
40.90346,-7.7347,44,15
40.94728,-7.7474,3,3
40.95604,-7.74994,3,3
41.01738,-7.76777,342,92
41.02615,-7.77032,839,124
41.03491,-7.77288,290,47
41.04367,-7.77543,159,40
41.05243,-7.77798,238,118
41.06119,-7.78054,78,20
41.06996,-7.78309,84,23
41.07872,-7.78565,135,54
41.08748,-7.78821,62,15
41.09624,-7.79077,39,15
41.105,-7.79333,1357,113
41.11376,-7.79589,209,58
41.12252,-7.79845,309,84
41.13128,-7.80101,553,159
41.14004,-7.80357,98,34
41.1488,-7.80614,97,37
41.15756,-7.80871,369,122
41.16632,-7.81127,515,154
41.17508,-7.81384,45,14
41.18384,-7.81641,235,85
41.1926,-7.81898,139,56
41.20136,-7.82155,176,51
41.21011,-7.82412,141,52
41.21887,-7.82669,3,0
41.22763,-7.82927,91,36
41.24515,-7.83442,3,0
41.25391,-7.83699,6,2
41.26266,-7.83957,11,1
41.27142,-7.84215,14,7
41.28018,-7.84473,74,7
41.3152,-7.85506,105,46
41.38525,-7.87576,7,4
41.41151,-7.88354,183,56
41.42027,-7.88614,136,42
41.44653,-7.89393,2,1
41.45528,-7.89653,13,2
41.46404,-7.89913,65,21
41.47279,-7.90173,12,4
41.4903,-7.90694,5,3
41.49905,-7.90954,129,33
41.5078,-7.91215,218,99
41.51655,-7.91475,28,9
41.52531,-7.91736,16,12
41.54281,-7.92258,2,1
41.55156,-7.92519,8,1
41.56031,-7.9278,19,7
41.56906,-7.93041,2,2
41.57781,-7.93303,7,3
41.59532,-7.93826,11,4
41.60407,-7.94087,2,2
41.63032,-7.94873,15,6
41.63907,-7.95135,202,63
41.64782,-7.95397,11,5
41.66532,-7.95922,32,12
41.67406,-7.96184,81,35
41.68281,-7.96447,4,0
41.70031,-7.96972,12,2
41.70906,-7.97235,8,4
41.71781,-7.97498,22,6
41.72656,-7.97761,20,4
41.7353,-7.98024,6,1
38.84079,-7.15285,1,0
38.8584,-7.1575,23,6
38.86721,-7.15982,957,208
38.87602,-7.16215,2324,617
38.88482,-7.16447,1674,428
38.89363,-7.1668,11,3
38.90244,-7.16912,4,0
38.92005,-7.17378,3,0
38.92885,-7.17611,7,0
39.07852,-7.21584,5,0
39.08733,-7.21819,4,0
39.09613,-7.22053,3,0
39.28093,-7.27,6,4
39.28973,-7.27237,7,4
39.29853,-7.27473,3,3
39.90517,-7.44016,2,0
39.91395,-7.44259,12,2
39.92274,-7.44502,98,17
39.93152,-7.44745,7,0
39.94909,-7.45232,2,1
39.97545,-7.45962,10,3
39.98423,-7.46206,11,1
39.99301,-7.4645,4,2
40.01058,-7.46937,1,0
40.02815,-7.47426,64,27
40.03693,-7.4767,345,142
40.04571,-7.47914,10,2
40.0545,-7.48159,4,0
40.07206,-7.48648,17,2
40.08084,-7.48892,20,4
40.09841,-7.49382,1,0
40.13353,-7.50362,2181,644
40.14231,-7.50608,2454,454
40.15109,-7.50853,127,16
40.15988,-7.51099,34,6
40.16866,-7.51344,8,3
40.17744,-7.5159,23,6
40.195,-7.52082,210,65
40.20378,-7.52327,181,66
40.21255,-7.52574,783,252
40.22133,-7.5282,46,15
40.23011,-7.53066,1163,273
40.23889,-7.53312,343,115
40.24767,-7.53559,115,60
40.30912,-7.55286,30,3
40.46708,-7.5975,122,63
40.47585,-7.59999,117,40
40.48463,-7.60248,60,21
40.4934,-7.60497,152,43
40.50217,-7.60746,191,41
40.51095,-7.60996,144,58
40.51972,-7.61245,316,120
40.52849,-7.61494,13,1
40.53727,-7.61744,39,12
40.54604,-7.61994,110,38
40.58113,-7.62993,22,5
40.5899,-7.63243,21,5
40.59867,-7.63494,51,22
40.60744,-7.63744,65,22
40.61621,-7.63994,26,6
40.62499,-7.64245,18,2
40.63376,-7.64495,42,20
40.64253,-7.64746,35,15
40.6513,-7.64997,55,18
40.66007,-7.65248,111,85
40.71269,-7.66755,1,1
40.72145,-7.67007,232,89
40.73022,-7.67258,170,53
40.73899,-7.6751,23,3
40.74776,-7.67762,6,0
40.75653,-7.68014,393,185
40.78283,-7.6877,37,4
40.7916,-7.69022,484,163
40.80037,-7.69275,11,2
40.80913,-7.69527,11,8
40.8179,-7.6978,64,34
40.82667,-7.70033,3,2
40.85297,-7.70791,7,0
40.86173,-7.71045,213,86
40.8705,-7.71298,56,28
40.8968,-7.72058,18,1
40.92309,-7.72819,5,5
40.93186,-7.73073,5,3
40.94939,-7.73581,34,14
40.95815,-7.73835,9,7
40.97568,-7.74344,81,44
40.9932,-7.74853,115,48
41.00197,-7.75107,39,5
41.01073,-7.75362,73,24
41.01949,-7.75617,66,20
41.02826,-7.75872,251,73
41.03702,-7.76127,166,44
41.04578,-7.76382,33,3
41.05454,-7.76637,25,7
41.06331,-7.76893,24,8
41.07207,-7.77148,104,45
41.08083,-7.77404,157,46
41.08959,-7.77659,58,17
41.09835,-7.77915,15,8
41.10711,-7.78171,41,10
41.11587,-7.78427,10,3
41.12463,-7.78683,728,173
41.1334,-7.78939,57,11
41.14216,-7.79195,36,6
41.15092,-7.79451,42,9
41.15968,-7.79708,655,127
41.16844,-7.79964,2713,649
41.1772,-7.80221,178,44
41.18596,-7.80478,285,112
41.19471,-7.80734,106,25
41.20347,-7.80991,60,22
41.21223,-7.81248,33,13
41.22099,-7.81505,23,6
41.22975,-7.81763,335,97
41.24727,-7.82277,34,6
41.25602,-7.82535,88,23
41.26478,-7.82792,30,11
41.2823,-7.83308,75,10
41.29106,-7.83566,58,14
41.29981,-7.83824,118,62
41.36986,-7.85891,6,1
41.37862,-7.8615,7,4
41.39613,-7.86668,45,26
41.41364,-7.87187,85,25
41.42239,-7.87446,3,0
41.44866,-7.88225,5,1
41.46616,-7.88745,44,16
41.47492,-7.89005,6,2
41.48367,-7.89265,96,20
41.49242,-7.89525,119,33
41.50118,-7.89785,65,18
41.50993,-7.90046,134,46
41.54494,-7.91088,73,19
41.55369,-7.91349,23,10
41.57995,-7.92133,47,17
41.5887,-7.92394,3,1
41.61495,-7.93178,24,9
41.6237,-7.9344,14,2
41.63245,-7.93702,29,15
41.6412,-7.93964,134,68
41.64995,-7.94226,161,36
41.6587,-7.94488,22,6
41.66745,-7.9475,8,0
41.6762,-7.95012,36,9
41.68495,-7.95275,42,22
41.70245,-7.958,15,8
41.73744,-7.96852,22,5
41.74619,-7.97115,7,4
41.76369,-7.97641,17,5
41.77243,-7.97905,2,0
38.8252,-7.13697,4,0
38.86924,-7.14857,7,1
38.87805,-7.15089,346,17
38.88685,-7.15322,1893,497
38.89566,-7.15554,66,19
38.90447,-7.15787,12,3
38.91327,-7.16019,1,0
38.9573,-7.17184,2,0
39.15098,-7.22333,2,1
39.16858,-7.22803,8,1
39.17738,-7.23039,7,3
39.18618,-7.23274,18,8
39.19498,-7.23509,2,0
39.27418,-7.25632,8,3
39.28298,-7.25868,14,8
39.83694,-7.40936,3,1
39.91602,-7.43117,3,3
39.92481,-7.4336,10,1
39.95116,-7.44089,6,1
39.9863,-7.45063,313,94
39.99508,-7.45307,18,10
40.00387,-7.4555,2,0
40.01265,-7.45794,6,0
40.02144,-7.46038,7,2
40.03022,-7.46282,3,1
40.039,-7.46526,3,0
40.04779,-7.4677,2,2
40.05657,-7.47014,10,3
40.06535,-7.47259,20,2
40.07413,-7.47503,18,5
40.08292,-7.47748,5,1
40.0917,-7.47992,2,0
40.10926,-7.48482,1,0
40.11804,-7.48727,338,111
40.12683,-7.48972,36,12
40.13561,-7.49217,1212,348
40.14439,-7.49462,1516,387
40.15317,-7.49707,558,95
40.16195,-7.49953,181,68
40.17073,-7.50198,106,31
40.17951,-7.50444,2,2
40.18829,-7.50689,3,0
40.19707,-7.50935,80,17
40.20585,-7.51181,152,46
40.21463,-7.51427,18,7
40.22341,-7.51673,11,3
40.23219,-7.51919,429,36
40.24097,-7.52165,1671,480
40.24975,-7.52411,46,10
40.29364,-7.53644,4,0
40.3112,-7.54138,5,0
40.47794,-7.58848,10,3
40.48672,-7.59097,582,199
40.49549,-7.59346,1813,670
40.50426,-7.59595,37,11
40.51304,-7.59844,62,36
40.52181,-7.60093,26,7
40.57445,-7.6159,3,0
40.58322,-7.6184,1,0
40.59199,-7.6209,3,0
40.60076,-7.6234,35,12
40.60954,-7.6259,62,27
40.63585,-7.63342,42,16
40.64462,-7.63592,48,8
40.65339,-7.63843,16,11
40.66216,-7.64093,17,9
40.67093,-7.64344,5,4
40.6797,-7.64595,83,32
40.69724,-7.65097,36,8
40.70601,-7.65349,5,1
40.72355,-7.65851,25,8
40.74986,-7.66606,15,6
40.75863,-7.66858,128,55
40.77616,-7.67362,73,27
40.78493,-7.67614,27,4
40.7937,-7.67866,88,25
40.80247,-7.68118,3,0
40.81123,-7.68371,98,47
40.82,-7.68623,51,32
40.82877,-7.68876,33,10
40.83754,-7.69128,34,24
40.86384,-7.69887,76,29
40.8726,-7.7014,6,1
40.8989,-7.709,63,37
40.90767,-7.71153,5,0
40.9252,-7.7166,4,4
40.95149,-7.72422,63,22
40.96026,-7.72676,50,13
40.97778,-7.73184,54,25
40.98655,-7.73438,4,2
40.99531,-7.73693,13,10
41.01284,-7.74202,207,45
41.0216,-7.74457,159,49
41.03037,-7.74711,82,23
41.03913,-7.74966,155,45
41.04789,-7.75221,144,33
41.05665,-7.75476,140,58
41.06542,-7.75731,61,34
41.07418,-7.75987,8,4
41.08294,-7.76242,27,3
41.10046,-7.76753,104,26
41.10923,-7.77009,1,1
41.11799,-7.77265,22,5
41.12675,-7.77521,5,4
41.13551,-7.77776,19,5
41.14427,-7.78033,11,7
41.15303,-7.78289,396,59
41.16179,-7.78545,2757,579
41.17055,-7.78801,741,273
41.17931,-7.79058,122,35
41.18807,-7.79314,168,38
41.19683,-7.79571,54,12
41.20559,-7.79828,196,50
41.21435,-7.80085,9,2
41.22311,-7.80342,58,20
41.23187,-7.80599,81,36
41.24938,-7.81113,193,77
41.25814,-7.8137,80,32
41.2669,-7.81628,146,48
41.27566,-7.81885,187,39
41.28442,-7.82143,49,20
41.29317,-7.82401,8,5
41.30193,-7.82659,6,3
41.36323,-7.84466,44,26
41.37199,-7.84725,14,6
41.38074,-7.84984,9,7
41.3895,-7.85243,30,7
41.39825,-7.85502,21,8
41.40701,-7.85761,61,22
41.41576,-7.8602,18,11
41.45078,-7.87057,38,14
41.45954,-7.87317,101,34
41.4858,-7.88096,75,27
41.49455,-7.88356,33,8
41.50331,-7.88617,4,0
41.51206,-7.88877,56,22
41.52081,-7.89137,87,34
41.52956,-7.89398,51,25
41.56457,-7.9044,10,3
41.59958,-7.91485,21,5
41.60833,-7.91746,16,10
41.61708,-7.92008,6,4
41.62583,-7.92269,27,13
41.66959,-7.93578,16,11
41.67834,-7.93841,3,0
41.69583,-7.94365,2,0
41.70458,-7.94628,3,0
41.73958,-7.95679,21,8
41.74833,-7.95942,8,2
41.76582,-7.96468,11,4
38.88007,-7.13964,177,15
38.88888,-7.14196,53,10
38.89769,-7.14429,52,14
38.90649,-7.14661,11,1
39.04738,-7.18391,2,0
39.16182,-7.21439,1,0
39.17062,-7.21674,19,6
39.17942,-7.21909,6,1
39.27622,-7.24501,8,5
39.77748,-7.38104,2,0
39.86536,-7.40521,1,0
39.88294,-7.41005,9,0
39.89173,-7.41248,2,0
39.90051,-7.4149,2,0
39.91808,-7.41975,4,0
39.97958,-7.43677,4,0
39.98837,-7.4392,396,182
39.99715,-7.44163,15,7
40.00594,-7.44407,1,0
40.03229,-7.45138,1,0
40.04986,-7.45626,7,1
40.05864,-7.4587,13,3
40.06742,-7.46114,56,14
40.07621,-7.46359,41,9
40.08499,-7.46603,18,5
40.09377,-7.46848,244,91
40.10255,-7.47092,337,137
40.11134,-7.47337,27,11
40.12012,-7.47582,41,3
40.1289,-7.47826,236,70
40.13768,-7.48071,144,28
40.14646,-7.48316,70,21
40.15524,-7.48561,36,9
40.16403,-7.48807,60,15
40.17281,-7.49052,110,89
40.18159,-7.49297,4,1
40.19037,-7.49543,47,13
40.19915,-7.49788,149,36
40.20793,-7.50034,51,13
40.21671,-7.5028,3,0
40.22549,-7.50526,6,2
40.23427,-7.50772,184,19
40.24305,-7.51018,405,67
40.25183,-7.51264,283,88
40.26061,-7.5151,440,109
40.26939,-7.51757,575,166
40.27816,-7.52003,89,31
40.28694,-7.5225,51,23
40.29572,-7.52496,7,4
40.3835,-7.54967,4,3
40.40105,-7.55463,6,3
40.4888,-7.57945,31,7
40.49758,-7.58194,193,107
40.50635,-7.58443,72,27
40.51512,-7.58692,229,89
40.5239,-7.58941,14,5
40.56777,-7.60188,6,1
40.57654,-7.60438,123,46
40.58531,-7.60687,38,10
40.6204,-7.61687,54,21
40.63794,-7.62188,60,13
40.64671,-7.62438,8,2
40.66426,-7.62939,57,27
40.67303,-7.6319,12,4
40.6818,-7.63441,6,5
40.69057,-7.63691,4,0
40.69934,-7.63942,99,31
40.70811,-7.64193,2,1
40.74319,-7.65199,39,13
40.75195,-7.6545,59,17
40.76072,-7.65702,78,33
40.76949,-7.65954,7,2
40.77826,-7.66205,66,23
40.78703,-7.66457,49,9
40.7958,-7.66709,4,2
40.80457,-7.66962,116,25
40.81333,-7.67214,6,3
40.8221,-7.67466,7,3
40.83964,-7.67971,2,0
40.86594,-7.68729,6,4
40.8747,-7.68982,68,28
40.88347,-7.69235,125,74
40.89224,-7.69488,6,2
40.96236,-7.71516,3,0
40.97113,-7.7177,10,2
40.97989,-7.72024,103,20
40.99742,-7.72533,30,6
41.00618,-7.72787,39,12
41.01495,-7.73042,4,1
41.03247,-7.73551,98,32
41.04124,-7.73805,11,2
41.05,-7.7406,130,44
41.05876,-7.74315,24,11
41.06753,-7.7457,41,20
41.07629,-7.74825,4,1
41.08505,-7.75081,48,17
41.09381,-7.75336,14,5
41.10257,-7.75591,149,58
41.11134,-7.75847,26,5
41.1201,-7.76103,14,4
41.12886,-7.76358,616,187
41.13762,-7.76614,15,4
41.14638,-7.7687,4,0
41.15514,-7.77126,180,54
41.1639,-7.77382,267,15
41.17266,-7.77638,39,11
41.18142,-7.77895,103,36
41.19018,-7.78151,309,120
41.19894,-7.78408,59,16
41.2077,-7.78664,704,143
41.21646,-7.78921,155,30
41.22522,-7.79178,236,92
41.23398,-7.79435,24,8
41.24274,-7.79692,2,1
41.2515,-7.79949,10,4
41.26026,-7.80206,69,23
41.26902,-7.80463,70,21
41.27778,-7.80721,101,20
41.28653,-7.80978,153,37
41.29529,-7.81236,99,34
41.31281,-7.81751,1,0
41.36535,-7.833,5,4
41.37411,-7.83558,27,10
41.39162,-7.84076,61,17
41.40038,-7.84335,5,1
41.40913,-7.84593,68,23
41.41789,-7.84852,53,8
41.42664,-7.85112,40,16
41.46166,-7.86149,74,16
41.47042,-7.86408,135,40
41.47917,-7.86668,7,2
41.48792,-7.86928,47,10
41.49668,-7.87188,9,2
41.51419,-7.87708,71,23
41.52294,-7.87968,31,15
41.53169,-7.88228,6,1
41.57546,-7.89531,30,10
41.62797,-7.91098,2,2
41.65422,-7.91883,18,2
41.66297,-7.92145,5,2
41.67172,-7.92407,19,3
41.69797,-7.93193,40,20
41.70672,-7.93455,28,17
41.71547,-7.93718,51,31
41.75921,-7.95031,15,4
41.76796,-7.95294,2,0
41.80295,-7.96348,1,1
38.87329,-7.12607,2,1
38.8821,-7.12839,4,4
38.89091,-7.13071,40,9
38.89971,-7.13303,42,7
38.91733,-7.13768,1,0
38.94375,-7.14465,5,0
39.04061,-7.1703,2,1
39.15505,-7.20074,16,5
39.16385,-7.20309,9,3
39.17265,-7.20544,23,9
39.87621,-7.39622,43,19
39.885,-7.39864,506,226
39.89379,-7.40106,39,8
39.90257,-7.40349,7,2
39.92015,-7.40834,39,9
39.92893,-7.41076,200,73
39.95529,-7.41804,1,0
39.97286,-7.4229,2,2
39.99043,-7.42777,6,1
40.04314,-7.44238,7,2
40.05192,-7.44482,41,19
40.06071,-7.44726,56,11
40.06949,-7.4497,7,1
40.07827,-7.45214,16,6
40.08706,-7.45458,46,9
40.09584,-7.45703,65,16
40.10462,-7.45947,154,45
40.12219,-7.46436,8,3
40.13097,-7.46681,207,55
40.13975,-7.46926,70,9
40.14853,-7.47171,684,194
40.15732,-7.47416,128,35
40.1661,-7.47661,6,2
40.18366,-7.48151,8,3
40.19244,-7.48396,30,6
40.20122,-7.48642,58,18
40.21,-7.48887,32,6
40.21878,-7.49133,12,3
40.22756,-7.49379,8,5
40.23634,-7.49625,134,25
40.24512,-7.4987,498,82
40.2539,-7.50116,1082,202
40.26268,-7.50363,1219,262
40.27146,-7.50609,2246,473
40.28024,-7.50855,2880,1166
40.28902,-7.51101,1053,334
40.2978,-7.51348,75,25
40.38558,-7.53818,39,16
40.39435,-7.54065,436,162
40.40313,-7.54313,1445,530
40.41191,-7.54561,1,1
40.49089,-7.56794,4,1
40.49966,-7.57043,1,0
40.50844,-7.57291,7,2
40.51721,-7.5754,154,90
40.52599,-7.57789,235,84
40.53476,-7.58038,6,2
40.56108,-7.58786,21,0
40.59617,-7.59784,13,3
40.60494,-7.60034,114,35
40.61372,-7.60283,60,6
40.62249,-7.60533,153,59
40.64003,-7.61034,18,11
40.6488,-7.61284,76,44
40.66635,-7.61785,31,13
40.68389,-7.62286,46,17
40.69266,-7.62537,11,3
40.70143,-7.62787,343,107
40.7102,-7.63038,9,5
40.72774,-7.6354,7,3
40.73651,-7.63792,49,22
40.75405,-7.64294,52,29
40.76282,-7.64546,131,37
40.80666,-7.65805,6,2
40.81543,-7.66057,70,23
40.8242,-7.66309,4,1
40.83297,-7.66561,31,15
40.85927,-7.67319,60,26
40.8768,-7.67824,8,2
40.94693,-7.69849,17,7
40.97323,-7.70611,53,6
40.98199,-7.70865,626,236
40.99076,-7.71119,3,0
40.99952,-7.71373,7,0
41.01705,-7.71881,114,46
41.02582,-7.72136,137,40
41.03458,-7.7239,123,42
41.05211,-7.72899,165,51
41.06087,-7.73154,84,18
41.06963,-7.73409,78,23
41.08716,-7.73919,125,41
41.09592,-7.74174,265,115
41.10468,-7.74429,10,3
41.13097,-7.75196,77,25
41.13973,-7.75452,7,0
41.14849,-7.75707,3,0
41.16601,-7.76219,33,9
41.18354,-7.76731,126,45
41.1923,-7.76988,254,71
41.20106,-7.77244,201,60
41.20982,-7.775,337,102
41.21858,-7.77757,56,21
41.22734,-7.78014,48,21
41.2361,-7.7827,19,13
41.24486,-7.78527,48,13
41.25362,-7.78784,135,54
41.26237,-7.79041,138,50
41.27989,-7.79556,12,4
41.28865,-7.79813,70,14
41.29741,-7.8007,104,29
41.30617,-7.80328,94,30
41.31493,-7.80586,21,16
41.32368,-7.80843,143,36
41.33244,-7.81101,12,4
41.38498,-7.8265,9,4
41.39374,-7.82909,17,2
41.4025,-7.83168,22,11
41.42001,-7.83685,5,1
41.42876,-7.83944,1,1
41.45503,-7.84721,20,2
41.46378,-7.84981,88,26
41.47254,-7.8524,327,87
41.48129,-7.855,143,43
41.51631,-7.86539,1,0
41.52506,-7.86799,1,1
41.57758,-7.88361,29,12
41.58634,-7.88622,3,0
41.62134,-7.89666,3,1
41.6301,-7.89927,12,5
41.6476,-7.9045,7,4
41.6651,-7.90973,6,1
41.67385,-7.91235,48,20
41.69135,-7.91759,2,2
41.7176,-7.92545,3,3
41.76135,-7.93858,30,13
41.7701,-7.94121,16,9
41.78759,-7.94647,81,25
41.79634,-7.9491,16,6
38.87532,-7.11482,1,0
38.88412,-7.11713,6,3
38.89293,-7.11945,100,14
38.91935,-7.12642,4,2
38.96339,-7.13804,4,0
39.12187,-7.18007,2,2
39.15708,-7.18944,302,113
39.16589,-7.19179,23,9
39.17469,-7.19414,7,2
39.8607,-7.37997,5,0
39.87827,-7.38481,5,0
39.88706,-7.38723,47,14
39.89585,-7.38965,5,0
39.92221,-7.39691,2,0
39.931,-7.39934,476,201
39.93978,-7.40176,15,1
39.97493,-7.41147,3,0
40.00128,-7.41877,6,1
40.03642,-7.4285,1,1
40.04521,-7.43094,9,5
40.05399,-7.43338,349,136
40.06278,-7.43582,553,242
40.07156,-7.43825,2,1
40.08034,-7.44069,11,2
40.08913,-7.44314,6,3
40.09791,-7.44558,9,4
40.10669,-7.44802,4,0
40.12426,-7.45291,3,0
40.13304,-7.45535,176,43
40.14182,-7.4578,25,2
40.15061,-7.46025,201,66
40.15939,-7.4627,226,62
40.16817,-7.46515,25,8
40.19451,-7.4725,8,2
40.2033,-7.47495,8,1
40.21208,-7.47741,3,3
40.22086,-7.47986,14,8
40.22964,-7.48232,2,1
40.23842,-7.48477,25,4
40.2472,-7.48723,293,49
40.25598,-7.48969,340,93
40.26476,-7.49215,183,30
40.27354,-7.49461,2094,428
40.28232,-7.49707,3353,1086
40.2911,-7.49953,2445,671
40.29988,-7.502,1257,428
40.39643,-7.52915,31,7
40.40521,-7.53163,385,123
40.41399,-7.5341,26,12
40.43154,-7.53906,3,0
40.51052,-7.5614,6,2
40.5193,-7.56388,28,8
40.52807,-7.56637,13,0
40.53684,-7.56886,3,2
40.54562,-7.57135,5,2
40.55439,-7.57384,15,6
40.56317,-7.57633,113,35
40.57194,-7.57882,112,70
40.58071,-7.58132,8,2
40.60703,-7.5888,19,8
40.61581,-7.5913,75,40
40.62458,-7.5938,6,4
40.64212,-7.5988,50,22
40.65967,-7.6038,31,10
40.66844,-7.6063,134,67
40.67721,-7.60881,1,1
40.75614,-7.63138,32,14
40.76491,-7.6339,128,56
40.81753,-7.649,32,10
40.8263,-7.65152,20,12
40.86137,-7.66161,44,17
40.8789,-7.66666,3,1
40.88767,-7.66919,115,44
40.9841,-7.69705,50,10
41.00163,-7.70212,237,110
41.01039,-7.70467,34,13
41.01916,-7.70721,77,24
41.02792,-7.70975,37,10
41.03668,-7.71229,2,2
41.05421,-7.71738,55,24
41.06298,-7.71993,9,2
41.07174,-7.72248,3,0
41.08927,-7.72757,4,0
41.09803,-7.73012,31,6
41.10679,-7.73268,11,2
41.11555,-7.73523,210,58
41.12432,-7.73778,110,32
41.13308,-7.74033,103,32
41.14184,-7.74289,13,3
41.1506,-7.74545,4,0
41.15936,-7.748,18,7
41.16812,-7.75056,70,19
41.17689,-7.75312,51,22
41.18565,-7.75568,4,3
41.19441,-7.75824,248,92
41.20317,-7.7608,57,12
41.21193,-7.76337,13,2
41.22069,-7.76593,46,17
41.22945,-7.7685,87,32
41.23821,-7.77106,68,23
41.24697,-7.77363,87,40
41.25573,-7.7762,307,101
41.26449,-7.77877,110,18
41.27325,-7.78134,89,33
41.28201,-7.78391,168,62
41.29077,-7.78648,431,111
41.29952,-7.78905,70,23
41.31704,-7.7942,127,39
41.3258,-7.79678,13,1
41.3871,-7.81484,4,3
41.42213,-7.82518,11,4
41.43088,-7.82776,13,3
41.4484,-7.83294,64,27
41.45715,-7.83553,65,16
41.46591,-7.83813,82,25
41.47466,-7.84072,129,29
41.48342,-7.84331,45,13
41.51844,-7.8537,4,2
41.52719,-7.8563,63,24
41.57096,-7.86931,5,2
41.60597,-7.87973,7,5
41.68473,-7.90325,3,2
41.70223,-7.90848,49,20
41.71098,-7.91111,5,1
41.71973,-7.91373,40,22
41.75473,-7.92422,11,2
41.77223,-7.92947,32,17
41.78098,-7.9321,17,10
41.79848,-7.93736,15,9
41.83347,-7.94789,6,4
41.84222,-7.95053,137,56
38.8421,-7.0943,7,0
38.87734,-7.10356,6,0
38.95661,-7.12445,1,0
38.98303,-7.13143,2,0
38.99183,-7.13376,2,0
39.00945,-7.13841,1,1
39.15031,-7.1758,4,1
39.15912,-7.17815,17,5
39.16792,-7.18049,4,1
39.66058,-7.31323,2,1
39.81002,-7.35408,1,1
39.81881,-7.35649,1,0
39.86276,-7.36856,3,0
39.87155,-7.37097,3,0
39.88912,-7.37581,1,0
39.93306,-7.38792,123,48
39.94185,-7.39034,7,6
40.00335,-7.40733,6,1
40.01213,-7.40976,88,47
40.07363,-7.42681,7,3
40.08241,-7.42925,1,0
40.09119,-7.43169,8,3
40.09998,-7.43413,12,3
40.10876,-7.43657,196,66
40.12633,-7.44145,76,28
40.13511,-7.4439,332,124
40.14389,-7.44634,4,0
40.15268,-7.44879,4,0
40.19659,-7.46103,4,0
40.21415,-7.46594,14,3
40.22293,-7.46839,56,17
40.23171,-7.47084,19,7
40.24049,-7.4733,77,12
40.24927,-7.47576,11,3
40.25805,-7.47821,28,7
40.26683,-7.48067,81,11
40.27561,-7.48313,443,107
40.28439,-7.48559,150,29
40.29317,-7.48805,157,14
40.30195,-7.49051,426,142
40.31073,-7.49298,675,283
40.31951,-7.49544,3,1
40.39851,-7.51765,3,3
40.40729,-7.52013,40,8
40.41607,-7.5226,1,1
40.5126,-7.54988,5,1
40.52138,-7.55236,269,135
40.53015,-7.55485,33,13
40.53893,-7.55734,14,1
40.55648,-7.56231,1,0
40.57403,-7.56729,4,1
40.60912,-7.57727,6,6
40.61789,-7.57976,48,18
40.63544,-7.58476,29,11
40.64421,-7.58726,45,12
40.69684,-7.60227,27,12
40.72316,-7.60979,11,7
40.73193,-7.61229,23,0
40.74947,-7.61731,8,2
40.75824,-7.61982,52,20
40.76701,-7.62234,4,0
40.79332,-7.62988,12,6
40.80209,-7.63239,16,4
40.81962,-7.63743,8,1
40.82839,-7.63995,116,50
40.86347,-7.65003,27,20
40.88977,-7.6576,12,0
40.89854,-7.66013,8,4
40.9073,-7.66266,22,12
40.9862,-7.68545,24,3
40.99496,-7.68798,4,0
41.00373,-7.69052,197,63
41.01249,-7.69306,13,2
41.04755,-7.70323,228,64
41.05632,-7.70577,38,10
41.06508,-7.70832,135,33
41.07384,-7.71086,120,21
41.08261,-7.71341,5,0
41.09137,-7.71596,65,12
41.10013,-7.71851,92,32
41.1089,-7.72106,156,49
41.11766,-7.72361,192,63
41.12642,-7.72616,108,31
41.13519,-7.72871,23,7
41.14395,-7.73126,1,0
41.16147,-7.73637,7,1
41.17023,-7.73893,5,1
41.179,-7.74149,221,61
41.18776,-7.74405,197,49
41.19652,-7.74661,29,9
41.20528,-7.74917,93,20
41.21404,-7.75173,25,8
41.2228,-7.75429,144,66
41.23156,-7.75685,14,3
41.24032,-7.75942,14,3
41.24908,-7.76198,193,62
41.25784,-7.76455,208,78
41.2666,-7.76712,7,3
41.27536,-7.76969,28,10
41.28412,-7.77226,67,26
41.29288,-7.77483,76,17
41.30164,-7.7774,358,88
41.3104,-7.77997,274,65
41.31916,-7.78254,315,94
41.32792,-7.78512,16,6
41.33667,-7.78769,20,4
41.34543,-7.79027,6,1
41.37171,-7.798,95,43
41.38922,-7.80317,2,2
41.42425,-7.8135,33,11
41.44176,-7.81868,29,15
41.45052,-7.82126,44,17
41.45927,-7.82385,9,4
41.46803,-7.82644,112,39
41.47678,-7.82903,3,0
41.49429,-7.83422,9,1
41.5118,-7.83941,34,13
41.52056,-7.84201,55,16
41.52931,-7.8446,5,3
41.53807,-7.8472,3,0
41.54682,-7.8498,47,20
41.55557,-7.8524,10,5
41.56433,-7.855,47,12
41.57308,-7.8576,35,20
41.66061,-7.88368,60,34
41.68686,-7.89153,1,0
41.71311,-7.89938,38,26
41.72186,-7.902,56,24
41.74812,-7.90986,4,1
41.75687,-7.91249,21,10
41.79186,-7.92299,52,22
41.83561,-7.93615,6,3
41.84435,-7.93878,2,2
38.88817,-7.09463,3,0
38.91459,-7.10158,4,0
38.95863,-7.11318,2,0
39.03789,-7.13413,4,0
39.12593,-7.15748,2,0
39.15235,-7.16451,39,18
39.16115,-7.16685,23,5
39.6978,-7.31143,1,0
39.71538,-7.31623,4,2
39.72417,-7.31863,7,2
39.78571,-7.33545,4,0
39.88239,-7.36198,2,0
39.89118,-7.36439,4,1
39.91754,-7.37165,2,1
39.93512,-7.37649,352,181
39.94391,-7.37892,33,15
40.02298,-7.40076,25,13
40.04934,-7.40806,1,0
40.07569,-7.41536,1,0
40.08448,-7.4178,9,3
40.09326,-7.42024,14,0
40.10204,-7.42268,13,2
40.11083,-7.42512,198,76
40.11961,-7.42756,3,0
40.12839,-7.43,105,63
40.13718,-7.43244,25,8
40.15474,-7.43733,112,36
40.16353,-7.43978,2,0
40.19866,-7.44957,49,10
40.20744,-7.45202,160,36
40.225,-7.45692,24,8
40.23378,-7.45937,58,16
40.24256,-7.46183,32,6
40.25134,-7.46428,18,4
40.26012,-7.46674,119,11
40.2689,-7.46919,23,9
40.27768,-7.47165,100,17
40.28646,-7.47411,24,5
40.29524,-7.47657,1954,356
40.30402,-7.47903,208,64
40.3128,-7.48149,116,37
40.32158,-7.48395,29,11
40.39181,-7.50368,4,2
40.42692,-7.51357,2,0
40.4357,-7.51605,4,1
40.44448,-7.51852,2,2
40.51469,-7.53836,78,31
40.52346,-7.54084,240,106
40.53224,-7.54333,14,5
40.54101,-7.54581,1,1
40.57611,-7.55576,7,2
40.58488,-7.55825,20,4
40.61121,-7.56573,54,13
40.61998,-7.56823,8,1
40.62875,-7.57072,23,9
40.63752,-7.57322,3,0
40.6463,-7.57571,7,5
40.65507,-7.57821,49,24
40.72525,-7.59823,7,2
40.77787,-7.61328,16,6
40.78664,-7.6158,1,1
40.82172,-7.62586,14,6
40.84802,-7.63341,7,1
40.85679,-7.63593,4,0
40.90063,-7.64855,8,4
40.9094,-7.65107,74,39
40.9883,-7.67385,74,32
41.00583,-7.67892,22,1
41.02336,-7.684,8,1
41.03213,-7.68654,116,38
41.07595,-7.69925,13,4
41.08471,-7.70179,25,5
41.09348,-7.70434,81,29
41.10224,-7.70689,8,1
41.111,-7.70943,57,11
41.11977,-7.71198,43,14
41.14605,-7.71964,2,0
41.15482,-7.72219,1,1
41.16358,-7.72474,427,142
41.17234,-7.7273,84,28
41.1811,-7.72986,194,58
41.18986,-7.73241,72,24
41.19863,-7.73497,80,22
41.20739,-7.73753,19,7
41.21615,-7.74009,24,5
41.22491,-7.74265,38,12
41.23367,-7.74521,41,22
41.24243,-7.74778,17,2
41.25995,-7.7529,6,2
41.26871,-7.75547,2,1
41.27747,-7.75804,196,54
41.28623,-7.7606,387,106
41.29499,-7.76317,973,92
41.30375,-7.76574,446,46
41.31251,-7.76831,976,241
41.32127,-7.77089,446,119
41.33003,-7.77346,203,62
41.44388,-7.807,13,2
41.45263,-7.80958,35,11
41.46139,-7.81217,62,22
41.47015,-7.81476,18,2
41.4789,-7.81735,6,0
41.49641,-7.82253,10,2
41.50517,-7.82513,15,2
41.51392,-7.82772,52,17
41.52268,-7.83031,29,11
41.53143,-7.83291,16,5
41.54019,-7.83551,2,1
41.54894,-7.8381,2,2
41.59271,-7.85111,24,16
41.66273,-7.87197,4,2
41.69774,-7.88242,10,7
41.70649,-7.88504,15,6
41.71524,-7.88765,22,8
41.72399,-7.89027,12,6
41.7415,-7.89551,39,17
41.75025,-7.89813,19,9
41.759,-7.90075,20,8
41.78525,-7.90863,15,3
38.94304,-7.09728,1,0
38.97827,-7.10656,2,2
39.03991,-7.12285,4,0
39.05753,-7.12751,156,42
39.14557,-7.15087,2,2
39.15438,-7.15321,1,1
39.72622,-7.30724,8,0
39.82292,-7.33368,2,0
39.83171,-7.33609,5,0
39.87566,-7.34815,3,1
39.89324,-7.35298,96,28
39.90203,-7.35539,3,3
39.91081,-7.35781,3,1
39.9899,-7.37961,2,0
40.01626,-7.38689,6,4
40.02504,-7.38932,95,54
40.03383,-7.39175,1,0
40.06019,-7.39905,2,2
40.06897,-7.40148,5,1
40.07776,-7.40392,6,4
40.08654,-7.40635,2,2
40.09532,-7.40879,2,0
40.10411,-7.41123,17,4
40.11289,-7.41366,110,46
40.13924,-7.42098,8,4
40.14803,-7.42343,11,3
40.15681,-7.42587,312,82
40.16559,-7.42831,10,1
40.19194,-7.43565,1,0
40.20072,-7.4381,35,4
40.20951,-7.44055,328,98
40.21829,-7.443,3,0
40.22707,-7.44545,45,11
40.23585,-7.4479,706,244
40.24463,-7.45035,41,3
40.25341,-7.4528,16,6
40.26219,-7.45526,10,6
40.27098,-7.45771,9,2
40.28854,-7.46263,2,1
40.29732,-7.46508,189,39
40.3061,-7.46754,443,95
40.31488,-7.47,89,28
40.40267,-7.49465,19,7
40.41144,-7.49712,9,5
40.50799,-7.52436,75,11
40.51677,-7.52684,54,27
40.52554,-7.52932,35,14
40.53432,-7.5318,13,5
40.54309,-7.53429,14,8
40.55187,-7.53677,26,12
40.58697,-7.54672,60,20
40.60452,-7.5517,5,2
40.61329,-7.55419,93,53
40.62206,-7.55669,5,4
40.63084,-7.55918,10,2
40.63961,-7.56168,107,70
40.65716,-7.56667,72,34
40.66593,-7.56917,82,60
40.70102,-7.57917,35,25
40.71856,-7.58417,67,33
40.74488,-7.59169,91,56
40.75365,-7.59419,27,11
40.77119,-7.59921,26,17
40.77996,-7.60172,75,20
40.78873,-7.60423,3,0
40.7975,-7.60674,5,5
40.80627,-7.60926,6,6
40.82381,-7.61428,25,19
40.83258,-7.6168,10,4
40.85012,-7.62183,30,11
40.85889,-7.62435,130,62
40.9115,-7.63948,13,6
40.92026,-7.64201,106,43
40.92903,-7.64454,2,2
40.98163,-7.65971,219,100
40.9904,-7.66225,26,2
40.99916,-7.66478,4,3
41.00793,-7.66732,3,0
41.05176,-7.68001,66,23
41.06929,-7.68509,85,21
41.07805,-7.68763,76,28
41.08681,-7.69018,33,7
41.09558,-7.69272,51,8
41.10434,-7.69527,551,139
41.11311,-7.69781,51,12
41.12187,-7.70036,10,4
41.13063,-7.70291,41,12
41.15692,-7.71056,3,0
41.16568,-7.71311,39,6
41.18321,-7.71822,127,33
41.19197,-7.72078,3,0
41.20073,-7.72333,15,4
41.2095,-7.72589,33,6
41.21826,-7.72845,46,11
41.22702,-7.73101,256,114
41.23578,-7.73357,18,6
41.24454,-7.73613,48,24
41.2533,-7.73869,274,106
41.26206,-7.74126,38,15
41.27082,-7.74382,3,1
41.27958,-7.74639,114,32
41.28834,-7.74895,31,6
41.2971,-7.75152,3038,722
41.30586,-7.75409,1464,353
41.31462,-7.75666,248,64
41.32338,-7.75923,331,85
41.33214,-7.7618,89,19
41.34966,-7.76695,14,11
41.46351,-7.80049,7,3
41.47226,-7.80308,17,8
41.48102,-7.80566,14,5
41.49853,-7.81084,4,1
41.51604,-7.81603,117,39
41.5248,-7.81862,11,7
41.53355,-7.82121,16,5
41.54231,-7.82381,123,53
41.55982,-7.829,20,6
41.56857,-7.8316,6,0
41.58608,-7.8368,21,5
41.59484,-7.8394,45,26
41.6211,-7.84721,2,0
41.6386,-7.85242,72,29
41.64736,-7.85503,9,4
41.65611,-7.85764,2,2
41.69987,-7.8707,4,2
41.70862,-7.87331,3,0
41.73487,-7.88116,30,13
41.74362,-7.88378,42,20
41.76113,-7.88902,25,10
41.77863,-7.89426,7,3
41.78738,-7.89689,8,1
41.79613,-7.89951,2,2
41.80488,-7.90214,55,27
38.86578,-7.06518,4,0
38.92744,-7.08138,5,1
38.94506,-7.08601,5,0
39.00671,-7.10226,2,0
39.03313,-7.10924,3,0
39.05955,-7.11623,479,128
39.73707,-7.29825,250,131
39.74586,-7.30065,45,11
39.83377,-7.32468,5,1
39.84256,-7.32709,2,0
39.89529,-7.34156,234,131
39.90408,-7.34398,10,3
39.9656,-7.36091,3,0
40.07103,-7.39003,2,0
40.0886,-7.3949,10,2
40.09739,-7.39734,5,4
40.10617,-7.39977,2,1
40.11496,-7.40221,84,49
40.15009,-7.41197,16,10
40.15888,-7.41441,2,2
40.18523,-7.42174,2,0
40.19401,-7.42418,19,10
40.20279,-7.42663,2,2
40.21157,-7.42908,6,0
40.22914,-7.43398,18,3
40.23792,-7.43643,172,20
40.2467,-7.43888,54,13
40.25548,-7.44133,27,4
40.27305,-7.44623,8,2
40.28183,-7.44869,4,2
40.29061,-7.45114,13,1
40.29939,-7.4536,61,8
40.30817,-7.45606,869,239
40.31695,-7.45852,1352,391
40.32573,-7.46098,74,27
40.36963,-7.47329,44,13
40.37841,-7.47575,193,55
40.40474,-7.48315,56,22
40.41352,-7.48562,190,78
40.45741,-7.49798,3,0
40.51007,-7.51284,334,153
40.5364,-7.52028,4,2
40.54517,-7.52276,7,1
40.55395,-7.52525,150,57
40.56272,-7.52773,1,0
40.58905,-7.53519,149,61
40.59782,-7.53768,1,1
40.6066,-7.54017,36,4
40.61537,-7.54266,426,124
40.62415,-7.54515,348,100
40.63292,-7.54764,22,0
40.64169,-7.55013,6,1
40.65047,-7.55263,90,42
40.65924,-7.55512,32,2
40.66801,-7.55762,18,1
40.68556,-7.56261,27,15
40.69433,-7.56511,37,21
40.7031,-7.56761,10,3
40.75574,-7.58263,16,8
40.77328,-7.58765,8,6
40.78205,-7.59015,37,29
40.79082,-7.59266,26,2
40.79959,-7.59517,22,9
40.80836,-7.59769,29,18
40.86098,-7.61277,6,5
40.87852,-7.61781,3,2
40.88729,-7.62033,167,76
40.90482,-7.62537,1,1
40.91359,-7.6279,45,12
40.92236,-7.63042,2,2
40.93113,-7.63295,1,1
40.93989,-7.63547,38,17
40.98373,-7.64811,249,62
40.9925,-7.65065,34,7
41.00126,-7.65318,2,2
41.01003,-7.65571,122,48
41.01879,-7.65825,25,8
41.06262,-7.67093,178,55
41.07139,-7.67347,22,5
41.08015,-7.67602,92,28
41.08892,-7.67856,239,67
41.09768,-7.6811,94,19
41.10644,-7.68365,294,31
41.11521,-7.68619,5,0
41.12397,-7.68874,10,7
41.13274,-7.69128,106,31
41.15903,-7.69893,6,4
41.17655,-7.70403,4,1
41.19408,-7.70914,26,14
41.20284,-7.7117,116,53
41.2116,-7.71425,31,7
41.22036,-7.71681,100,33
41.22913,-7.71937,81,24
41.23789,-7.72193,7,4
41.24665,-7.72449,1,1
41.25541,-7.72705,41,14
41.26417,-7.72961,201,49
41.27293,-7.73217,91,14
41.28169,-7.73474,510,113
41.29045,-7.7373,1142,247
41.29921,-7.73987,2085,583
41.30797,-7.74243,5992,1105
41.31673,-7.745,207,56
41.32549,-7.74757,521,122
41.33425,-7.75014,253,59
41.34301,-7.75271,70,7
41.43935,-7.78105,70,24
41.48314,-7.79398,6,1
41.49189,-7.79657,26,9
41.50065,-7.79915,102,42
41.51816,-7.80433,222,62
41.52692,-7.80693,44,15
41.53567,-7.80952,124,48
41.54443,-7.81211,73,29
41.55318,-7.81471,2,0
41.5882,-7.8251,20,1
41.62322,-7.8355,1,0
41.64073,-7.84071,48,28
41.64948,-7.84332,67,37
41.65823,-7.84592,10,2
41.71075,-7.86158,2,2
41.7195,-7.8642,3,2
41.737,-7.86943,134,56
41.74575,-7.87205,31,11
41.78951,-7.88515,45,18
41.80701,-7.89039,82,42
38.8678,-7.05393,2,0
38.87661,-7.05624,6,0
38.88542,-7.05855,2,2
38.95589,-7.07706,4,0
38.99993,-7.08867,8,0
39.00874,-7.09099,8,3
39.01754,-7.09331,2,1
39.02635,-7.09564,8,0
39.04396,-7.10029,2,1
39.07919,-7.1096,4,0
39.8534,-7.31809,3,1
39.89735,-7.33014,4,0
40.03795,-7.36887,7,0
40.04674,-7.3713,177,92
40.05552,-7.37373,18,14
40.06431,-7.37616,1,1
40.08188,-7.38102,3,0
40.09066,-7.38345,3,1
40.09945,-7.38589,21,11
40.10823,-7.38832,14,2
40.11702,-7.39076,19,7
40.13459,-7.39563,10,6
40.14337,-7.39807,18,6
40.15216,-7.40051,12,6
40.16094,-7.40295,7,1
40.16972,-7.40539,1,0
40.19607,-7.41272,39,13
40.2312,-7.4225,20,5
40.23999,-7.42495,36,12
40.24877,-7.4274,41,6
40.25755,-7.42985,22,7
40.26633,-7.4323,3,0
40.29268,-7.43966,12,5
40.30146,-7.44212,78,22
40.31024,-7.44457,40,14
40.31902,-7.44703,83,46
40.3278,-7.44949,72,28
40.33658,-7.45195,67,30
40.34536,-7.45441,26,7
40.3717,-7.46179,207,92
40.38048,-7.46425,54,22
40.46826,-7.48894,1,0
40.51215,-7.50132,5,1
40.52092,-7.50379,5,4
40.5297,-7.50627,98,61
40.53848,-7.50875,7,0
40.55603,-7.51372,6,1
40.5648,-7.5162,79,43
40.57358,-7.51869,70,35
40.60868,-7.52863,53,18
40.61745,-7.53112,124,31
40.62623,-7.53361,392,98
40.635,-7.5361,73,26
40.64378,-7.53859,14,3
40.65255,-7.54108,37,8
40.66132,-7.54358,3,1
40.68764,-7.55106,79,26
40.70519,-7.55606,162,71
40.73151,-7.56356,89,33
40.75782,-7.57107,24,19
40.76659,-7.57358,28,12
40.8543,-7.59868,2,1
40.88938,-7.60875,13,2
40.91568,-7.61631,34,5
40.92445,-7.61883,46,14
40.94199,-7.62388,34,13
40.95076,-7.6264,6,0
40.95952,-7.62893,75,23
40.97706,-7.63398,14,0
40.98582,-7.63651,49,17
40.99459,-7.63904,23,3
41.00336,-7.64158,94,29
41.02089,-7.64664,4,0
41.06472,-7.65932,41,1
41.07349,-7.66186,68,15
41.08225,-7.6644,77,25
41.09102,-7.66694,11,2
41.09978,-7.66948,14,0
41.11731,-7.67457,2,2
41.13484,-7.67966,5,1
41.1436,-7.6822,39,12
41.15237,-7.68475,172,67
41.16113,-7.6873,156,48
41.16989,-7.68985,4,0
41.17866,-7.6924,13,6
41.18742,-7.69495,91,21
41.20494,-7.70006,81,38
41.21371,-7.70261,6,1
41.22247,-7.70517,14,2
41.25752,-7.7154,7,0
41.26628,-7.71796,38,4
41.27504,-7.72052,47,7
41.2838,-7.72308,623,116
41.29256,-7.72565,2319,482
41.30132,-7.72821,2134,242
41.31008,-7.73078,1351,204
41.31884,-7.73334,1187,190
41.3276,-7.73591,462,121
41.33636,-7.73848,130,28
41.34512,-7.74105,205,43
41.35388,-7.74362,42,13
41.45898,-7.77454,27,13
41.49401,-7.78488,10,4
41.50277,-7.78746,55,14
41.51152,-7.79005,49,12
41.52028,-7.79264,638,121
41.52904,-7.79523,271,95
41.53779,-7.79782,63,16
41.54655,-7.80042,45,14
41.64285,-7.829,29,17
41.6516,-7.8316,24,9
41.66035,-7.83421,10,5
41.71287,-7.84986,49,11
41.72162,-7.85247,2,2
41.73037,-7.85508,18,5
41.74788,-7.86031,3,2
41.75663,-7.86293,22,9
41.76538,-7.86555,45,13
41.80913,-7.87865,30,10
38.87862,-7.04498,9,0
38.88743,-7.04729,7,2
38.89624,-7.0496,3,0
38.93148,-7.05885,4,0
38.9491,-7.06348,4,1
38.96672,-7.06811,23,7
38.97552,-7.07043,3,0
38.98433,-7.07275,4,0
38.99314,-7.07507,7,2
39.00195,-7.07739,6,0
39.01076,-7.07971,78,11
39.01956,-7.08204,42,16
39.02837,-7.08436,1,0
39.0724,-7.09599,2,0
39.74116,-7.27546,2,0
39.84666,-7.30427,8,2
39.87303,-7.31149,1,0
40.01365,-7.35015,7,0
40.03122,-7.355,2,1
40.04001,-7.35743,12,0
40.04879,-7.35985,88,46
40.05758,-7.36228,20,5
40.09272,-7.372,4,1
40.10151,-7.37443,57,17
40.1103,-7.37687,30,10
40.13665,-7.38417,3,3
40.14543,-7.38661,68,25
40.15422,-7.38905,104,49
40.163,-7.39149,82,35
40.17179,-7.39393,2,2
40.19814,-7.40125,5,0
40.23327,-7.41103,29,13
40.24205,-7.41348,15,3
40.25083,-7.41592,5,1
40.25962,-7.41837,14,3
40.29474,-7.42818,30,6
40.30353,-7.43063,18,4
40.31231,-7.43309,36,12
40.32109,-7.43554,77,14
40.32987,-7.438,12,5
40.33865,-7.44045,21,5
40.34743,-7.44291,41,17
40.38255,-7.45275,2,1
40.39133,-7.45522,2,2
40.47911,-7.4799,2,2
40.53178,-7.49475,3,1
40.54055,-7.49723,4,2
40.54933,-7.49971,3,0
40.56688,-7.50467,5,2
40.57566,-7.50715,7,2
40.58443,-7.50964,52,12
40.60198,-7.51461,29,8
40.61076,-7.51709,32,9
40.61953,-7.51958,38,5
40.62831,-7.52207,11,6
40.63708,-7.52456,6,0
40.64586,-7.52705,67,21
40.65463,-7.52954,61,19
40.66341,-7.53203,6,5
40.67218,-7.53453,3,0
40.68095,-7.53702,60,28
40.68973,-7.53951,4,3
40.70727,-7.54451,8,4
40.72482,-7.5495,5,2
40.73359,-7.552,447,211
40.74236,-7.5545,49,12
40.80377,-7.57204,26,8
40.83008,-7.57956,7,3
40.83885,-7.58208,14,4
40.84762,-7.58459,12,3
40.85639,-7.5871,21,7
40.86516,-7.58961,43,8
40.91777,-7.60472,5,1
40.92654,-7.60724,64,24
40.95285,-7.61481,34,21
40.96162,-7.61733,62,11
40.97038,-7.61986,80,11
40.97915,-7.62239,362,44
40.98792,-7.62491,617,106
41.03175,-7.63757,23,10
41.04052,-7.6401,100,41
41.05805,-7.64517,117,47
41.06682,-7.64771,203,104
41.09311,-7.65532,26,4
41.10188,-7.65786,98,33
41.11941,-7.66294,204,95
41.12817,-7.66549,40,9
41.1457,-7.67058,27,8
41.15447,-7.67312,113,45
41.18076,-7.68077,101,35
41.18952,-7.68332,269,75
41.19828,-7.68587,20,1
41.20705,-7.68842,83,34
41.21581,-7.69097,39,12
41.22457,-7.69353,331,130
41.23333,-7.69608,15,4
41.2421,-7.69864,3,0
41.25086,-7.70119,158,40
41.25962,-7.70375,2,0
41.26838,-7.70631,267,72
41.27714,-7.70887,33,3
41.28591,-7.71143,359,87
41.29467,-7.71399,248,62
41.30343,-7.71656,1037,218
41.31219,-7.71912,1198,167
41.32095,-7.72168,218,53
41.32971,-7.72425,387,106
41.33847,-7.72682,465,107
41.34723,-7.72938,199,47
41.35599,-7.73195,64,19
41.36475,-7.73452,51,8
41.45234,-7.76028,68,33
41.48737,-7.7706,25,14
41.52239,-7.78095,115,36
41.53115,-7.78354,185,60
41.53991,-7.78613,186,74
41.59244,-7.80169,3,1
41.7325,-7.84335,2,0
41.75,-7.84858,5,4
41.75875,-7.85119,74,24
41.76751,-7.85381,27,9
41.81126,-7.8669,10,5
41.82001,-7.86953,31,11
41.90751,-7.8958,110,54
38.97754,-7.05916,31,5
39.00397,-7.06612,235,5
39.01278,-7.06844,3740,979
39.02158,-7.07076,590,131
39.83113,-7.28805,11,1
39.84871,-7.29286,3,0
39.8575,-7.29527,8,1
39.86629,-7.29767,2,0
39.91024,-7.30972,2,1
39.95419,-7.32178,4,0
39.99813,-7.33387,2,0
40.00692,-7.33629,3,0
40.03328,-7.34356,1,0
40.05085,-7.34841,3,0
40.05964,-7.35084,2,0
40.06843,-7.35326,1,0
40.09478,-7.36055,7,1
40.11235,-7.36541,5,2
40.13871,-7.37271,39,7
40.1475,-7.37515,18,8
40.15628,-7.37759,14,0
40.16506,-7.38002,15,0
40.17385,-7.38246,21,11
40.19142,-7.38734,1,0
40.2002,-7.38978,11,4
40.23533,-7.39955,23,7
40.24412,-7.402,14,5
40.2529,-7.40445,32,11
40.26168,-7.40689,7,2
40.27046,-7.40934,1,1
40.29681,-7.41669,4,1
40.30559,-7.41914,19,3
40.31437,-7.4216,212,81
40.32316,-7.42405,39,16
40.33194,-7.42651,24,7
40.34072,-7.42896,7,4
40.41096,-7.44864,29,23
40.47241,-7.46591,3,2
40.48997,-7.47085,1,0
40.52508,-7.48075,2,0
40.53385,-7.48323,14,4
40.54263,-7.4857,227,103
40.55141,-7.48818,6,3
40.56018,-7.49066,124,50
40.56896,-7.49314,3,0
40.58651,-7.4981,6,2
40.60406,-7.50307,35,12
40.61284,-7.50556,96,48
40.62161,-7.50804,10,2
40.64794,-7.51551,98,41
40.65671,-7.518,2,0
40.66549,-7.52049,5,1
40.67426,-7.52298,2,1
40.68303,-7.52547,127,55
40.70058,-7.53046,28,16
40.74445,-7.54294,3,2
40.75322,-7.54544,3,0
40.76199,-7.54795,49,9
40.80585,-7.56047,43,28
40.83217,-7.56799,37,10
40.84094,-7.5705,4,0
40.85848,-7.57552,27,11
40.86725,-7.57803,128,47
40.90233,-7.58809,4,0
40.9111,-7.59061,115,50
40.92863,-7.59565,80,24
40.9374,-7.59817,60,24
40.97248,-7.60826,648,133
40.98124,-7.61079,1001,184
40.99001,-7.61331,259,23
40.99878,-7.61584,26,1
41.00755,-7.61837,33,2
41.02508,-7.62343,8,3
41.03385,-7.62596,169,81
41.04262,-7.62849,5,1
41.05138,-7.63102,28,20
41.06015,-7.63355,23,9
41.06891,-7.63609,12,2
41.07768,-7.63863,6,2
41.11274,-7.64878,41,17
41.12151,-7.65132,3,1
41.13904,-7.6564,10,1
41.1478,-7.65895,81,29
41.18286,-7.66913,36,5
41.19162,-7.67168,5,2
41.20039,-7.67423,3,0
41.20915,-7.67678,16,6
41.21791,-7.67933,43,18
41.22667,-7.68188,69,18
41.23544,-7.68444,24,7
41.2442,-7.68699,7,0
41.25296,-7.68955,18,2
41.26172,-7.6921,292,62
41.27049,-7.69466,151,33
41.27925,-7.69722,684,200
41.28801,-7.69978,173,40
41.29677,-7.70234,48,7
41.30553,-7.7049,256,90
41.31429,-7.70746,211,46
41.32306,-7.71003,201,50
41.34058,-7.71515,59,10
41.34934,-7.71772,117,22
41.3581,-7.72029,258,56
41.36686,-7.72286,99,11
41.37562,-7.72543,10,0
41.48948,-7.75892,22,5
41.507,-7.76408,44,20
41.52451,-7.76925,25,10
41.53327,-7.77184,115,26
41.54202,-7.77443,79,20
41.55078,-7.77702,21,5
41.56829,-7.7822,24,11
41.65584,-7.80817,28,12
41.6821,-7.81597,50,22
41.69961,-7.82119,57,30
41.70836,-7.82379,75,31
41.75213,-7.83684,29,10
41.76088,-7.83946,73,22
41.82214,-7.85778,23,14
38.96194,-7.04326,7,2
38.97075,-7.04558,9,0
38.97956,-7.04789,4,0
38.98837,-7.05021,11,1
38.99718,-7.05252,1,0
39.00599,-7.05484,4,0
39.01479,-7.05716,1281,325
39.0236,-7.05948,1017,221
39.03241,-7.0618,4,1
39.04122,-7.06412,3,0
39.05002,-7.06645,4,0
39.82438,-7.27424,2,2
39.84197,-7.27905,4,0
39.85076,-7.28145,3,2
39.92108,-7.30071,1,0
39.96503,-7.31277,10,0
39.97382,-7.31519,4,1
40.00897,-7.32486,69,40
40.01776,-7.32728,320,167
40.02655,-7.3297,3,0
40.14077,-7.36126,5,0
40.14955,-7.36369,10,7
40.15834,-7.36612,1,1
40.16712,-7.36856,9,5
40.19348,-7.37587,38,15
40.20226,-7.37831,297,120
40.2374,-7.38808,1,0
40.24618,-7.39052,13,3
40.25496,-7.39297,300,107
40.26375,-7.39541,5,3
40.28131,-7.40031,8,3
40.29009,-7.40276,2,1
40.29888,-7.40521,2,1
40.30766,-7.40766,30,0
40.31644,-7.41011,2,2
40.32522,-7.41256,12,0
40.334,-7.41502,34,7
40.34278,-7.41747,14,3
40.35157,-7.41993,3,1
40.36035,-7.42238,4,3
40.36913,-7.42484,71,34
40.38669,-7.42976,1,1
40.40425,-7.43468,16,6
40.41303,-7.43714,107,54
40.42181,-7.4396,53,31
40.50082,-7.46181,4,0
40.52715,-7.46923,5,0
40.53593,-7.4717,6,1
40.5447,-7.47418,14,0
40.55348,-7.47665,10,2
40.56226,-7.47913,40,28
40.57103,-7.48161,3,0
40.57981,-7.48409,12,4
40.58859,-7.48657,65,24
40.60614,-7.49154,129,61
40.61492,-7.49402,3,3
40.62369,-7.4965,87,34
40.63247,-7.49899,231,75
40.65002,-7.50396,1,0
40.65879,-7.50645,3,1
40.66757,-7.50894,3,0
40.68511,-7.51392,5,3
40.69389,-7.51641,8,5
40.74653,-7.53138,4,1
40.7553,-7.53388,2,2
40.76408,-7.53638,207,103
40.77285,-7.53888,3,0
40.79039,-7.54389,106,71
40.80794,-7.54889,276,109
40.81671,-7.5514,130,50
40.82548,-7.55391,6,2
40.83425,-7.55641,60,13
40.84302,-7.55892,4,0
40.86933,-7.56645,18,2
40.90442,-7.57651,74,56
40.91318,-7.57902,93,34
40.93072,-7.58406,37,12
40.94826,-7.5891,3,1
40.95703,-7.59162,8,1
40.9658,-7.59414,97,8
40.97457,-7.59666,132,31
40.98334,-7.59918,58,29
40.9921,-7.60171,114,22
41.00087,-7.60423,52,6
41.00964,-7.60676,66,32
41.03594,-7.61435,10,0
41.04471,-7.61688,4,2
41.05348,-7.61941,4,3
41.08854,-7.62954,42,16
41.1236,-7.63969,59,19
41.13237,-7.64223,4,1
41.14113,-7.64478,5,2
41.1499,-7.64732,3,1
41.16743,-7.6524,2,0
41.18496,-7.6575,2,0
41.20249,-7.66259,49,15
41.21125,-7.66514,313,97
41.22001,-7.66769,25,3
41.23754,-7.67279,50,11
41.25506,-7.6779,10,0
41.26383,-7.68045,91,25
41.27259,-7.68301,2,1
41.28135,-7.68557,159,39
41.29011,-7.68812,27,4
41.29888,-7.69068,63,18
41.30764,-7.69324,206,45
41.3164,-7.6958,312,62
41.32516,-7.69837,241,43
41.33392,-7.70093,205,71
41.34268,-7.70349,7,0
41.35144,-7.70606,3,0
41.36896,-7.71119,57,18
41.37772,-7.71376,39,6
41.404,-7.72147,50,12
41.41276,-7.72404,3,0
41.47408,-7.74207,34,4
41.50035,-7.74981,8,3
41.52662,-7.75756,5,3
41.53538,-7.76014,26,5
41.54414,-7.76273,4,4
41.6317,-7.78865,80,33
41.64045,-7.79125,3,0
41.65796,-7.79645,32,18
41.68422,-7.80425,4,3
41.763,-7.82772,4,0
41.79801,-7.83818,4,2
41.80676,-7.84079,43,21
41.81551,-7.84341,8,1
39.008,-7.04357,11,0
39.02562,-7.0482,26,4
39.03443,-7.05052,29,1
39.04323,-7.05284,7,0
39.06966,-7.05981,5,1
39.7473,-7.24128,4,0
39.80885,-7.25804,1,1
39.82643,-7.26284,66,21
39.83522,-7.26524,604,234
39.84401,-7.26764,40,15
39.8616,-7.27244,8,0
39.87039,-7.27484,12,0
39.87918,-7.27725,5,0
39.96708,-7.30134,112,64
39.97587,-7.30375,131,53
39.98466,-7.30617,1,0
40.00224,-7.311,2,2
40.01102,-7.31342,29,12
40.01981,-7.31584,51,32
40.0286,-7.31826,7,2
40.03739,-7.32068,5,1
40.07254,-7.33037,10,6
40.08132,-7.33279,4,0
40.09011,-7.33522,7,4
40.0989,-7.33765,7,1
40.11647,-7.3425,1,0
40.12526,-7.34493,8,2
40.13404,-7.34736,2,0
40.15161,-7.35223,5,2
40.19554,-7.3644,16,3
40.20432,-7.36684,41,10
40.24824,-7.37905,7,0
40.25703,-7.38149,260,97
40.26581,-7.38393,23,8
40.27459,-7.38638,2,0
40.28337,-7.38883,8,4
40.29216,-7.39127,75,29
40.30094,-7.39372,6,2
40.33607,-7.40352,176,55
40.34485,-7.40598,259,87
40.37119,-7.41334,6,2
40.39754,-7.42071,6,0
40.43266,-7.43056,1,0
40.538,-7.46018,117,55
40.54678,-7.46265,3,0
40.55555,-7.46513,12,0
40.56433,-7.4676,10,1
40.57311,-7.47008,14,3
40.58189,-7.47256,43,21
40.59066,-7.47504,6,0
40.59944,-7.47752,4,1
40.60821,-7.48,9,2
40.61699,-7.48248,9,5
40.63454,-7.48745,11,3
40.64332,-7.48993,4,2
40.65209,-7.49242,4,1
40.66087,-7.4949,102,39
40.66964,-7.49739,1,1
40.68719,-7.50237,4,3
40.69597,-7.50486,6,5
40.70474,-7.50735,13,0
40.71352,-7.50984,63,22
40.73106,-7.51483,4,2
40.7837,-7.52982,16,4
40.79248,-7.53232,35,18
40.80125,-7.53482,78,45
40.81002,-7.53732,8,0
40.81879,-7.53983,774,208
40.87142,-7.55487,4,3
40.89773,-7.5624,75,21
40.9065,-7.56492,53,14
40.91527,-7.56743,2,2
40.93281,-7.57246,37,8
40.94158,-7.57498,52,25
40.95035,-7.5775,113,41
40.95912,-7.58002,45,6
40.96789,-7.58254,185,75
40.97666,-7.58506,18,4
40.98543,-7.58758,3,0
41.00296,-7.59263,20,10
41.03803,-7.60274,3,2
41.06434,-7.61033,103,37
41.0731,-7.61286,53,14
41.08187,-7.61539,31,8
41.09064,-7.61792,6,3
41.1257,-7.62807,87,34
41.152,-7.63569,4,0
41.16076,-7.63823,2,1
41.20458,-7.65095,5,0
41.21335,-7.6535,2,2
41.23964,-7.66115,37,13
41.2484,-7.6637,41,12
41.25717,-7.66625,147,37
41.26593,-7.6688,84,17
41.27469,-7.67136,7,0
41.28345,-7.67391,23,10
41.29222,-7.67647,193,51
41.30098,-7.67903,20,8
41.30974,-7.68159,22,5
41.3185,-7.68414,220,48
41.32726,-7.6867,153,40
41.33603,-7.68927,3,0
41.34479,-7.69183,15,1
41.35355,-7.69439,149,36
41.36231,-7.69696,61,11
41.37983,-7.70209,118,40
41.38859,-7.70465,63,10
41.39735,-7.70722,5,1
41.40611,-7.70979,133,42
41.41487,-7.71236,16,3
41.46743,-7.7278,4,1
41.47619,-7.73038,39,13
41.50246,-7.73812,56,23
41.52873,-7.74586,3,1
41.55501,-7.75362,4,0
41.62506,-7.77434,60,23
41.63381,-7.77694,41,23
41.64257,-7.77953,5,2
41.73886,-7.80816,15,7
41.75637,-7.81337,8,0
41.76512,-7.81598,35,15
41.81763,-7.83167,11,3
41.83514,-7.8369,49,26
41.84389,-7.83952,7,6
39.02763,-7.03692,10,1
39.03644,-7.03924,61,0
39.04525,-7.04156,4,0
39.82848,-7.25143,7,2
39.83727,-7.25383,241,95
39.84606,-7.25623,10,9
39.85485,-7.25863,4,2
39.87243,-7.26343,1,0
39.96913,-7.28991,11,6
39.97792,-7.29232,11,9
40.01308,-7.30198,2,2
40.02186,-7.3044,11,1
40.03065,-7.30682,1,0
40.07459,-7.31892,55,39
40.08338,-7.32134,4,2
40.09217,-7.32377,10,2
40.10095,-7.32619,19,9
40.11853,-7.33105,12,7
40.12731,-7.33348,43,12
40.14488,-7.33834,6,3
40.15367,-7.34077,14,6
40.17124,-7.34563,4,0
40.2503,-7.36757,8,4
40.25909,-7.37001,22,8
40.26787,-7.37245,1,1
40.303,-7.38224,21,2
40.31178,-7.38468,5,4
40.33813,-7.39203,3,0
40.34691,-7.39448,31,8
40.3557,-7.39694,4,0
40.36448,-7.39939,133,60
40.37326,-7.40184,9,2
40.3996,-7.40921,8,8
40.40838,-7.41167,25,11
40.49618,-7.4363,2,2
40.54885,-7.45112,6,2
40.55763,-7.4536,30,7
40.5664,-7.45607,11,2
40.59274,-7.4635,39,19
40.60151,-7.46598,5,1
40.61907,-7.47094,2,0
40.65417,-7.48087,55,17
40.71559,-7.49829,41,25
40.72437,-7.50078,184,103
40.73314,-7.50327,146,65
40.74192,-7.50577,2,1
40.75069,-7.50826,6,1
40.77701,-7.51575,16,5
40.78578,-7.51825,84,32
40.8121,-7.52575,50,15
40.82087,-7.52825,23,8
40.82965,-7.53076,2,2
40.83842,-7.53326,64,41
40.86473,-7.54078,32,13
40.92613,-7.55836,17,8
40.9349,-7.56087,65,29
40.94367,-7.56339,82,39
40.95244,-7.5659,121,54
40.96121,-7.56842,31,13
40.98751,-7.57598,3,0
41.00505,-7.58102,2,2
41.01382,-7.58355,58,21
41.04012,-7.59112,106,56
41.04889,-7.59365,31,5
41.05766,-7.59618,175,75
41.08396,-7.60377,25,11
41.1015,-7.60884,91,34
41.11026,-7.61137,2,0
41.18039,-7.63168,90,22
41.18915,-7.63422,39,11
41.19792,-7.63677,43,18
41.20668,-7.63931,2,0
41.23297,-7.64695,7,3
41.24174,-7.6495,47,20
41.2505,-7.65205,2,0
41.25926,-7.6546,38,14
41.26803,-7.65715,225,79
41.27679,-7.65971,2,2
41.28555,-7.66226,58,19
41.29432,-7.66481,9,2
41.30308,-7.66737,54,14
41.31184,-7.66993,10,3
41.3206,-7.67248,124,36
41.32937,-7.67504,66,17
41.34689,-7.68016,62,14
41.35565,-7.68273,4,0
41.42574,-7.70325,17,12
41.4345,-7.70582,28,12
41.44326,-7.7084,34,14
41.47829,-7.71869,28,12
41.49581,-7.72385,36,5
41.52209,-7.73158,14,6
41.53084,-7.73417,5,2
41.55712,-7.74192,2,2
41.58339,-7.74968,52,24
41.61841,-7.76004,1,0
41.65344,-7.77041,37,18
41.67095,-7.77561,94,43
41.6797,-7.7782,13,3
41.70597,-7.78601,95,30
41.73223,-7.79382,5,0
41.74098,-7.79642,6,1
41.75849,-7.80164,8,3
41.76724,-7.80425,18,8
41.77599,-7.80686,28,15
41.78475,-7.80947,13,9
41.82851,-7.82253,16,8
41.83726,-7.82515,15,4
41.84601,-7.82777,30,5
38.9856,-7.01408,3,0
39.02084,-7.02333,6,3
39.05607,-7.0326,5,1
39.07369,-7.03723,17,7
39.0825,-7.03956,6,5
39.81293,-7.23523,3,0
39.83052,-7.24002,2,1
39.83931,-7.24242,2,2
39.8481,-7.24481,8,1
40.04149,-7.29779,1,0
40.07664,-7.30747,1,1
40.09422,-7.31232,1,1
40.10301,-7.31474,87,64
40.11179,-7.31717,2,0
40.12058,-7.31959,1,1
40.12937,-7.32202,7,2
40.13815,-7.32445,16,10
40.14694,-7.32688,4,0
40.15573,-7.3293,4,4
40.25236,-7.35609,4,1
40.26115,-7.35853,11,3
40.26993,-7.36097,12,2
40.27871,-7.36342,13,3
40.2875,-7.36586,50,17
40.29628,-7.3683,620,238
40.30506,-7.37075,190,67
40.31385,-7.37319,11,0
40.32263,-7.37564,4,3
40.35776,-7.38544,5,0
40.36654,-7.38789,9,3
40.37532,-7.39034,4,2
40.3841,-7.3928,5,1
40.39289,-7.39525,4,0
40.40167,-7.39771,20,6
40.41045,-7.40016,216,54
40.41923,-7.40262,2,2
40.48947,-7.42231,4,2
40.5597,-7.44207,12,10
40.58603,-7.44949,9,0
40.63869,-7.46436,3,0
40.64747,-7.46684,29,7
40.65624,-7.46933,144,41
40.66502,-7.47181,4,0
40.6738,-7.47429,13,2
40.68257,-7.47678,115,79
40.71767,-7.48673,9,3
40.72645,-7.48922,64,19
40.73522,-7.49171,59,12
40.74399,-7.49421,52,1
40.78786,-7.50668,10,0
40.79664,-7.50918,21,8
40.80541,-7.51168,33,15
40.81418,-7.51418,4,0
40.82296,-7.51668,71,26
40.83173,-7.51918,3,1
40.85804,-7.52669,81,24
40.86682,-7.5292,7,2
40.88436,-7.53421,174,49
40.89313,-7.53672,10,0
40.91944,-7.54425,35,10
40.92821,-7.54676,56,15
40.93698,-7.54928,9,5
40.94575,-7.55179,23,8
40.95452,-7.55431,12,2
40.9896,-7.56438,145,46
41.00714,-7.56942,6,2
41.01591,-7.57194,138,55
41.06852,-7.58709,3,1
41.09482,-7.59468,90,25
41.12112,-7.60228,313,90
41.12989,-7.60482,3,2
41.13865,-7.60735,39,14
41.14742,-7.60989,251,69
41.16495,-7.61496,1,0
41.19125,-7.62258,12,4
41.20001,-7.62513,30,16
41.22631,-7.63276,65,39
41.23507,-7.63531,2,1
41.24383,-7.63785,4,4
41.2526,-7.6404,59,20
41.26136,-7.64295,35,5
41.28765,-7.65061,3,3
41.29642,-7.65316,182,39
41.30518,-7.65571,4,0
41.31394,-7.65827,13,3
41.3227,-7.66082,4,3
41.33147,-7.66338,186,60
41.34023,-7.66594,177,42
41.34899,-7.6685,59,32
41.35775,-7.67106,137,50
41.41032,-7.68644,25,9
41.41908,-7.68901,25,5
41.42784,-7.69158,95,38
41.4366,-7.69414,6,0
41.44536,-7.69671,51,18
41.45412,-7.69929,11,1
41.4804,-7.707,7,5
41.49792,-7.71216,73,33
41.51544,-7.71731,4,2
41.62053,-7.74832,12,5
41.62928,-7.75091,4,2
41.65555,-7.75869,18,9
41.70808,-7.77428,4,0
41.71684,-7.77688,3,1
41.73434,-7.78208,16,9
41.7431,-7.78469,28,12
41.76936,-7.79251,31,13
41.77811,-7.79511,10,3
41.78687,-7.79772,65,22
41.82188,-7.80817,13,7
41.83063,-7.81078,23,10
41.83938,-7.8134,5,0
39.03166,-7.01436,1,0
39.04928,-7.01899,4,0
39.07571,-7.02595,4,1
39.08451,-7.02827,27,13
39.67426,-7.18565,1,0
39.73583,-7.20232,33,32
39.87652,-7.2406,8,2
39.9029,-7.2478,3,1
39.92048,-7.2526,18,2
39.93806,-7.25741,1,0
40.04354,-7.28635,2,0
40.06112,-7.29118,1,0
40.06991,-7.2936,2,0
40.10506,-7.30329,4,1
40.12263,-7.30813,2,0
40.13142,-7.31056,23,18
40.14021,-7.31299,25,15
40.14899,-7.31541,2,2
40.24564,-7.34217,2,1
40.25442,-7.34461,16,4
40.2632,-7.34705,14,4
40.27199,-7.34949,25,8
40.28077,-7.35193,27,5
40.28956,-7.35437,46,9
40.29834,-7.35682,176,43
40.30712,-7.35926,28,5
40.31591,-7.36171,114,41
40.32469,-7.36415,54,17
40.34226,-7.36905,46,14
40.35104,-7.37149,23,6
40.35982,-7.37394,16,6
40.3686,-7.37639,25,5
40.37738,-7.37884,287,105
40.38617,-7.3813,22,10
40.42129,-7.39111,11,5
40.43007,-7.39357,2,0
40.43885,-7.39603,4,2
40.50031,-7.41326,11,4
40.57055,-7.43301,44,13
40.5881,-7.43795,42,11
40.59688,-7.44043,60,21
40.60566,-7.44291,11,9
40.65832,-7.45778,39,15
40.66709,-7.46026,2,2
40.68465,-7.46523,147,48
40.69342,-7.46771,16,0
40.71975,-7.47517,8,5
40.7373,-7.48015,45,16
40.74607,-7.48264,27,8
40.77239,-7.49012,50,23
40.78117,-7.49262,11,6
40.78994,-7.49511,16,4
40.79872,-7.49761,35,11
40.80749,-7.50011,61,29
40.83381,-7.5076,13,5
40.84258,-7.51011,87,38
40.85135,-7.51261,9,0
40.88644,-7.52263,64,20
40.89521,-7.52513,10,1
40.92153,-7.53266,110,44
40.9303,-7.53517,18,10
40.94784,-7.5402,119,36
40.95661,-7.54271,5,1
40.97415,-7.54774,44,10
40.98292,-7.55026,195,69
41.00046,-7.55529,21,5
41.00923,-7.55781,2,0
41.02676,-7.56285,3,0
41.0443,-7.5679,29,6
41.05307,-7.57042,134,49
41.12321,-7.59065,130,61
41.13198,-7.59319,13,2
41.14951,-7.59826,1,0
41.15828,-7.60079,2,2
41.16704,-7.60333,2,1
41.17581,-7.60587,6,0
41.18458,-7.60841,132,47
41.21087,-7.61603,2,1
41.23717,-7.62366,31,15
41.24593,-7.62621,4,0
41.2547,-7.62875,4,4
41.26346,-7.6313,88,17
41.27222,-7.63385,102,29
41.29851,-7.6415,91,29
41.31604,-7.64661,82,29
41.33357,-7.65172,20,0
41.34233,-7.65428,36,11
41.35109,-7.65683,2,0
41.35985,-7.65939,76,26
41.36862,-7.66195,61,24
41.42118,-7.67733,175,63
41.42994,-7.6799,93,42
41.4387,-7.68246,25,7
41.44747,-7.68503,4,0
41.45623,-7.6876,196,63
41.46499,-7.69017,23,7
41.50002,-7.70046,37,11
41.51754,-7.70562,53,21
41.56133,-7.71851,40,16
41.59637,-7.72885,4,0
41.62264,-7.73661,94,47
41.63139,-7.7392,33,18
41.64015,-7.74179,50,26
41.67517,-7.75216,2,1
41.70144,-7.75995,17,4
41.71895,-7.76515,49,19
41.72771,-7.76775,8,3
41.73646,-7.77035,2,2
41.78023,-7.78337,106,59
41.78898,-7.78598,6,2
41.79774,-7.78859,87,33
41.81524,-7.79381,60,14
41.824,-7.79642,511,182
41.83275,-7.79903,4,0
39.07772,-7.01466,8,2
39.08653,-7.01698,8,0
39.70268,-7.1814,15,15
39.72027,-7.18616,3,1
39.73786,-7.19093,10,7
39.85219,-7.22199,3,1
39.87857,-7.22918,4,2
39.90494,-7.23638,8,0
39.92253,-7.24118,1688,532
39.93132,-7.24358,211,45
39.94011,-7.24599,4,2
39.9489,-7.24839,2,0
39.95769,-7.2508,1,0
39.97527,-7.25561,1,0
40.02801,-7.27007,3,2
40.04559,-7.2749,1,0
40.05438,-7.27732,20,2
40.06317,-7.27974,168,83
40.07196,-7.28215,4,3
40.08074,-7.28457,4,1
40.13347,-7.2991,2,2
40.14226,-7.30153,29,12
40.15105,-7.30395,13,5
40.15983,-7.30638,5,2
40.24769,-7.3307,2,2
40.25648,-7.33313,11,6
40.26526,-7.33557,15,1
40.27405,-7.33801,11,3
40.28283,-7.34045,33,6
40.29161,-7.34289,6,1
40.3004,-7.34533,10,3
40.30918,-7.34777,12,2
40.31797,-7.35022,10,3
40.32675,-7.35266,3,0
40.33553,-7.3551,14,3
40.34432,-7.35755,9,1
40.3531,-7.36,276,68
40.36188,-7.36245,22,3
40.37066,-7.36489,70,13
40.37945,-7.36734,18,7
40.39701,-7.37225,1,1
40.40579,-7.3747,9,6
40.41457,-7.37715,5,3
40.42336,-7.37961,4,3
40.43214,-7.38206,10,3
40.44092,-7.38452,39,12
40.51116,-7.4042,1,1
40.51994,-7.40667,5,2
40.57261,-7.42148,35,18
40.58139,-7.42395,2,0
40.59895,-7.42889,14,5
40.60773,-7.43137,25,17
40.62528,-7.43632,73,35
40.63406,-7.43879,4,2
40.66039,-7.44623,2,0
40.68672,-7.45368,36,15
40.69549,-7.45616,69,35
40.72182,-7.46362,4,0
40.7306,-7.4661,33,23
40.78324,-7.48105,38,9
40.79202,-7.48354,36,16
40.82711,-7.49353,4,1
40.83589,-7.49603,2,2
40.84466,-7.49853,33,10
40.85343,-7.50103,119,42
40.8622,-7.50353,39,2
40.87975,-7.50854,32,8
40.88852,-7.51104,6,0
40.89729,-7.51355,15,6
40.90607,-7.51605,23,0
40.91484,-7.51856,123,38
40.92361,-7.52107,4,0
40.93238,-7.52358,23,7
40.94115,-7.52609,103,42
40.985,-7.53865,72,26
41.00254,-7.54369,1,1
41.02885,-7.55124,20,3
41.08146,-7.56638,43,12
41.09023,-7.56891,250,83
41.11653,-7.5765,332,53
41.1253,-7.57903,24,0
41.13407,-7.58156,8,2
41.16037,-7.58916,4,0
41.18667,-7.59677,102,35
41.22173,-7.60693,79,30
41.2305,-7.60947,2,2
41.23926,-7.61201,114,43
41.24803,-7.61456,2,0
41.25679,-7.6171,8,0
41.26555,-7.61965,317,108
41.27432,-7.6222,74,15
41.29185,-7.62729,6,2
41.31814,-7.63495,40,14
41.3269,-7.6375,3,0
41.33566,-7.64006,118,25
41.35319,-7.64517,102,31
41.36195,-7.64772,47,16
41.37071,-7.65028,34,20
41.42329,-7.66565,1,1
41.43205,-7.66822,15,4
41.44081,-7.67078,202,56
41.44957,-7.67335,67,20
41.45833,-7.67592,38,15
41.46709,-7.67849,109,35
41.47585,-7.68106,5,0
41.48461,-7.68363,6,1
41.49337,-7.6862,11,6
41.50213,-7.68877,128,38
41.51089,-7.69134,2,0
41.59847,-7.71714,27,13
41.61599,-7.72231,12,2
41.62475,-7.7249,17,9
41.66853,-7.73785,120,45
41.68604,-7.74303,36,11
41.70355,-7.74822,69,23
41.77359,-7.76903,8,4
41.79985,-7.77684,1,1
41.82611,-7.78467,587,198
41.83487,-7.78728,86,26
39.0533,-6.99643,1,0
39.07092,-7.00106,2,0
39.70472,-7.17001,12,11
39.84543,-7.20818,4,0
39.86302,-7.21297,1,0
39.90698,-7.22496,2,0
39.91578,-7.22735,45,12
39.92457,-7.22976,81,18
39.93336,-7.23216,96,20
39.94215,-7.23456,5,1
39.96853,-7.24177,1,0
39.98611,-7.24658,2,0
40.05643,-7.26587,2,2
40.06522,-7.26829,2,2
40.12673,-7.28522,1,0
40.14431,-7.29006,12,7
40.1531,-7.29249,3,2
40.17946,-7.29977,2,0
40.20582,-7.30705,3,2
40.2146,-7.30948,2,2
40.22339,-7.31192,12,5
40.23218,-7.31435,13,5
40.24096,-7.31678,1,1
40.25853,-7.32165,3,1
40.26732,-7.32409,146,60
40.2761,-7.32653,2,0
40.28489,-7.32896,5,0
40.31124,-7.33628,13,5
40.32002,-7.33873,16,6
40.32881,-7.34117,17,2
40.33759,-7.34361,92,26
40.34637,-7.34606,48,15
40.35516,-7.3485,963,339
40.36394,-7.35095,719,197
40.37272,-7.3534,4,3
40.39907,-7.36074,2,2
40.40785,-7.36319,49,20
40.41663,-7.36565,9,4
40.42542,-7.3681,2,0
40.44298,-7.37301,384,152
40.51323,-7.39268,302,133
40.52201,-7.39514,60,14
40.5659,-7.40747,1,0
40.59224,-7.41488,41,18
40.60979,-7.41983,18,6
40.61857,-7.4223,2,0
40.63613,-7.42725,7,6
40.6449,-7.42973,5,1
40.68001,-7.43964,12,6
40.68879,-7.44212,51,31
40.69757,-7.44461,5,0
40.70634,-7.44709,9,2
40.72389,-7.45206,4,1
40.73267,-7.45454,73,34
40.74144,-7.45703,11,4
40.759,-7.46201,77,34
40.76777,-7.4645,319,80
40.78532,-7.46948,7,2
40.79409,-7.47197,23,12
40.82042,-7.47946,11,4
40.83796,-7.48445,2,0
40.84674,-7.48695,32,17
40.85551,-7.48945,18,5
40.88183,-7.49695,9,1
40.8906,-7.49945,98,23
40.89937,-7.50196,283,66
40.90814,-7.50446,4,0
40.91692,-7.50697,242,64
40.92569,-7.50947,45,3
40.96077,-7.51951,127,45
40.96954,-7.52202,146,61
41.0134,-7.5346,2,2
41.02217,-7.53711,136,56
41.03094,-7.53963,42,6
41.03971,-7.54215,373,180
41.04847,-7.54467,55,19
41.09232,-7.55729,6,0
41.10985,-7.56234,117,36
41.11862,-7.56487,1071,294
41.13616,-7.56993,45,16
41.14492,-7.57246,14,5
41.15369,-7.57499,1,0
41.17123,-7.58006,42,17
41.17999,-7.58259,27,8
41.18876,-7.58513,24,7
41.22382,-7.59528,6,2
41.24135,-7.60037,27,4
41.25012,-7.60291,202,47
41.25888,-7.60545,21,0
41.26765,-7.608,109,29
41.27641,-7.61054,1,1
41.29394,-7.61564,81,37
41.329,-7.62584,116,40
41.33776,-7.62839,44,19
41.44291,-7.6591,71,27
41.45167,-7.66166,27,9
41.46043,-7.66423,6,3
41.46919,-7.6668,49,15
41.47795,-7.66937,83,37
41.48671,-7.67194,8,4
41.49547,-7.67451,81,21
41.50423,-7.67708,1,1
41.52175,-7.68222,28,19
41.53051,-7.6848,30,10
41.59182,-7.70285,1,1
41.60058,-7.70543,3,0
41.64437,-7.71836,3,1
41.65313,-7.72094,34,13
41.68815,-7.73131,117,35
41.69691,-7.7339,3,0
41.70566,-7.73649,44,15
41.71442,-7.73909,4,0
41.73193,-7.74428,30,19
41.74944,-7.74948,57,32
41.7582,-7.75208,42,15
41.76695,-7.75468,2,2
41.77571,-7.75729,113,21
41.78446,-7.75989,5,0
41.79321,-7.76249,28,7
41.80197,-7.7651,16,1
41.82823,-7.77292,18,2
41.83698,-7.77553,400,73
41.84574,-7.77814,7,0
41.85449,-7.78075,25,14
41.86324,-7.78337,55,28
39.89144,-7.20874,2,1
39.91782,-7.21593,9,1
39.94419,-7.22313,1,1
40.02331,-7.24478,128,77
40.04089,-7.2496,2,0
40.04968,-7.25201,2,0
40.05847,-7.25443,3,2
40.09363,-7.26409,1,0
40.22544,-7.30044,6,3
40.23423,-7.30287,231,119
40.24301,-7.3053,127,72
40.26937,-7.31261,4,0
40.30451,-7.32235,5,0
40.31329,-7.32479,228,77
40.32208,-7.32723,73,23
40.33086,-7.32968,76,15
40.33965,-7.33212,69,8
40.34843,-7.33456,14,9
40.35721,-7.337,45,1
40.366,-7.33945,328,47
40.37478,-7.3419,75,24
40.38356,-7.34434,60,18
40.39235,-7.34679,13,5
40.40991,-7.35169,4,2
40.41869,-7.35414,295,103
40.45382,-7.36395,2,0
40.48895,-7.37378,2,2
40.49773,-7.37624,3,0
40.51529,-7.38116,1,1
40.56797,-7.39594,2,2
40.5943,-7.40335,69,40
40.60308,-7.40582,14,9
40.61186,-7.40829,10,1
40.62064,-7.41076,220,60
40.62942,-7.41323,2,2
40.6382,-7.41571,7,2
40.65575,-7.42066,1,0
40.68208,-7.42809,4,1
40.70841,-7.43553,166,98
40.71719,-7.43802,5,1
40.74352,-7.44547,97,34
40.75229,-7.44795,2,0
40.76984,-7.45293,23,0
40.81372,-7.46539,14,2
40.82249,-7.46788,29,12
40.83127,-7.47037,41,13
40.89268,-7.48787,31,3
40.90145,-7.49037,572,182
40.91022,-7.49287,2,0
40.919,-7.49538,8,3
40.93654,-7.50039,54,9
40.94531,-7.50289,172,68
40.95408,-7.5054,13,6
40.9804,-7.51293,3,0
40.99794,-7.51796,15,4
41.00671,-7.52047,133,56
41.04179,-7.53054,1,1
41.05056,-7.53306,13,4
41.12071,-7.55324,3,2
41.15578,-7.56336,23,7
41.16455,-7.56589,2,0
41.17331,-7.56842,25,8
41.19085,-7.57349,24,14
41.19961,-7.57603,44,21
41.21715,-7.5811,2,2
41.25221,-7.59126,17,2
41.26098,-7.5938,143,53
41.26974,-7.59635,15,5
41.27851,-7.59889,13,4
41.28727,-7.60143,18,6
41.29604,-7.60398,16,6
41.3048,-7.60653,19,3
41.32233,-7.61163,21,3
41.33109,-7.61418,1,0
41.33986,-7.61673,3,0
41.34862,-7.61928,193,88
41.35738,-7.62183,35,13
41.37491,-7.62694,124,56
41.38367,-7.6295,72,14
41.46253,-7.65254,12,2
41.47129,-7.65511,200,72
41.48005,-7.65768,157,54
41.48881,-7.66025,75,19
41.49757,-7.66281,7,4
41.51509,-7.66795,10,6
41.52385,-7.67053,48,15
41.53261,-7.6731,3,0
41.59393,-7.69114,8,5
41.63772,-7.70405,4,1
41.64648,-7.70664,14,4
41.65523,-7.70922,14,5
41.66399,-7.71181,45,17
41.67275,-7.7144,2,0
41.6815,-7.71699,1,0
41.69026,-7.71958,7,2
41.69902,-7.72217,19,5
41.70777,-7.72477,5,1
41.76031,-7.74034,23,7
41.79533,-7.75075,4,0
41.80408,-7.75335,29,7
41.81284,-7.75596,2,0
41.8391,-7.76378,2,1
41.84785,-7.76639,10,1
40.02536,-7.23334,26,7
40.03415,-7.23575,21,20
40.09568,-7.25263,2,1
40.14841,-7.26714,2,1
40.24507,-7.29383,294,163
40.27142,-7.30112,8,4
40.28021,-7.30356,3,2
40.30656,-7.31087,10,2
40.31535,-7.3133,5,1
40.32413,-7.31574,12,4
40.33292,-7.31818,4,2
40.3417,-7.32062,6,3
40.35049,-7.32306,19,12
40.35927,-7.32551,11,0
40.36805,-7.32795,5,1
40.37684,-7.33039,96,26
40.38562,-7.33284,374,167
40.3944,-7.33529,9,2
40.40319,-7.33773,11,8
40.41197,-7.34018,97,33
40.42075,-7.34263,422,184
40.42954,-7.34508,9,2
40.4471,-7.34998,9,6
40.47345,-7.35734,1,0
40.48223,-7.3598,89,39
40.49101,-7.36226,135,52
40.56125,-7.38194,121,63
40.60515,-7.39428,1,0
40.61393,-7.39675,4,0
40.62271,-7.39922,150,58
40.63148,-7.40169,246,65
40.65782,-7.40911,98,34
40.6666,-7.41159,4,2
40.68415,-7.41654,2,2
40.69293,-7.41902,2,2
40.71048,-7.42398,4,4
40.71926,-7.42646,4,2
40.72804,-7.42894,15,9
40.74559,-7.43391,1,1
40.75436,-7.43639,2,0
40.79824,-7.44883,4,0
40.80702,-7.45132,6,2
40.82456,-7.4563,11,3
40.83334,-7.4588,32,6
40.89475,-7.47628,8,0
40.90353,-7.47878,73,4
40.92985,-7.48629,2,1
40.93862,-7.48879,57,15
40.94739,-7.4913,256,84
41.04387,-7.51893,3,0
41.06141,-7.52396,69,26
41.07018,-7.52648,19,12
41.08772,-7.53152,1,1
41.09649,-7.53404,134,33
41.10526,-7.53657,57,17
41.14033,-7.54667,30,11
41.1491,-7.5492,5,0
41.15787,-7.55173,221,76
41.16663,-7.55426,2,2
41.1754,-7.55679,6,3
41.2017,-7.56439,2,1
41.21047,-7.56692,2,1
41.21924,-7.56946,211,69
41.228,-7.57199,6,0
41.23677,-7.57453,5,3
41.24554,-7.57707,116,40
41.2543,-7.57961,43,9
41.26307,-7.58215,248,59
41.27183,-7.58469,141,25
41.2806,-7.58723,4,2
41.28936,-7.58978,14,4
41.29813,-7.59232,2,2
41.30689,-7.59487,12,6
41.31566,-7.59742,30,11
41.32442,-7.59996,50,15
41.33319,-7.60251,44,12
41.35948,-7.61016,24,3
41.36824,-7.61272,3,1
41.377,-7.61527,83,33
41.47339,-7.64342,26,8
41.48215,-7.64599,23,8
41.49091,-7.64855,322,103
41.49967,-7.65112,704,196
41.50843,-7.65369,16,1
41.51719,-7.65626,4,0
41.53472,-7.6614,17,6
41.54348,-7.66397,104,53
41.561,-7.66912,43,17
41.61355,-7.68459,44,18
41.63982,-7.69233,16,6
41.64858,-7.69492,1,1
41.65734,-7.6975,1,1
41.6661,-7.70009,27,7
41.67486,-7.70268,3,0
41.68361,-7.70526,83,19
41.69237,-7.70785,130,50
41.70113,-7.71044,19,5
41.70988,-7.71304,2,2
41.71864,-7.71563,2,0
41.78869,-7.7364,46,21
41.81495,-7.74421,36,14
41.8237,-7.74681,54,23
41.85872,-7.75724,58,25
41.88498,-7.76507,10,5
39.84275,-7.17156,2,2
39.85155,-7.17394,1,0
39.86034,-7.17633,5,0
39.93069,-7.19548,2,0
39.93948,-7.19787,2,1
40.08014,-7.23635,2,0
40.08893,-7.23876,437,213
40.09772,-7.24118,6,1
40.14167,-7.25326,3,0
40.24712,-7.28235,30,18
40.2559,-7.28478,16,9
40.30862,-7.29938,10,5
40.3174,-7.30181,4,0
40.32619,-7.30425,59,26
40.33497,-7.30669,2,0
40.34376,-7.30913,3,0
40.35254,-7.31157,3,1
40.36133,-7.31401,5,3
40.37011,-7.31645,3,0
40.37889,-7.31889,7,1
40.40524,-7.32623,60,32
40.41403,-7.32867,14,3
40.43159,-7.33357,5,0
40.44916,-7.33847,38,22
40.48429,-7.34828,70,35
40.49307,-7.35074,52,19
40.50185,-7.35319,245,99
40.51063,-7.35565,36,14
40.56331,-7.37041,20,10
40.57209,-7.37287,2,1
40.58087,-7.37534,2,2
40.61599,-7.38521,62,19
40.62477,-7.38768,22,7
40.63355,-7.39015,725,157
40.64233,-7.39262,682,227
40.65111,-7.39509,2,2
40.65988,-7.39756,1,1
40.66866,-7.40004,72,40
40.67744,-7.40251,124,33
40.68622,-7.40499,21,8
40.72133,-7.4149,53,33
40.80909,-7.43975,69,28
40.83541,-7.44722,85,35
40.85296,-7.4522,7,2
40.86174,-7.4547,131,36
40.9056,-7.46719,125,39
40.91438,-7.46969,3,2
40.94947,-7.4797,6,0
40.98456,-7.48973,41,16
40.99333,-7.49224,21,8
41.0021,-7.49475,2,1
41.01087,-7.49726,19,8
41.01964,-7.49977,290,123
41.02841,-7.50228,2,2
41.03718,-7.5048,42,17
41.05472,-7.50983,27,17
41.06349,-7.51234,11,5
41.0898,-7.5199,8,1
41.09857,-7.52242,28,6
41.10734,-7.52494,13,7
41.13365,-7.53251,82,21
41.15995,-7.54009,5,0
41.16872,-7.54262,74,19
41.17749,-7.54515,2,0
41.18626,-7.54768,159,43
41.19502,-7.55021,447,121
41.20379,-7.55274,85,31
41.21256,-7.55528,6,2
41.22132,-7.55781,14,3
41.23009,-7.56035,4,2
41.23886,-7.56288,111,34
41.24762,-7.56542,83,20
41.25639,-7.56796,13,3
41.26516,-7.5705,472,166
41.27392,-7.57304,258,58
41.29145,-7.57812,341,123
41.30022,-7.58066,29,12
41.30898,-7.58321,67,18
41.31775,-7.58575,55,22
41.33528,-7.59085,188,93
41.34404,-7.59339,16,3
41.35281,-7.59594,20,9
41.36157,-7.59849,6,3
41.37033,-7.60104,28,10
41.3791,-7.6036,14,4
41.43168,-7.61893,104,49
41.48425,-7.6343,10,3
41.49301,-7.63686,231,38
41.50177,-7.63943,1067,310
41.51053,-7.64199,384,126
41.55434,-7.65484,19,9
41.5631,-7.65742,42,25
41.65945,-7.68578,8,2
41.6682,-7.68837,12,5
41.67696,-7.69095,35,11
41.68572,-7.69354,113,33
41.69448,-7.69613,39,8
41.70323,-7.69871,6,6
41.73826,-7.70908,41,17
41.76453,-7.71686,14,2
41.7908,-7.72466,28,14
41.83457,-7.73767,72,43
39.72164,-7.12682,2,0
39.87117,-7.1673,5,0
39.92393,-7.18165,2,0
40.07339,-7.22249,4,0
40.08218,-7.2249,8,0
40.09097,-7.22731,7,2
40.09976,-7.22972,17,1
40.10855,-7.23214,6,2
40.11734,-7.23455,5,0
40.24038,-7.26844,3,1
40.31067,-7.28789,5,2
40.31945,-7.29032,2,1
40.32824,-7.29276,78,42
40.33702,-7.29519,2,0
40.34581,-7.29763,7,4
40.36338,-7.30251,8,2
40.37216,-7.30495,10,4
40.38095,-7.30739,15,5
40.38973,-7.30983,23,4
40.41608,-7.31717,11,6
40.49513,-7.33922,1,1
40.50391,-7.34167,96,38
40.51269,-7.34413,1,1
40.53903,-7.3515,1,0
40.54781,-7.35396,2,1
40.58294,-7.3638,85,43
40.59172,-7.36627,25,8
40.6005,-7.36873,172,78
40.60928,-7.3712,21,13
40.61805,-7.37366,44,7
40.62683,-7.37613,13,3
40.63561,-7.3786,12,7
40.64439,-7.38107,81,33
40.65317,-7.38354,46,13
40.66195,-7.38601,87,30
40.67073,-7.38848,22,12
40.67951,-7.39096,2,2
40.68828,-7.39343,36,9
40.69706,-7.39591,2,0
40.70584,-7.39838,1,1
40.72339,-7.40334,6,0
40.79361,-7.4232,4,2
40.80238,-7.42568,88,38
40.81116,-7.42817,23,9
40.81993,-7.43066,56,31
40.85503,-7.44062,15,3
40.86381,-7.44312,69,27
40.87258,-7.44561,18,6
40.88136,-7.44811,1,1
40.8989,-7.4531,3,1
40.90768,-7.4556,171,59
40.91645,-7.4581,9,0
40.98663,-7.47812,6,4
40.9954,-7.48063,3,0
41.00418,-7.48314,6,0
41.01295,-7.48565,12,4
41.02172,-7.48816,6,2
41.03926,-7.49318,14,4
41.11819,-7.51584,17,1
41.12696,-7.51836,10,3
41.15327,-7.52593,55,17
41.16204,-7.52846,41,9
41.1708,-7.53098,3,1
41.18834,-7.53604,61,16
41.19711,-7.53857,82,19
41.20588,-7.5411,13,4
41.24094,-7.55123,23,9
41.24971,-7.55377,57,15
41.25848,-7.55631,3,2
41.26724,-7.55884,3,0
41.27601,-7.56138,2,0
41.29354,-7.56646,20,5
41.31107,-7.57155,13,6
41.31984,-7.57409,32,19
41.3286,-7.57664,1,0
41.33737,-7.57918,6,0
41.34613,-7.58173,79,20
41.3549,-7.58428,15,8
41.38119,-7.59192,71,35
41.41625,-7.60214,5,4
41.43377,-7.60725,3,0
41.44253,-7.6098,24,6
41.46006,-7.61492,17,4
41.49511,-7.62517,18,7
41.50387,-7.62773,8,3
41.51263,-7.6303,53,22
41.55644,-7.64314,12,8
41.5652,-7.64571,2,2
41.58272,-7.65086,67,26
41.63527,-7.66632,20,7
41.67031,-7.67664,39,9
41.68782,-7.68181,185,40
41.70534,-7.68698,4,0
41.7141,-7.68957,8,2
41.72285,-7.69216,9,3
41.76664,-7.70512,21,10
41.77539,-7.70772,41,19
41.7929,-7.71291,4,0
39.90838,-7.16544,2,2
39.96114,-7.17981,1,1
39.97873,-7.1846,5,0
40.05785,-7.20622,5,0
40.06664,-7.20863,75,47
40.07544,-7.21104,5,0
40.09302,-7.21586,1,0
40.1106,-7.22068,27,8
40.11939,-7.22309,12,5
40.13697,-7.22792,1,0
40.22485,-7.25211,2,0
40.25121,-7.25939,4,0
40.26,-7.26181,7,5
40.26879,-7.26424,1,1
40.3215,-7.27883,20,6
40.33029,-7.28126,48,27
40.33908,-7.2837,2,2
40.34786,-7.28613,19,5
40.35665,-7.28857,30,13
40.36543,-7.29101,9,3
40.383,-7.29589,4,2
40.39178,-7.29833,197,87
40.41814,-7.30566,30,10
40.42692,-7.3081,15,3
40.4357,-7.31055,69,37
40.44449,-7.313,161,112
40.45327,-7.31544,3,1
40.46205,-7.31789,12,5
40.50597,-7.33015,4,0
40.51475,-7.3326,9,3
40.52353,-7.33506,2,1
40.54109,-7.33997,36,21
40.54987,-7.34243,89,49
40.57622,-7.34981,3,2
40.585,-7.35227,24,16
40.59378,-7.35473,12,6
40.60256,-7.35719,38,20
40.61134,-7.35966,75,23
40.62012,-7.36212,1,0
40.63768,-7.36706,17,5
40.64645,-7.36952,7,1
40.65523,-7.37199,64,18
40.66401,-7.37446,36,13
40.67279,-7.37693,74,18
40.68157,-7.3794,13,4
40.71668,-7.3893,9,4
40.72546,-7.39178,1,1
40.74301,-7.39673,13,4
40.76935,-7.40417,21,11
40.77812,-7.40666,2,2
40.7869,-7.40914,2,0
40.79567,-7.41162,2,2
40.80445,-7.41411,16,5
40.822,-7.41908,17,2
40.83078,-7.42157,228,135
40.86588,-7.43153,39,11
40.88343,-7.43652,52,11
40.8922,-7.43901,5,4
40.91852,-7.4465,2,0
40.9273,-7.449,2,2
40.95362,-7.4565,6,3
40.96239,-7.459,88,35
40.97116,-7.46151,101,43
40.99748,-7.46902,2,1
41.00625,-7.47153,12,0
41.04134,-7.48157,2,0
41.10273,-7.49917,80,27
41.1115,-7.50169,4,0
41.12027,-7.50421,336,124
41.14658,-7.51177,1,0
41.15535,-7.5143,5,3
41.19042,-7.5244,3,0
41.19919,-7.52693,42,19
41.20796,-7.52946,116,24
41.21673,-7.53199,69,11
41.2255,-7.53452,114,26
41.23426,-7.53705,5,3
41.24303,-7.53959,2,1
41.2518,-7.54212,3,1
41.26056,-7.54465,4,2
41.29563,-7.55481,1,0
41.3044,-7.55735,165,46
41.31316,-7.55989,27,7
41.32193,-7.56243,129,82
41.33069,-7.56497,166,58
41.36575,-7.57515,3,3
41.38328,-7.58025,2,2
41.41834,-7.59046,60,23
41.43587,-7.59556,42,18
41.44463,-7.59812,29,19
41.45339,-7.60068,2,0
41.46215,-7.60323,106,40
41.47092,-7.60579,2,1
41.4972,-7.61348,54,32
41.51473,-7.6186,136,35
41.52349,-7.62117,77,24
41.54977,-7.62887,9,4
41.57606,-7.63657,3,0
41.58482,-7.63915,86,29
41.60234,-7.64429,17,14
41.6111,-7.64687,20,11
41.61986,-7.64944,4,1
41.68117,-7.6675,7,1
41.68993,-7.67008,822,269
41.69868,-7.67267,6,0
41.73372,-7.68302,7,1
41.74247,-7.68561,19,10
41.75123,-7.6882,6,2
41.75999,-7.69079,33,13
41.76874,-7.69338,25,4
41.80377,-7.70376,8,4
41.84755,-7.71676,17,11
40.04231,-7.18997,9,6
40.0511,-7.19237,21,1
40.07748,-7.19959,1,0
40.08627,-7.20199,1,1
40.10385,-7.20681,28,14
40.11264,-7.20922,198,105
40.13901,-7.21646,3,0
40.1478,-7.21887,1,0
40.21811,-7.23821,6,4
40.2269,-7.24063,246,124
40.25326,-7.24791,11,3
40.26205,-7.25033,20,8
40.27083,-7.25276,3,3
40.30598,-7.26247,2,1
40.34113,-7.2722,2,0
40.34991,-7.27464,11,2
40.3587,-7.27707,59,11
40.38505,-7.28439,15,6
40.39384,-7.28683,10,4
40.41141,-7.29171,15,6
40.42019,-7.29415,6,2
40.42897,-7.29659,34,9
40.43776,-7.29904,14,5
40.44654,-7.30148,17,5
40.45532,-7.30393,11,4
40.46411,-7.30637,7,3
40.47289,-7.30882,3,2
40.49924,-7.31617,77,23
40.5168,-7.32108,6,0
40.52559,-7.32353,11,6
40.53437,-7.32598,5,0
40.54315,-7.32844,93,33
40.55193,-7.33089,18,6
40.56071,-7.33335,8,4
40.57827,-7.33827,25,15
40.58706,-7.34073,91,43
40.6134,-7.34811,4,0
40.62218,-7.35058,7,0
40.63096,-7.35304,32,27
40.63974,-7.35551,158,48
40.67485,-7.36538,19,4
40.68363,-7.36785,6,0
40.70119,-7.37279,1,1
40.72752,-7.38022,22,7
40.7363,-7.38269,11,1
40.74508,-7.38517,22,3
40.76263,-7.39013,47,14
40.77141,-7.39261,33,11
40.78019,-7.39509,55,22
40.78897,-7.39757,17,5
40.80652,-7.40254,7,4
40.84162,-7.41248,2,0
40.8504,-7.41497,18,12
40.92937,-7.43741,10,2
40.93814,-7.4399,148,50
40.94692,-7.4424,24,1
40.96446,-7.4474,13,4
40.97324,-7.4499,54,8
40.99078,-7.45491,34,10
40.99956,-7.45742,6,0
41.05219,-7.47246,66,11
41.06096,-7.47497,265,89
41.06973,-7.47749,137,43
41.08727,-7.48251,100,54
41.09604,-7.48503,16,3
41.10481,-7.48755,41,12
41.12235,-7.49258,5,1
41.15743,-7.50266,4,0
41.1662,-7.50519,2,1
41.21881,-7.52034,16,4
41.22758,-7.52287,9,2
41.27142,-7.53554,34,14
41.28018,-7.53807,209,76
41.29772,-7.54315,4,3
41.30648,-7.54568,7,2
41.32402,-7.55076,67,25
41.33278,-7.55331,49,21
41.36784,-7.56348,31,11
41.43796,-7.58388,25,14
41.44672,-7.58643,17,5
41.45548,-7.58899,189,48
41.46425,-7.59155,227,61
41.52558,-7.60947,85,36
41.53435,-7.61203,65,20
41.54311,-7.6146,260,91
41.55187,-7.61716,136,50
41.56063,-7.61973,10,3
41.56939,-7.6223,3,2
41.57815,-7.62487,1,0
41.59567,-7.63001,19,7
41.60443,-7.63258,64,38
41.61319,-7.63515,23,15
41.62195,-7.63773,61,31
41.63071,-7.6403,17,10
41.68327,-7.65577,20,10
41.69203,-7.65836,211,92
41.70079,-7.66094,87,15
41.76209,-7.67905,37,23
41.78836,-7.68682,55,22
41.84965,-7.705,164,100
41.85841,-7.70761,5,3
39.71892,-7.09027,1,1
39.72772,-7.09264,284,158
39.74532,-7.09738,1,1
39.85968,-7.12828,8,1
40.04435,-7.17852,76,37
40.05314,-7.18092,114,76
40.06193,-7.18332,1,0
40.11468,-7.19776,5,0
40.14984,-7.20741,2,0
40.15863,-7.20982,37,31
40.22015,-7.22674,83,33
40.22894,-7.22916,85,41
40.30803,-7.25098,15,7
40.31681,-7.25341,12,4
40.36075,-7.26557,16,1
40.36953,-7.26801,10,2
40.3871,-7.27288,8,4
40.41346,-7.2802,2,1
40.42224,-7.28264,13,6
40.43102,-7.28508,13,8
40.44859,-7.28997,27,15
40.45738,-7.29241,14,5
40.46616,-7.29486,2,2
40.50129,-7.30465,230,80
40.51008,-7.3071,12,0
40.51886,-7.30955,15,4
40.52764,-7.312,285,105
40.53642,-7.31445,34,6
40.54521,-7.31691,84,30
40.55399,-7.31936,15,4
40.56277,-7.32182,9,3
40.58033,-7.32673,12,4
40.62424,-7.33903,456,186
40.63302,-7.3415,48,14
40.6418,-7.34396,53,15
40.65936,-7.34889,2,1
40.68569,-7.3563,3,0
40.69447,-7.35877,11,2
40.71203,-7.36371,4,0
40.72081,-7.36618,1,0
40.72959,-7.36866,79,41
40.73837,-7.37113,26,7
40.74714,-7.37361,24,2
40.75592,-7.37608,3,0
40.7647,-7.37856,7,2
40.79103,-7.386,9,4
40.80858,-7.39096,160,65
40.85247,-7.40338,49,26
40.86124,-7.40587,13,5
40.89634,-7.41583,74,26
40.90512,-7.41833,10,0
40.93144,-7.42581,15,3
40.94021,-7.42831,254,106
40.94899,-7.4308,5,1
40.99286,-7.4433,88,47
41.06303,-7.46336,9,2
41.07181,-7.46587,18,2
41.09812,-7.4734,10,3
41.11566,-7.47843,9,1
41.15951,-7.49103,3,1
41.17705,-7.49607,3,0
41.22089,-7.5087,39,13
41.2735,-7.52388,50,19
41.28227,-7.52642,1,0
41.29103,-7.52895,15,4
41.31733,-7.53656,94,35
41.36116,-7.54927,103,34
41.36993,-7.55181,14,3
41.40499,-7.562,7,6
41.41376,-7.56454,37,12
41.44005,-7.5722,89,31
41.44881,-7.57475,44,24
41.45758,-7.5773,4,0
41.46634,-7.57986,7,1
41.51015,-7.59265,15,4
41.53644,-7.60033,197,60
41.5452,-7.60289,426,89
41.55396,-7.60546,106,26
41.56273,-7.60802,140,87
41.57149,-7.61059,2,2
41.59777,-7.6183,181,76
41.60653,-7.62087,57,33
41.61529,-7.62344,22,7
41.62405,-7.62601,87,46
41.63281,-7.62858,15,7
41.64157,-7.63116,23,12
41.65909,-7.63631,143,63
41.66785,-7.63889,57,14
41.69413,-7.64663,174,74
41.70289,-7.64921,24,5
41.71165,-7.65179,10,0
41.76419,-7.66731,11,7
41.79922,-7.67767,28,8
41.80798,-7.68026,13,10
39.72974,-7.08125,58,19
39.73854,-7.08361,1,0
40.04638,-7.16707,2,1
40.06397,-7.17187,1,0
40.07276,-7.17428,1,1
40.14309,-7.19353,2,0
40.15188,-7.19594,7,0
40.16067,-7.19835,21,4
40.23098,-7.21768,2,2
40.30129,-7.23706,165,109
40.31886,-7.24192,2,2
40.32765,-7.24435,3,1
40.36279,-7.25407,14,5
40.37158,-7.25651,213,117
40.38036,-7.25894,1,1
40.38915,-7.26138,5,2
40.39794,-7.26381,11,3
40.40672,-7.26625,17,12
40.43308,-7.27357,52,23
40.44186,-7.27601,173,76
40.50335,-7.29312,31,7
40.52091,-7.29802,3,0
40.52969,-7.30047,3,0
40.53848,-7.30292,184,53
40.54726,-7.30538,35,11
40.55604,-7.30783,45,20
40.56482,-7.31028,86,45
40.57361,-7.31274,27,16
40.58239,-7.3152,214,115
40.59117,-7.31765,2,1
40.62629,-7.32749,93,27
40.63507,-7.32995,7,0
40.64385,-7.33241,33,0
40.66141,-7.33734,8,5
40.67019,-7.33981,11,2
40.67897,-7.34227,8,3
40.68775,-7.34474,69,34
40.69653,-7.34721,24,4
40.70531,-7.34968,12,3
40.71409,-7.35215,2,1
40.72287,-7.35462,21,5
40.73165,-7.35709,6,3
40.74921,-7.36204,2,0
40.75798,-7.36451,14,1
40.76676,-7.36699,4,0
40.79309,-7.37442,15,7
40.81065,-7.37938,3,0
40.81943,-7.38187,1,0
40.87208,-7.39677,49,21
40.89841,-7.40424,39,8
40.90719,-7.40673,2,2
40.94228,-7.41671,6,2
41.10019,-7.46178,150,37
41.15282,-7.47687,4,0
41.16159,-7.47939,259,61
41.17036,-7.48191,101,14
41.1879,-7.48695,7,1
41.22297,-7.49705,77,24
41.24928,-7.50463,3,0
41.25805,-7.50716,12,3
41.26682,-7.50969,145,56
41.27558,-7.51223,78,25
41.28435,-7.51476,37,11
41.29312,-7.51729,919,319
41.30189,-7.51983,11,2
41.31065,-7.52236,8,2
41.38078,-7.54268,14,4
41.38955,-7.54522,90,44
41.41584,-7.55286,109,34
41.43337,-7.55796,10,6
41.44214,-7.56051,6,0
41.45967,-7.56561,69,36
41.46843,-7.56817,25,1
41.51225,-7.58095,54,31
41.52101,-7.58351,4,3
41.53853,-7.58863,72,25
41.5473,-7.59119,170,41
41.55606,-7.59375,26,11
41.56482,-7.59632,12,3
41.57358,-7.59888,237,62
41.58234,-7.60145,74,21
41.60863,-7.60915,26,13
41.62615,-7.61429,11,5
41.63491,-7.61687,14,4
41.64367,-7.61944,21,5
41.66119,-7.62459,19,6
41.66995,-7.62716,9,5
41.70499,-7.63748,89,26
41.71375,-7.64006,170,83
41.77505,-7.65815,46,21
41.79257,-7.66333,2,1
41.80133,-7.66592,84,44
41.83635,-7.6763,2,1
41.84511,-7.67889,38,16
39.86373,-7.10545,3,0
39.94289,-7.1269,4,1
39.95169,-7.12929,4,0
39.99566,-7.14125,48,35
40.02204,-7.14843,2,0
40.03083,-7.15083,3,0
40.08359,-7.16523,2,1
40.10117,-7.17003,1,0
40.10996,-7.17244,5,0
40.11875,-7.17484,44,15
40.12754,-7.17725,2,0
40.13634,-7.17966,8,3
40.14513,-7.18207,3,0
40.15392,-7.18447,13,3
40.16271,-7.18689,83,10
40.23302,-7.2062,6,1
40.25939,-7.21346,21,21
40.26818,-7.21588,6,3
40.30333,-7.22557,120,56
40.32091,-7.23043,3,3
40.32969,-7.23285,15,9
40.34727,-7.23771,7,2
40.37363,-7.24501,1,0
40.3912,-7.24987,20,13
40.39998,-7.25231,14,1
40.40877,-7.25474,16,8
40.41755,-7.25718,13,1
40.44391,-7.2645,9,5
40.45269,-7.26694,6,1
40.47026,-7.27182,11,2
40.48783,-7.27671,161,44
40.5054,-7.2816,2,2
40.51418,-7.28405,2,2
40.53175,-7.28894,24,2
40.54053,-7.29139,290,56
40.54931,-7.29385,1,1
40.56688,-7.29875,2,2
40.57566,-7.3012,22,12
40.58444,-7.30366,11,6
40.59322,-7.30611,8,1
40.60201,-7.30857,205,79
40.61079,-7.31103,8,3
40.61957,-7.31349,9,4
40.62835,-7.31595,10,0
40.64591,-7.32087,120,35
40.65469,-7.32333,8,5
40.66347,-7.32579,2,1
40.67225,-7.32826,6,1
40.68103,-7.33072,146,58
40.68981,-7.33319,2,1
40.69859,-7.33565,11,4
40.70737,-7.33812,6,1
40.71615,-7.34059,5,0
40.72493,-7.34306,125,51
40.73371,-7.34553,156,64
40.75127,-7.35047,10,3
40.76005,-7.35295,203,23
40.76882,-7.35542,757,177
40.7776,-7.3579,525,71
40.78638,-7.36037,47,6
40.79516,-7.36285,2,2
40.80394,-7.36533,23,5
40.81271,-7.36781,64,25
40.90048,-7.39265,1,0
41.04086,-7.4326,54,5
41.07595,-7.44262,30,5
41.16367,-7.46775,391,117
41.17244,-7.47027,69,30
41.21628,-7.48288,92,25
41.22505,-7.4854,9,2
41.26013,-7.49551,7,3
41.2689,-7.49804,552,168
41.27766,-7.50057,55,8
41.2952,-7.50563,9,0
41.30397,-7.50817,25,14
41.31274,-7.5107,12,3
41.33027,-7.51577,83,29
41.33904,-7.51831,9,4
41.36534,-7.52592,8,5
41.39163,-7.53355,11,5
41.43546,-7.54628,77,28
41.44422,-7.54883,75,35
41.49681,-7.56414,18,17
41.50557,-7.56669,13,3
41.51434,-7.56925,15,8
41.5231,-7.57181,56,22
41.53186,-7.57437,15,4
41.54939,-7.57949,150,48
41.55815,-7.58205,27,5
41.56691,-7.58461,78,25
41.57568,-7.58717,12,2
41.58444,-7.58974,136,49
41.62824,-7.60258,12,5
41.63701,-7.60515,3,1
41.64577,-7.60772,44,12
41.67205,-7.61544,56,38
41.71585,-7.62832,5,1
41.83846,-7.66454,49,30
41.84721,-7.66714,60,21
41.85597,-7.66973,18,7
41.86473,-7.67233,120,59
39.70739,-7.05136,3,0
39.72499,-7.05609,4,1
39.83937,-7.0869,3,2
39.85696,-7.09165,2,1
39.94492,-7.11547,44,32
39.95372,-7.11786,76,40
39.99769,-7.12981,1,0
40.02407,-7.13699,2,0
40.03286,-7.13938,3,1
40.09441,-7.15617,14,5
40.10321,-7.15858,36,15
40.112,-7.16098,41,16
40.12079,-7.16338,358,167
40.12958,-7.16579,2,0
40.13837,-7.16819,1,0
40.14716,-7.1706,5,0
40.15595,-7.17301,28,7
40.16475,-7.17542,473,220
40.17354,-7.17783,115,43
40.18233,-7.18024,2,1
40.22628,-7.1923,81,50
40.23506,-7.19472,15,8
40.27022,-7.20439,115,72
40.27901,-7.20681,66,34
40.29659,-7.21166,2,0
40.33174,-7.22136,1,0
40.34052,-7.22378,7,3
40.41082,-7.24323,8,3
40.4196,-7.24567,6,1
40.42839,-7.24811,1,0
40.44596,-7.25298,5,0
40.46353,-7.25786,18,5
40.47231,-7.2603,50,17
40.48988,-7.26519,7,1
40.49866,-7.26763,12,1
40.50745,-7.27008,8,2
40.51623,-7.27252,93,28
40.52502,-7.27497,652,73
40.5338,-7.27742,2340,484
40.54258,-7.27986,676,77
40.55137,-7.28231,8,5
40.57771,-7.28967,13,2
40.5865,-7.29212,147,31
40.59528,-7.29457,41,8
40.60406,-7.29703,335,130
40.61284,-7.29948,19,5
40.62162,-7.30194,13,2
40.6304,-7.3044,5,1
40.63919,-7.30686,18,8
40.64797,-7.30932,140,57
40.68309,-7.31917,13,3
40.70065,-7.3241,4,1
40.70943,-7.32656,2,2
40.73577,-7.33397,1,0
40.74455,-7.33644,4,0
40.75333,-7.33891,41,16
40.76211,-7.34138,83,30
40.77088,-7.34385,19,0
40.77966,-7.34633,789,335
40.78844,-7.3488,232,18
40.84111,-7.36367,84,28
40.84988,-7.36615,72,21
40.92887,-7.38853,2,2
40.93764,-7.39102,80,23
40.94642,-7.39351,59,32
40.96397,-7.3985,2,2
40.97274,-7.40099,9,0
40.98152,-7.40349,87,6
40.99029,-7.40598,31,3
41.00784,-7.41098,4,2
41.03416,-7.41848,11,1
41.04293,-7.42098,240,134
41.07803,-7.431,237,80
41.0868,-7.43351,131,69
41.12189,-7.44355,2,0
41.13066,-7.44606,2,0
41.15697,-7.4536,1,1
41.16574,-7.45612,2,0
41.21836,-7.47123,6,2
41.22713,-7.47376,11,3
41.26221,-7.48386,174,34
41.27098,-7.48638,9,1
41.33235,-7.5041,15,6
41.34112,-7.50664,5,0
41.35865,-7.51171,56,22
41.37619,-7.51679,54,16
41.42002,-7.5295,4,3
41.45508,-7.53969,49,19
41.47261,-7.54479,15,6
41.48137,-7.54734,24,12
41.50766,-7.555,2,0
41.53395,-7.56266,23,9
41.54272,-7.56522,2,0
41.55148,-7.56778,32,10
41.56024,-7.57034,1,1
41.6391,-7.59343,17,2
41.64786,-7.596,160,68
41.67414,-7.60371,3,1
41.7267,-7.61917,70,17
41.73546,-7.62175,106,35
41.74422,-7.62433,78,33
41.80553,-7.64242,53,21
41.81429,-7.64501,15,4
41.84932,-7.65538,1,1
41.86683,-7.66057,11,6
39.70061,-7.03761,2,0
39.75341,-7.05179,4,2
39.84139,-7.07548,359,132
39.85019,-7.07786,9,6
39.92056,-7.09689,5,3
40.0261,-7.12554,58,40
40.0349,-7.12794,27,14
40.05248,-7.13273,17,8
40.08765,-7.14232,4,0
40.09645,-7.14472,1,0
40.10524,-7.14712,107,68
40.12282,-7.15192,8,4
40.13162,-7.15433,3,0
40.14041,-7.15673,3,0
40.1492,-7.15914,5,2
40.15799,-7.16154,8,0
40.16678,-7.16395,470,156
40.17557,-7.16636,61,20
40.21952,-7.17841,4,0
40.22831,-7.18083,192,86
40.28105,-7.19533,14,14
40.28984,-7.19775,6,1
40.29863,-7.20017,46,33
40.30742,-7.20259,1,1
40.32499,-7.20744,11,0
40.33378,-7.20986,126,64
40.34257,-7.21229,1,1
40.35135,-7.21471,12,6
40.36893,-7.21957,17,8
40.37772,-7.222,2,0
40.448,-7.24147,6,3
40.45679,-7.2439,78,20
40.46557,-7.24634,2,2
40.47436,-7.24878,35,14
40.48314,-7.25122,38,16
40.49193,-7.25366,15,10
40.5095,-7.25855,12,2
40.51828,-7.26099,14,1
40.52707,-7.26344,1121,206
40.53585,-7.26589,5381,1328
40.54463,-7.26833,1415,239
40.55342,-7.27078,2,0
40.59733,-7.28303,6,4
40.60611,-7.28549,82,45
40.61489,-7.28794,11,5
40.62368,-7.2904,29,12
40.63246,-7.29285,51,29
40.65002,-7.29777,22,4
40.68515,-7.30761,3,0
40.69393,-7.31007,4,0
40.72027,-7.31747,2,1
40.72905,-7.31993,115,49
40.73783,-7.3224,13,6
40.74661,-7.32487,23,8
40.75538,-7.32734,10,1
40.76416,-7.32981,18,5
40.77294,-7.33228,7,4
40.78172,-7.33475,2,2
40.7905,-7.33723,14,4
40.80806,-7.34218,3,1
40.84317,-7.35209,6,2
40.85195,-7.35457,3,0
40.86072,-7.35705,27,11
40.8695,-7.35953,52,20
40.87828,-7.36201,14,7
40.88705,-7.3645,61,25
40.89583,-7.36698,22,4
40.93971,-7.37942,20,12
40.94849,-7.38191,14,7
40.98359,-7.39188,175,38
40.99236,-7.39437,514,163
41.00991,-7.39937,114,39
41.01868,-7.40187,16,6
41.02746,-7.40436,2,2
41.045,-7.40937,5,0
41.05378,-7.41187,1,0
41.06255,-7.41437,4,0
41.07132,-7.41687,7,4
41.0801,-7.41938,11,3
41.13273,-7.43443,3,0
41.1415,-7.43694,3,2
41.15027,-7.43945,9,0
41.18536,-7.44951,4,1
41.22044,-7.45959,3,0
41.22921,-7.46211,276,84
41.23798,-7.46463,10,0
41.24675,-7.46715,5,0
41.25552,-7.46968,10,0
41.26429,-7.4722,235,66
41.27305,-7.47473,1062,236
41.28182,-7.47725,632,170
41.29059,-7.47978,233,77
41.29936,-7.48231,2,1
41.32566,-7.4899,138,59
41.35197,-7.4975,22,9
41.36073,-7.50004,78,30
41.3695,-7.50258,22,12
41.37827,-7.50512,56,16
41.38703,-7.50765,11,2
41.43087,-7.52036,105,51
41.43963,-7.52291,6,4
41.49222,-7.53819,59,22
41.50099,-7.54075,16,4
41.50975,-7.5433,22,12
41.55357,-7.55608,173,72
41.56233,-7.55863,56,12
41.57109,-7.56119,3,1
41.57986,-7.56375,59,24
41.58862,-7.56632,2,1
41.60614,-7.57144,2,1
41.61491,-7.57401,46,10
41.62367,-7.57657,74,14
41.63243,-7.57914,2,0
41.64119,-7.5817,59,21
41.64995,-7.58427,32,13
41.65871,-7.58684,18,6
41.66748,-7.58941,55,22
41.72004,-7.60486,37,11
41.73756,-7.61001,3,0
41.74632,-7.61259,6,2
41.75508,-7.61517,19,9
41.76384,-7.61775,89,36
41.77259,-7.62033,1,0
41.80763,-7.63067,4,3
41.84266,-7.64103,4,2
41.85142,-7.64362,13,2
41.86017,-7.64621,2,2
39.74663,-7.03802,3,0
39.82582,-7.05932,1,0
39.84342,-7.06407,463,174
39.85221,-7.06644,20,5
40.00175,-7.10693,2,0
40.02813,-7.1141,24,14
40.03693,-7.11649,100,50
40.04572,-7.11888,101,47
40.05451,-7.12128,17,9
40.09848,-7.13326,2,2
40.12486,-7.14046,1,0
40.13365,-7.14286,2,0
40.16882,-7.15248,17,5
40.22156,-7.16693,2,2
40.23035,-7.16935,5,0
40.29188,-7.18626,45,18
40.30067,-7.18868,2,1
40.33582,-7.19836,20,4
40.37976,-7.21049,3,1
40.38854,-7.21292,2,1
40.39733,-7.21535,1,0
40.40612,-7.21778,7,4
40.4149,-7.22022,2,2
40.42369,-7.22265,5,4
40.45005,-7.22995,28,9
40.45883,-7.23239,34,13
40.46762,-7.23482,12,4
40.47641,-7.23726,15,4
40.49398,-7.24214,8,4
40.50276,-7.24458,44,18
40.51154,-7.24702,86,30
40.52033,-7.24947,9,0
40.52911,-7.25191,491,93
40.5379,-7.25435,2348,463
40.54668,-7.2568,1869,264
40.55547,-7.25925,259,45
40.56425,-7.26169,66,16
40.58182,-7.26659,23,4
40.5906,-7.26904,4,0
40.61695,-7.2764,101,40
40.65207,-7.28622,84,34
40.66086,-7.28868,1,0
40.69598,-7.29852,127,40
40.70476,-7.30098,4,3
40.72232,-7.30591,2,2
40.74866,-7.3133,21,4
40.75744,-7.31577,60,26
40.76622,-7.31824,34,18
40.78378,-7.32318,35,19
40.79256,-7.32565,54,21
40.80134,-7.32813,1,1
40.81012,-7.3306,22,14
40.81889,-7.33307,38,20
40.88034,-7.35042,24,7
40.88912,-7.35291,14,1
40.89789,-7.35539,2,2
40.97688,-7.37778,70,30
40.98565,-7.38027,2,0
40.99443,-7.38277,11,2
41.0032,-7.38526,6,3
41.01198,-7.38776,8,2
41.0383,-7.39525,38,0
41.04707,-7.39775,63,17
41.05585,-7.40025,1,1
41.06462,-7.40275,22,8
41.07339,-7.40525,16,2
41.1348,-7.42279,121,26
41.14357,-7.4253,130,21
41.15234,-7.42782,20,3
41.18743,-7.43787,296,68
41.1962,-7.44038,3,0
41.21374,-7.44542,3,0
41.24005,-7.45298,8,0
41.27513,-7.46307,122,22
41.2839,-7.4656,79,62
41.29267,-7.46812,13,3
41.31021,-7.47318,5,0
41.32774,-7.47824,7,1
41.34528,-7.4833,63,28
41.35405,-7.48583,25,15
41.36281,-7.48837,44,19
41.37158,-7.4909,5,3
41.38912,-7.49598,27,9
41.39788,-7.49852,13,4
41.40665,-7.50105,209,127
41.41542,-7.50359,5,1
41.42418,-7.50614,27,9
41.43295,-7.50868,34,9
41.45925,-7.51631,44,20
41.47678,-7.5214,19,13
41.54689,-7.54181,62,29
41.55566,-7.54437,49,19
41.57318,-7.54948,34,20
41.617,-7.56229,146,63
41.62576,-7.56485,45,19
41.63452,-7.56742,333,157
41.64328,-7.56998,694,214
41.65205,-7.57255,15,6
41.66081,-7.57512,34,8
41.66957,-7.57769,18,7
41.67833,-7.58026,102,24
41.69585,-7.5854,247,60
41.70461,-7.58797,3,0
41.72213,-7.59312,86,39
41.76593,-7.60601,91,38
41.84476,-7.62927,22,9
41.85352,-7.63186,340,183
41.86227,-7.63445,27,6
39.84544,-7.05265,13,0
39.85424,-7.05502,2,2
40.03016,-7.10265,31,17
40.03895,-7.10504,29,16
40.04775,-7.10743,133,102
40.05654,-7.10983,78,35
40.1093,-7.1242,223,109
40.1181,-7.1266,11,2
40.12689,-7.129,2,0
40.13568,-7.1314,8,0
40.14447,-7.1338,3,0
40.15327,-7.1362,1,0
40.17964,-7.14342,1,0
40.24997,-7.16269,2,0
40.29392,-7.17477,26,14
40.31149,-7.1796,1,0
40.32028,-7.18202,9,4
40.32907,-7.18445,5,3
40.33786,-7.18687,2,0
40.35544,-7.19171,57,25
40.36422,-7.19414,4,0
40.37301,-7.19656,12,7
40.39059,-7.20142,70,35
40.40816,-7.20627,1,0
40.45209,-7.21843,7,1
40.46088,-7.22087,54,10
40.46966,-7.2233,25,5
40.48724,-7.22818,5,0
40.49602,-7.23062,59,19
40.50481,-7.23306,71,19
40.51359,-7.2355,204,50
40.52238,-7.23794,12,0
40.53116,-7.24038,152,39
40.53994,-7.24282,308,106
40.54873,-7.24527,2742,429
40.55751,-7.24771,2720,539
40.5663,-7.25016,78,12
40.57508,-7.2526,2,2
40.58386,-7.25505,133,34
40.59265,-7.2575,1,0
40.60143,-7.25995,4,0
40.61021,-7.2624,20,2
40.70681,-7.28942,5,2
40.7156,-7.29188,108,51
40.72438,-7.29434,10,3
40.74194,-7.29927,8,4
40.75072,-7.30174,1,0
40.76828,-7.30667,2,0
40.77706,-7.30914,34,14
40.78584,-7.31161,9,4
40.79462,-7.31408,6,0
40.80339,-7.31655,74,20
40.81217,-7.31902,85,28
40.82095,-7.3215,7,4
40.82973,-7.32397,29,23
40.83851,-7.32644,3,0
40.87362,-7.33635,5,0
40.90873,-7.34628,101,49
40.91751,-7.34876,4,3
40.95261,-7.35871,19,9
40.97894,-7.36617,6,1
41.01404,-7.37614,79,20
41.02282,-7.37864,2,0
41.03159,-7.38113,38,17
41.04036,-7.38363,9,3
41.04914,-7.38613,179,52
41.05791,-7.38863,6,4
41.06669,-7.39113,140,41
41.07546,-7.39363,53,11
41.08423,-7.39613,2,1
41.1281,-7.40865,3,0
41.14564,-7.41367,605,78
41.15442,-7.41618,167,21
41.18073,-7.42371,17,2
41.1895,-7.42623,69,23
41.20704,-7.43126,34,14
41.21582,-7.43377,1,0
41.2509,-7.44385,5,1
41.25967,-7.44637,3,1
41.31228,-7.46151,5,0
41.32105,-7.46404,117,42
41.32982,-7.46657,69,19
41.34736,-7.47163,73,22
41.35613,-7.47416,1,1
41.37366,-7.47923,51,24
41.3912,-7.4843,65,27
41.39996,-7.48684,91,30
41.47886,-7.50971,56,29
41.57527,-7.53777,19,6
41.58403,-7.54033,16,4
41.62785,-7.55313,140,56
41.63661,-7.5557,62,22
41.64537,-7.55826,23,1
41.65414,-7.56083,8,5
41.6629,-7.56339,137,43
41.67166,-7.56596,4,0
41.68042,-7.56853,2,0
41.69794,-7.57367,16,3
41.7067,-7.57624,67,33
41.71547,-7.57881,3,1
41.85562,-7.6201,5,0
39.85626,-7.04361,3,0
39.90025,-7.05547,8,0
40.0058,-7.08404,4,0
40.02339,-7.08881,5,0
40.03219,-7.0912,1,1
40.04098,-7.09359,13,5
40.04978,-7.09598,10,2
40.06737,-7.10077,2,0
40.11133,-7.11274,85,30
40.29595,-7.16328,185,109
40.32232,-7.17053,1,1
40.33111,-7.17295,6,2
40.39263,-7.18991,7,5
40.42778,-7.19962,51,32
40.46292,-7.20935,26,7
40.47171,-7.21178,124,58
40.48049,-7.21422,17,6
40.48928,-7.21666,30,8
40.49807,-7.21909,25,9
40.50685,-7.22153,25,10
40.51564,-7.22397,113,39
40.52442,-7.22641,3,0
40.53321,-7.22885,93,15
40.54199,-7.23129,70,18
40.55078,-7.23373,1859,274
40.55956,-7.23618,1108,119
40.57713,-7.24107,29,14
40.58591,-7.24351,8,3
40.62105,-7.25331,57,18
40.68252,-7.27048,1,0
40.70887,-7.27786,29,14
40.71765,-7.28032,2,2
40.72643,-7.28278,4,0
40.75277,-7.29017,7,2
40.76155,-7.29263,21,6
40.77033,-7.2951,3,0
40.78789,-7.30003,2,2
40.80545,-7.30497,23,11
40.81423,-7.30744,3,1
40.84057,-7.31486,2,2
40.87568,-7.32477,11,5
40.88446,-7.32724,32,21
40.89324,-7.32972,23,11
40.90201,-7.3322,5,0
40.91079,-7.33468,42,16
40.91957,-7.33717,16,4
40.93712,-7.34213,40,15
40.9459,-7.34462,2,2
40.95467,-7.3471,32,11
40.96345,-7.34959,17,6
40.97223,-7.35208,60,20
40.981,-7.35457,8,7
40.99855,-7.35955,72,32
41.04243,-7.37201,4,4
41.09507,-7.38701,6,2
41.10385,-7.38951,13,4
41.11262,-7.39201,2,2
41.12139,-7.39452,6,3
41.13017,-7.39702,6,2
41.13894,-7.39953,74,6
41.14771,-7.40203,829,229
41.1828,-7.41207,323,90
41.20034,-7.4171,10,2
41.20912,-7.41961,26,10
41.21789,-7.42212,27,9
41.2442,-7.42967,101,37
41.25297,-7.43219,406,149
41.26174,-7.43471,1,1
41.3582,-7.46249,8,0
41.37574,-7.46755,47,14
41.40204,-7.47516,20,4
41.43711,-7.48531,46,20
41.44588,-7.48785,28,10
41.48971,-7.50056,9,4
41.49847,-7.50311,6,2
41.50724,-7.50565,38,14
41.57736,-7.52606,7,3
41.58612,-7.52862,2,2
41.60365,-7.53373,185,75
41.61241,-7.53629,32,3
41.62117,-7.53885,4,1
41.62994,-7.54141,9,1
41.6387,-7.54398,1,0
41.64746,-7.54654,34,21
41.65622,-7.5491,10,0
41.70003,-7.56193,16,5
41.7088,-7.5645,119,48
41.71756,-7.56708,41,6
41.72632,-7.56965,2,2
41.81392,-7.59542,50,27
39.91106,-7.04642,5,2
40.03421,-7.07976,1,0
40.04301,-7.08214,15,1
40.0518,-7.08453,6,0
40.08698,-7.0941,303,121
40.09577,-7.09649,17,8
40.29799,-7.15179,6,3
40.32436,-7.15903,4,3
40.33315,-7.16145,4,2
40.34194,-7.16387,2,2
40.35072,-7.16629,19,4
40.3683,-7.17113,3,1
40.37709,-7.17356,13,6
40.39467,-7.1784,19,3
40.41224,-7.18325,87,62
40.42103,-7.18568,43,22
40.42982,-7.18811,16,6
40.4386,-7.19054,2,2
40.44739,-7.19297,18,8
40.46496,-7.19783,25,7
40.47375,-7.20026,171,107
40.48254,-7.2027,27,6
40.49132,-7.20513,4,0
40.50011,-7.20757,5,2
40.50889,-7.21,2,0
40.51768,-7.21244,8,6
40.52647,-7.21488,44,11
40.53525,-7.21732,4,2
40.54404,-7.21976,4,0
40.55282,-7.2222,272,58
40.5616,-7.22464,191,20
40.57039,-7.22708,63,21
40.58796,-7.23197,97,32
40.61431,-7.23931,61,19
40.62309,-7.24176,12,0
40.63188,-7.24421,2,0
40.64944,-7.24911,10,4
40.66701,-7.25402,8,2
40.67579,-7.25647,14,5
40.68457,-7.25893,2,1
40.71092,-7.2663,5,1
40.7197,-7.26876,26,9
40.72848,-7.27122,184,65
40.74604,-7.27614,29,14
40.7636,-7.28106,14,7
40.77238,-7.28353,12,4
40.78117,-7.28599,12,6
40.78995,-7.28846,43,23
40.79873,-7.29093,4,0
40.81628,-7.29587,14,7
40.84262,-7.30328,46,23
40.8514,-7.30575,21,14
40.86018,-7.30822,19,6
40.86896,-7.3107,37,14
40.89529,-7.31813,11,8
40.90407,-7.32061,3,0
40.92163,-7.32557,4,2
40.94796,-7.33302,1,0
41.00062,-7.34794,2,2
41.01817,-7.35292,165,58
41.02694,-7.35541,3,0
41.03572,-7.3579,6,2
41.07959,-7.37038,1,0
41.08837,-7.37288,7,2
41.09714,-7.37538,139,50
41.10591,-7.37788,4,4
41.14101,-7.38789,10,1
41.14978,-7.3904,127,29
41.15855,-7.3929,3,1
41.20241,-7.40545,21,0
41.21996,-7.41048,11,5
41.25504,-7.42054,3,1
41.31643,-7.43818,2,2
41.3252,-7.44071,52,18
41.33397,-7.44323,12,2
41.35151,-7.44829,136,46
41.36028,-7.45082,147,50
41.39535,-7.46094,3,0
41.40412,-7.46348,76,29
41.42165,-7.46855,3,0
41.43919,-7.47362,2,0
41.56191,-7.50925,5,4
41.57068,-7.5118,4,3
41.57944,-7.51435,41,14
41.60573,-7.52202,3,0
41.6145,-7.52458,4,0
41.62326,-7.52713,15,10
41.63202,-7.52969,66,28
41.64079,-7.53225,17,12
41.64955,-7.53481,8,5
41.65831,-7.53738,61,17
41.67584,-7.5425,5,0
41.6846,-7.54507,251,78
41.71965,-7.55534,7,0
41.72841,-7.55791,16,4
41.73717,-7.56048,63,22
41.76345,-7.5682,18,6
39.92188,-7.03737,207,130
39.93068,-7.03974,6,6
40.04503,-7.07069,2,0
40.29123,-7.13788,5,0
40.33518,-7.14995,2,0
40.34397,-7.15237,9,0
40.37034,-7.15963,10,1
40.37913,-7.16205,55,36
40.40549,-7.16932,24,18
40.41428,-7.17174,11,5
40.42307,-7.17417,2,0
40.43186,-7.1766,3,3
40.44064,-7.17902,2,0
40.44943,-7.18145,3,0
40.467,-7.18631,3,2
40.47579,-7.18874,2,0
40.48458,-7.19117,10,1
40.49336,-7.19361,17,8
40.51094,-7.19848,48,14
40.51972,-7.20091,1,0
40.57243,-7.21555,72,22
40.58122,-7.21799,45,10
40.59,-7.22043,61,53
40.60757,-7.22532,2,0
40.65149,-7.23756,96,25
40.66027,-7.24001,4,0
40.68662,-7.24737,3,2
40.6954,-7.24982,4,0
40.70419,-7.25228,7,2
40.71297,-7.25474,26,10
40.72175,-7.25719,332,128
40.73053,-7.25965,250,52
40.73931,-7.26211,16,1
40.74809,-7.26457,4,0
40.75687,-7.26703,159,70
40.76566,-7.26949,86,21
40.78322,-7.27442,16,1
40.792,-7.27689,17,7
40.80078,-7.27935,36,16
40.80956,-7.28182,4,3
40.81834,-7.28429,1,1
40.82712,-7.28675,2,0
40.8359,-7.28922,98,59
40.91491,-7.31149,2,2
40.93246,-7.31645,176,43
40.95879,-7.3239,15,5
40.9939,-7.33384,127,53
41.03778,-7.34628,9,6
41.04656,-7.34878,6,6
41.06411,-7.35376,81,24
41.08166,-7.35876,2,0
41.09043,-7.36125,11,3
41.0992,-7.36375,89,33
41.16062,-7.38127,1,0
41.16939,-7.38377,2,1
41.22203,-7.39883,18,12
41.2308,-7.40134,80,36
41.26588,-7.4114,67,39
41.31851,-7.42652,1,1
41.35358,-7.43662,8,2
41.36235,-7.43914,41,6
41.37112,-7.44167,13,4
41.38866,-7.44673,18,6
41.39743,-7.44926,101,25
41.4062,-7.45179,911,267
41.41496,-7.45433,466,102
41.4325,-7.4594,2,1
41.4588,-7.46701,36,17
41.4851,-7.47463,18,3
41.54646,-7.49244,34,14
41.55523,-7.49499,63,14
41.56399,-7.49754,24,12
41.57276,-7.50009,54,26
41.59029,-7.50519,14,5
41.59905,-7.50775,57,29
41.61658,-7.51286,12,8
41.62534,-7.51541,212,84
41.63411,-7.51797,12,3
41.65164,-7.52309,103,46
41.67792,-7.53077,53,16
41.68669,-7.53334,17,3
41.69545,-7.5359,25,14
41.70421,-7.53847,2,2
41.71297,-7.54103,6,0
41.72174,-7.5436,1,0
41.7305,-7.54617,9,4
41.73926,-7.54874,96,17
41.76554,-7.55645,115,59
39.86231,-7.00935,2,0
40.05585,-7.06163,6,6
40.06465,-7.06402,7,2
40.17018,-7.09273,2,0
40.18776,-7.09753,4,0
40.27568,-7.12157,14,3
40.28447,-7.12398,217,131
40.29326,-7.12639,1,0
40.31964,-7.13363,52,4
40.32843,-7.13604,2,2
40.33722,-7.13846,12,8
40.34601,-7.14087,33,13
40.35479,-7.14329,2,2
40.37237,-7.14812,39,9
40.38116,-7.15054,3,0
40.40753,-7.15781,23,16
40.45147,-7.16993,26,9
40.46026,-7.17236,171,67
40.48662,-7.17965,40,11
40.4954,-7.18208,8,0
40.50419,-7.18451,5,0
40.51298,-7.18695,7,3
40.52176,-7.18938,2,0
40.53933,-7.19425,1,0
40.54812,-7.19669,30,10
40.55691,-7.19913,50,18
40.56569,-7.20157,18,4
40.57448,-7.20401,151,43
40.58326,-7.20645,21,4
40.59205,-7.20889,261,57
40.60083,-7.21133,108,35
40.60962,-7.21378,90,32
40.64475,-7.22356,18,8
40.66232,-7.22846,75,33
40.67989,-7.23336,2,0
40.69745,-7.23826,39,18
40.70623,-7.24072,11,4
40.73258,-7.24809,20,4
40.74136,-7.25054,3,0
40.75892,-7.25546,3,0
40.79405,-7.26531,5,3
40.80283,-7.26777,12,6
40.81161,-7.27024,4,0
40.82039,-7.27271,15,7
40.82917,-7.27517,14,9
40.83795,-7.27764,35,26
40.88185,-7.28999,16,3
40.89941,-7.29494,32,19
40.90818,-7.29742,21,10
40.9433,-7.30733,6,0
40.95207,-7.30981,5,2
40.99596,-7.32223,19,11
41.00474,-7.32471,14,3
41.12759,-7.35962,218,69
41.13636,-7.36212,4,2
41.22409,-7.38718,58,23
41.23287,-7.38969,75,35
41.27672,-7.40226,17,10
41.31181,-7.41233,60,23
41.32058,-7.41485,273,132
41.39073,-7.43505,113,42
41.3995,-7.43758,12,6
41.40827,-7.44011,362,105
41.44334,-7.45024,2,2
41.48718,-7.46293,29,20
41.53101,-7.47564,56,23
41.56608,-7.48583,14,7
41.57484,-7.48838,62,32
41.58361,-7.49093,9,0
41.59237,-7.49348,5,3
41.60114,-7.49603,3,3
41.6099,-7.49858,5,2
41.61866,-7.50114,2,0
41.62743,-7.50369,116,40
41.63619,-7.50625,37,5
41.64496,-7.50881,3,3
41.65372,-7.51136,8,4
41.67125,-7.51648,7,0
41.68877,-7.52161,15,3
41.69754,-7.52417,155,47
41.71506,-7.5293,258,74
41.72382,-7.53186,3,0
41.75011,-7.53957,68,23
41.75887,-7.54214,14,5
41.78515,-7.54985,43,28
41.79391,-7.55243,27,11
41.80268,-7.555,101,61
41.81144,-7.55758,8,2
39.85553,-6.99556,2,2
40.03149,-7.04303,1,1
40.05787,-7.05018,14,6
40.10185,-7.06211,3,0
40.14582,-7.07407,7,1
40.15462,-7.07647,2,0
40.1722,-7.08126,2,0
40.21617,-7.09325,2,1
40.26013,-7.10527,1,0
40.32167,-7.12213,21,6
40.33046,-7.12454,3,1
40.33925,-7.12696,110,60
40.34804,-7.12937,6,4
40.37441,-7.13662,14,8
40.39199,-7.14146,6,6
40.40077,-7.14388,5,0
40.42714,-7.15114,1,1
40.45351,-7.15842,7,0
40.46229,-7.16084,20,14
40.47987,-7.1657,17,5
40.50623,-7.17299,4,0
40.51502,-7.17542,198,33
40.5238,-7.17785,3,0
40.54137,-7.18272,35,12
40.55016,-7.18516,2,2
40.59409,-7.19735,5,0
40.60287,-7.19979,29,0
40.61166,-7.20223,45,12
40.62044,-7.20468,17,10
40.62923,-7.20712,11,6
40.6468,-7.21201,5,0
40.66436,-7.2169,48,22
40.6995,-7.2267,3,0
40.70828,-7.22916,3,0
40.72584,-7.23406,18,8
40.73463,-7.23652,5,1
40.74341,-7.23898,4,2
40.7961,-7.25373,62,37
40.81366,-7.25866,151,75
40.82244,-7.26112,8,3
40.8839,-7.2784,57,25
40.91024,-7.28582,96,54
40.95413,-7.29821,97,47
40.96291,-7.30069,5,1
40.97168,-7.30317,7,5
41.02435,-7.31807,18,6
41.03312,-7.32056,4,0
41.077,-7.33301,1,0
41.12965,-7.34798,2,2
41.13843,-7.35048,2,1
41.16475,-7.35799,2,1
41.17352,-7.36049,34,13
41.1823,-7.36299,9,2
41.20862,-7.37051,56,34
41.23493,-7.37804,43,16
41.27879,-7.3906,36,27
41.31388,-7.40066,66,30
41.32265,-7.40318,16,6
41.34019,-7.40823,7,5
41.34896,-7.41075,271,112
41.38404,-7.42085,82,29
41.39281,-7.42337,131,39
41.40158,-7.4259,4,1
41.41034,-7.42843,65,14
41.42788,-7.43349,34,19
41.43665,-7.43602,10,3
41.44542,-7.43856,63,37
41.50679,-7.45631,55,22
41.55062,-7.46903,18,3
41.55939,-7.47157,1,1
41.56815,-7.47412,24,14
41.57692,-7.47667,32,11
41.58569,-7.47921,1,1
41.59445,-7.48176,35,10
41.60322,-7.48431,23,16
41.61198,-7.48687,31,21
41.62075,-7.48942,47,26
41.62951,-7.49197,2,2
41.64704,-7.49708,2,1
41.6558,-7.49964,16,7
41.66457,-7.5022,59,25
41.67333,-7.50475,38,7
41.69962,-7.51244,10,4
41.70838,-7.515,23,0
41.71715,-7.51756,111,38
41.7522,-7.52783,85,32
41.76096,-7.53039,147,59
41.78724,-7.53811,38,17
41.796,-7.54068,90,63
41.80476,-7.54325,8,1
39.83114,-6.97706,70,46
39.93673,-7.00545,1,0
40.03351,-7.03158,1,0
40.0423,-7.03396,11,2
40.0511,-7.03634,3,2
40.13905,-7.06021,1,1
40.33249,-7.11304,14,3
40.34128,-7.11546,12,0
40.36765,-7.1227,6,1
40.37644,-7.12511,3,2
40.39402,-7.12995,2,2
40.40281,-7.13237,7,4
40.42039,-7.13721,3,1
40.42918,-7.13963,87,51
40.43796,-7.14205,25,14
40.4819,-7.15417,14,2
40.49069,-7.1566,64,15
40.49948,-7.15903,32,12
40.51705,-7.16389,42,11
40.52584,-7.16632,32,5
40.53463,-7.16875,117,32
40.54341,-7.17119,69,17
40.5522,-7.17362,13,1
40.56099,-7.17606,18,6
40.56977,-7.17849,3,0
40.57856,-7.18093,164,54
40.62248,-7.19313,5,2
40.63127,-7.19557,48,20
40.64005,-7.19801,4,0
40.64884,-7.20046,84,28
40.65762,-7.2029,28,5
40.70154,-7.21514,311,155
40.72789,-7.2225,69,47
40.73667,-7.22495,5,5
40.74546,-7.22741,150,62
40.79815,-7.24216,3,3
40.83327,-7.25201,12,3
40.84205,-7.25447,12,3
40.85083,-7.25694,157,59
40.85961,-7.2594,43,15
40.86839,-7.26187,1,1
40.91229,-7.27423,23,4
40.92107,-7.2767,1,1
40.92985,-7.27917,2,2
40.95618,-7.2866,9,2
40.98252,-7.29404,3,0
41.01763,-7.30397,10,0
41.0264,-7.30646,241,107
41.06151,-7.31641,65,29
41.07029,-7.3189,19,11
41.09661,-7.32637,28,18
41.10539,-7.32886,22,10
41.13171,-7.33635,15,9
41.14049,-7.33885,19,5
41.16681,-7.34635,32,19
41.17559,-7.34885,39,26
41.20191,-7.35636,42,21
41.21068,-7.35886,33,16
41.22823,-7.36387,21,11
41.237,-7.36638,98,43
41.25454,-7.3714,2,2
41.2984,-7.38397,61,36
41.30717,-7.38648,31,20
41.36857,-7.40412,181,71
41.38611,-7.40917,27,7
41.39488,-7.41169,84,38
41.40365,-7.41422,17,2
41.41242,-7.41675,23,9
41.42119,-7.41927,23,7
41.45626,-7.4294,70,35
41.46503,-7.43193,2,0
41.4738,-7.43447,17,5
41.48256,-7.437,133,72
41.49133,-7.43954,43,28
41.5527,-7.45732,30,9
41.57023,-7.46241,11,7
41.579,-7.46495,19,13
41.58776,-7.4675,54,29
41.6053,-7.4726,28,9
41.61406,-7.47515,62,30
41.62283,-7.4777,13,3
41.63159,-7.48025,43,20
41.64036,-7.4828,33,12
41.64912,-7.48536,6,5
41.65788,-7.48791,14,7
41.66665,-7.49047,23,8
41.67541,-7.49303,36,14
41.68418,-7.49558,45,14
41.69294,-7.49814,36,7
41.7017,-7.5007,77,13
41.71047,-7.50326,45,11
41.71923,-7.50582,14,5
41.72799,-7.50839,50,23
41.73676,-7.51095,165,28
41.74552,-7.51352,98,24
41.75428,-7.51608,11,2
41.77181,-7.52122,2,0
41.81561,-7.53407,8,4
41.82437,-7.53664,1,0
39.95635,-6.99875,7,4
40.03552,-7.02013,245,148
40.04432,-7.02251,261,143
40.31694,-7.09673,5,0
40.33452,-7.10155,4,0
40.34331,-7.10396,68,23
40.3521,-7.10637,20,6
40.36089,-7.10878,6,4
40.44,-7.13053,19,13
40.44879,-7.13295,7,2
40.45757,-7.13538,6,5
40.48394,-7.14265,11,5
40.49273,-7.14508,67,23
40.50152,-7.1475,87,19
40.53666,-7.15722,64,25
40.54545,-7.15965,57,17
40.56302,-7.16452,1,1
40.57181,-7.16695,2,1
40.5806,-7.16939,35,4
40.61574,-7.17914,40,17
40.6421,-7.18646,74,32
40.65088,-7.18891,7,1
40.66845,-7.19379,7,4
40.67723,-7.19624,11,9
40.6948,-7.20113,3,0
40.70359,-7.20358,18,9
40.72115,-7.20848,7,5
40.72994,-7.21093,3,0
40.73872,-7.21339,2,2
40.7475,-7.21584,12,1
40.80019,-7.23058,18,13
40.80898,-7.23304,4,4
40.82654,-7.23796,140,74
40.83532,-7.24042,5,2
40.8441,-7.24289,4,2
40.86166,-7.24782,2,1
40.89678,-7.25769,3,0
40.92312,-7.2651,2,0
40.95824,-7.275,34,7
40.96702,-7.27748,44,15
40.98457,-7.28243,4,0
40.99335,-7.28491,62,29
41.02846,-7.29484,5,2
41.03724,-7.29732,3,0
41.06357,-7.30478,16,4
41.07234,-7.30727,17,9
41.0899,-7.31225,5,0
41.09867,-7.31474,4,4
41.10745,-7.31723,126,67
41.11622,-7.31973,13,1
41.125,-7.32222,87,41
41.21274,-7.34721,2,0
41.22152,-7.34972,85,33
41.23029,-7.35222,61,23
41.23906,-7.35473,2,0
41.26538,-7.36225,15,7
41.34433,-7.38488,2,1
41.36187,-7.38992,50,20
41.41449,-7.40506,87,33
41.42326,-7.40759,11,4
41.43203,-7.41012,55,6
41.45833,-7.41771,32,13
41.4671,-7.42024,52,20
41.47587,-7.42277,89,39
41.48464,-7.4253,25,14
41.49341,-7.42784,35,23
41.51971,-7.43545,25,13
41.53724,-7.44053,29,11
41.55478,-7.44561,34,7
41.57231,-7.4507,6,0
41.58108,-7.45324,59,35
41.58984,-7.45579,24,5
41.59861,-7.45833,82,27
41.61614,-7.46343,19,9
41.64244,-7.47108,45,15
41.6512,-7.47363,60,27
41.65996,-7.47618,12,0
41.66873,-7.47874,17,11
41.67749,-7.48129,28,9
41.68626,-7.48385,15,4
41.69502,-7.48641,56,12
41.70379,-7.48897,41,7
41.71255,-7.49153,520,178
41.72131,-7.49409,50,9
41.73008,-7.49665,120,22
41.73884,-7.49921,400,91
41.7476,-7.50177,76,11
41.77389,-7.50947,78,26
41.79141,-7.5146,3,1
41.80018,-7.51717,30,11
41.80894,-7.51974,84,28
41.8177,-7.52232,69,50
39.96716,-6.98969,2,0
40.02874,-7.0063,3,0
40.03754,-7.00868,7,3
40.04634,-7.01106,15,8
40.05514,-7.01344,8,2
40.29259,-7.07801,7,4
40.30138,-7.08042,1,1
40.33655,-7.09005,5,1
40.34534,-7.09246,256,71
40.35413,-7.09487,622,166
40.36292,-7.09728,36,6
40.37171,-7.09969,126,40
40.41566,-7.11176,12,5
40.44203,-7.11902,7,6
40.45961,-7.12386,21,13
40.4684,-7.12628,38,16
40.49476,-7.13355,38,14
40.50355,-7.13598,25,14
40.51234,-7.1384,47,21
40.5387,-7.14569,1,0
40.57385,-7.15541,8,5
40.58263,-7.15785,7,4
40.59142,-7.16028,5,0
40.60021,-7.16272,87,39
40.61778,-7.16759,24,8
40.68806,-7.18713,18,12
40.69684,-7.18957,4,2
40.70563,-7.19202,3,2
40.71441,-7.19447,71,36
40.72319,-7.19692,42,12
40.73198,-7.19937,2,2
40.74954,-7.20427,90,38
40.76711,-7.20918,15,5
40.77589,-7.21163,11,8
40.83737,-7.22884,1,1
40.85493,-7.23376,6,2
40.86371,-7.23623,4,0
40.88127,-7.24116,2,1
40.95151,-7.26092,102,86
40.96029,-7.26339,959,237
40.96907,-7.26587,481,102
40.97785,-7.26834,29,2
40.98662,-7.27082,31,18
40.9954,-7.2733,67,15
41.00418,-7.27578,6,2
41.01296,-7.27826,64,25
41.05685,-7.29067,12,2
41.06562,-7.29316,36,9
41.10951,-7.3056,2,0
41.22358,-7.33807,14,7
41.26744,-7.3506,34,14
41.28499,-7.35561,179,97
41.32885,-7.36818,2,1
41.33762,-7.37069,13,1
41.34639,-7.37321,214,66
41.35516,-7.37573,3,0
41.36393,-7.37825,128,59
41.41656,-7.39338,26,13
41.4341,-7.39843,36,7
41.51301,-7.42121,13,8
41.52178,-7.42375,6,6
41.55685,-7.4339,129,49
41.56562,-7.43644,183,62
41.57439,-7.43898,4,3
41.58315,-7.44153,46,17
41.59192,-7.44407,30,16
41.61822,-7.45171,14,11
41.62698,-7.45426,26,11
41.63575,-7.4568,16,7
41.64451,-7.45935,7,1
41.65328,-7.46191,3,0
41.68834,-7.47212,60,20
41.6971,-7.47467,46,16
41.70587,-7.47723,71,29
41.71463,-7.47979,266,95
41.72339,-7.48235,136,35
41.73216,-7.48491,1102,212
41.74092,-7.48747,972,229
41.74968,-7.49003,403,122
41.75845,-7.49259,89,28
41.76721,-7.49516,17,9
41.77597,-7.49772,138,49
41.78474,-7.50029,40,9
41.81102,-7.50799,43,28
41.81979,-7.51056,45,11
40.29461,-7.06652,16,8
40.30341,-7.06893,295,192
40.32978,-7.07614,3,2
40.33857,-7.07855,4,1
40.34737,-7.08095,444,149
40.35616,-7.08336,623,178
40.37374,-7.08818,24,7
40.39132,-7.09301,84,26
40.40011,-7.09542,73,26
40.4089,-7.09783,15,8
40.41769,-7.10025,91,61
40.47043,-7.11476,97,48
40.49679,-7.12202,3,1
40.50558,-7.12445,25,13
40.51437,-7.12687,35,17
40.54073,-7.13415,14,9
40.57588,-7.14387,32,11
40.58467,-7.14631,58,28
40.59346,-7.14874,16,6
40.65496,-7.1658,90,33
40.72524,-7.18535,4,0
40.73402,-7.1878,3,0
40.7428,-7.19025,82,34
40.76037,-7.19515,4,2
40.77794,-7.20006,36,23
40.87454,-7.2271,6,2
40.90088,-7.2345,3,0
40.90966,-7.23696,105,69
40.91844,-7.23943,2,1
40.96234,-7.25179,333,102
40.97112,-7.25426,186,70
40.9799,-7.25674,3,0
40.99746,-7.26169,30,16
41.00623,-7.26417,6,1
41.05012,-7.27657,12,5
41.0589,-7.27905,1,1
41.09401,-7.28899,154,62
41.10279,-7.29148,21,4
41.12911,-7.29895,5,0
41.13789,-7.30144,18,8
41.14667,-7.30394,3,1
41.20809,-7.32141,71,36
41.21686,-7.32391,9,6
41.23441,-7.32892,72,22
41.29582,-7.34646,79,33
41.31337,-7.35148,1,1
41.32214,-7.35399,79,43
41.38354,-7.37161,84,39
41.39231,-7.37413,1,1
41.40985,-7.37917,1,0
41.48001,-7.39938,3,2
41.48878,-7.40191,10,3
41.53262,-7.41458,2,2
41.54139,-7.41711,41,15
41.55016,-7.41965,3,1
41.55893,-7.42219,118,58
41.56769,-7.42473,441,110
41.57646,-7.42727,67,20
41.58523,-7.42981,39,21
41.60276,-7.4349,65,21
41.61153,-7.43744,55,35
41.62029,-7.43999,8,3
41.62906,-7.44253,47,22
41.63782,-7.44508,8,3
41.64659,-7.44763,70,29
41.65536,-7.45018,49,12
41.66412,-7.45273,33,8
41.67289,-7.45528,37,19
41.69042,-7.46039,34,8
41.69918,-7.46294,104,39
41.70795,-7.46549,19,8
41.71671,-7.46805,178,75
41.72547,-7.47061,340,124
41.73424,-7.47317,822,225
41.743,-7.47573,4110,1159
41.75177,-7.47829,2784,532
41.76053,-7.48085,562,223
41.76929,-7.48341,93,28
41.77806,-7.48597,95,19
41.78682,-7.48854,269,76
41.79558,-7.4911,4,1
41.81311,-7.49624,102,54
41.82187,-7.4988,125,72
41.83063,-7.50137,37,17
39.94478,-6.95971,3,0
40.30543,-7.05743,3,0
40.32302,-7.06224,1,0
40.3406,-7.06705,9,2
40.34939,-7.06945,13,5
40.35818,-7.07186,67,8
40.37577,-7.07668,31,9
40.4373,-7.09356,45,30
40.45488,-7.0984,14,6
40.46367,-7.10081,9,7
40.5164,-7.11534,2,2
40.52519,-7.11777,21,9
40.54277,-7.12262,77,34
40.55156,-7.12505,1,1
40.57792,-7.13233,31,11
40.58671,-7.13476,14,5
40.59549,-7.1372,9,8
40.62185,-7.1445,38,22
40.657,-7.15425,2,2
40.66578,-7.15668,11,1
40.67457,-7.15912,13,2
40.68335,-7.16157,17,4
40.69214,-7.16401,301,117
40.70092,-7.16645,9,0
40.72728,-7.17379,12,5
40.73606,-7.17623,15,4
40.74484,-7.17868,2,2
40.76241,-7.18358,3,0
40.77998,-7.18848,2,2
40.78876,-7.19093,55,20
40.79755,-7.19339,1,0
40.84146,-7.20567,4,2
40.85902,-7.21059,40,27
40.8678,-7.21305,77,45
40.90293,-7.2229,2,2
40.91171,-7.22537,48,23
40.92049,-7.22783,8,3
41.00828,-7.25255,63,33
41.05218,-7.26495,189,87
41.07851,-7.27239,1,1
41.13117,-7.28732,2,0
41.13995,-7.28981,12,6
41.1926,-7.30477,125,66
41.21015,-7.30976,1,1
41.21892,-7.31226,2,1
41.23647,-7.31726,251,56
41.24525,-7.31977,76,2
41.25402,-7.32227,40,19
41.26279,-7.32477,50,25
41.27157,-7.32728,20,8
41.28034,-7.32978,51,11
41.29789,-7.3348,45,25
41.30666,-7.33731,5,0
41.31543,-7.33982,3,1
41.34175,-7.34735,138,37
41.40315,-7.36496,33,15
41.41192,-7.36749,7,4
41.46454,-7.38263,111,76
41.53469,-7.40287,90,50
41.55223,-7.40794,17,6
41.561,-7.41048,182,73
41.56977,-7.41302,3,0
41.57853,-7.41556,32,19
41.5873,-7.4181,68,26
41.62237,-7.42827,5,1
41.63113,-7.43081,29,7
41.64867,-7.4359,5,0
41.65743,-7.43845,9,5
41.6662,-7.441,18,7
41.67496,-7.44355,44,25
41.68373,-7.4461,69,31
41.69249,-7.44865,4,0
41.70126,-7.4512,68,18
41.71002,-7.45376,470,162
41.71879,-7.45631,457,124
41.72755,-7.45887,213,74
41.73632,-7.46142,667,205
41.74508,-7.46398,1821,480
41.75385,-7.46654,1264,268
41.76261,-7.4691,1042,305
41.77137,-7.47166,35,3
41.81519,-7.48448,58,21
41.82395,-7.48705,17,5
41.85024,-7.49475,9,5
41.859,-7.49732,79,36
40.32504,-7.05074,5,0
40.33383,-7.05314,4,3
40.34262,-7.05554,16,0
40.36021,-7.06035,6,0
40.39537,-7.06999,1,0
40.43933,-7.08205,10,4
40.4657,-7.08929,56,37
40.53601,-7.10866,5,5
40.57995,-7.12079,4,2
40.59753,-7.12565,30,16
40.6151,-7.13052,8,2
40.62389,-7.13295,3,2
40.64146,-7.13782,58,23
40.69418,-7.15245,150,78
40.70296,-7.15489,57,27
40.72932,-7.16222,2,1
40.75567,-7.16956,7,3
40.76445,-7.17201,60,23
40.79959,-7.18181,115,71
40.86985,-7.20146,54,43
40.91375,-7.21377,4,0
40.92253,-7.21623,4,2
40.93132,-7.2187,1,0
40.9401,-7.22117,5,1
40.96644,-7.22857,1,0
40.99278,-7.23599,4,0
41.08934,-7.26325,3,3
41.12445,-7.27319,4,0
41.19466,-7.29312,31,10
41.20343,-7.29562,81,30
41.23853,-7.30561,812,224
41.2473,-7.30811,500,114
41.27363,-7.31562,7,3
41.2824,-7.31812,37,16
41.34381,-7.33568,5,0
41.39644,-7.35076,23,13
41.51046,-7.38357,13,5
41.54553,-7.3937,2,2
41.5543,-7.39623,4,1
41.5806,-7.40384,30,11
41.58937,-7.40638,34,14
41.59814,-7.40892,44,25
41.60691,-7.41146,32,21
41.62444,-7.41654,36,18
41.63321,-7.41909,23,16
41.64197,-7.42163,2,1
41.65074,-7.42418,21,14
41.65951,-7.42672,7,3
41.66827,-7.42927,25,12
41.67704,-7.43182,6,4
41.6858,-7.43437,20,6
41.69457,-7.43692,67,34
41.7121,-7.44202,115,43
41.72087,-7.44457,621,186
41.72963,-7.44713,86,41
41.7384,-7.44968,237,72
41.74716,-7.45224,91,41
41.75592,-7.4548,309,101
41.76469,-7.45735,386,103
41.77345,-7.45991,3,0
41.81727,-7.47272,2,0
41.82603,-7.47529,58,37
39.87839,-6.91797,81,40
39.8872,-6.92033,22,11
39.896,-6.92268,5,0
39.9576,-6.9392,2,2
39.9664,-6.94156,21,16
40.33585,-7.04164,8,5
40.34465,-7.04404,10,2
40.35344,-7.04644,2,2
40.37102,-7.05125,3,1
40.37982,-7.05366,42,15
40.3974,-7.05847,14,3
40.44135,-7.07053,22,12
40.47652,-7.08019,3,0
40.51167,-7.08986,80,53
40.52046,-7.09228,60,43
40.5732,-7.10682,45,19
40.58198,-7.10925,53,19
40.59077,-7.11168,4,0
40.59956,-7.11411,4,0
40.62592,-7.1214,50,23
40.66985,-7.13357,2,0
40.67864,-7.13601,44,15
40.705,-7.14333,29,5
40.75771,-7.15799,22,10
40.76649,-7.16043,5,1
40.79284,-7.16778,2,2
40.82798,-7.17759,29,17
40.84554,-7.18249,100,56
40.87189,-7.18987,1,1
40.9597,-7.2145,67,36
40.96848,-7.21696,8,5
41.0036,-7.22685,1,1
41.01238,-7.22932,76,48
41.02116,-7.23179,12,3
41.03872,-7.23675,25,12
41.0475,-7.23922,137,54
41.05628,-7.2417,20,0
41.10894,-7.25659,53,24
41.11772,-7.25907,12,1
41.1265,-7.26156,4,0
41.18793,-7.27898,84,57
41.20549,-7.28397,6,1
41.22304,-7.28896,5,0
41.24936,-7.29645,243,43
41.25814,-7.29895,52,30
41.27568,-7.30395,57,27
41.28446,-7.30646,32,15
41.31078,-7.31397,2,2
41.32833,-7.31899,61,30
41.35465,-7.32651,36,11
41.36342,-7.32903,39,12
41.39851,-7.33908,48,24
41.42482,-7.34663,23,8
41.43359,-7.34915,15,7
41.50375,-7.36934,40,22
41.51252,-7.37187,45,22
41.5476,-7.38199,206,99
41.55637,-7.38452,9,0
41.57391,-7.38959,91,47
41.59144,-7.39466,22,8
41.60021,-7.3972,40,12
41.60898,-7.39974,34,17
41.61775,-7.40228,44,34
41.62651,-7.40482,10,3
41.63528,-7.40736,79,32
41.65281,-7.41245,18,11
41.67911,-7.42009,2,1
41.68788,-7.42263,23,18
41.69664,-7.42518,23,11
41.70541,-7.42773,53,22
41.71418,-7.43028,1,0
41.72294,-7.43283,69,19
41.73171,-7.43539,158,56
41.74047,-7.43794,63,30
41.74924,-7.44049,91,34
41.76677,-7.44561,74,22
41.77553,-7.44816,342,106
41.81059,-7.4584,4,0
41.81935,-7.46097,67,25
41.82811,-7.46353,77,43
41.84564,-7.46866,1,0
40.33788,-7.03014,2,2
40.34667,-7.03254,11,6
40.36425,-7.03734,1,0
40.37305,-7.03975,1,1
40.38184,-7.04215,73,28
40.41701,-7.05178,174,70
40.47854,-7.06866,30,21
40.48733,-7.07108,27,14
40.49612,-7.07349,10,7
40.5137,-7.07833,8,6
40.56644,-7.09286,13,0
40.5928,-7.10013,3,3
40.60159,-7.10256,42,21
40.63674,-7.11228,2,0
40.64553,-7.11471,42,22
40.68067,-7.12445,10,8
40.68946,-7.12689,17,8
40.74217,-7.14153,6,0
40.75974,-7.14641,95,33
40.76853,-7.14886,202,116
40.77731,-7.1513,13,3
40.84758,-7.17091,8,2
40.88271,-7.18073,39,35
40.8915,-7.18319,4,2
40.90906,-7.18811,122,61
40.96175,-7.20289,25,10
41.04077,-7.22512,4,0
41.04955,-7.2276,19,3
41.05832,-7.23008,5,2
41.0671,-7.23255,5,2
41.11099,-7.24495,199,76
41.11977,-7.24744,31,9
41.1461,-7.25489,4,2
41.18999,-7.26733,196,84
41.24264,-7.2823,4,4
41.25142,-7.2848,41,4
41.27774,-7.29229,16,6
41.28652,-7.29479,18,13
41.31284,-7.3023,53,23
41.33039,-7.30731,28,12
41.38302,-7.32237,16,6
41.42688,-7.33494,7,6
41.43565,-7.33746,130,48
41.47074,-7.34754,70,34
41.47951,-7.35006,10,6
41.49705,-7.35511,123,60
41.50582,-7.35764,63,34
41.52336,-7.36269,9,7
41.58474,-7.38041,73,47
41.59351,-7.38295,185,86
41.61982,-7.39056,33,19
41.62858,-7.3931,7,4
41.63735,-7.39564,64,31
41.64612,-7.39818,58,29
41.65488,-7.40072,34,15
41.66365,-7.40326,17,12
41.68119,-7.40835,4,0
41.70748,-7.41599,4,0
41.71625,-7.41854,67,26
41.72502,-7.42109,145,52
41.73378,-7.42364,94,26
41.74255,-7.4262,53,15
41.75131,-7.42875,370,110
41.76008,-7.4313,57,13
41.78637,-7.43897,2,2
41.81266,-7.44665,5,4
41.83019,-7.45177,6,3
41.83895,-7.45433,137,75
41.84772,-7.4569,64,37
40.34869,-7.02104,59,39
40.36627,-7.02584,46,19
40.37507,-7.02824,3,0
40.38386,-7.03064,15,1
40.41903,-7.04026,90,42
40.42782,-7.04267,7,2
40.48936,-7.05955,9,8
40.49815,-7.06196,4,3
40.5421,-7.07405,16,8
40.56847,-7.08132,86,34
40.57725,-7.08374,123,71
40.61241,-7.09344,18,8
40.6212,-7.09587,22,11
40.68271,-7.11289,24,14
40.72664,-7.12508,3,0
40.73542,-7.12751,25,2
40.74421,-7.12996,337,121
40.75299,-7.1324,3,0
40.77935,-7.13973,13,2
40.86719,-7.16423,13,12
40.96379,-7.19128,8,3
40.97257,-7.19375,15,7
40.98135,-7.19621,11,6
40.99013,-7.19868,23,11
40.99891,-7.20115,1,1
41.00769,-7.20362,2,2
41.06037,-7.21845,79,44
41.06915,-7.22093,352,154
41.07793,-7.2234,1,0
41.09549,-7.22836,3,1
41.10427,-7.23084,61,40
41.13938,-7.24077,6,0
41.15693,-7.24574,7,4
41.21837,-7.26316,9,4
41.22714,-7.26565,171,73
41.23592,-7.26815,1,1
41.2447,-7.27064,46,7
41.25347,-7.27314,17,1
41.30612,-7.28813,33,10
41.3149,-7.29063,9,3
41.34999,-7.30065,36,18
41.39386,-7.3132,5,2
41.40263,-7.31571,11,3
41.4114,-7.31823,122,55
41.54296,-7.35604,2,0
41.56927,-7.36363,46,29
41.59558,-7.37123,7,2
41.60435,-7.37376,30,17
41.61312,-7.3763,37,31
41.63065,-7.38137,10,6
41.63942,-7.38391,5,3
41.66572,-7.39153,65,46
41.67449,-7.39408,21,7
41.68326,-7.39662,90,50
41.69202,-7.39916,1,0
41.70079,-7.40171,43,24
41.70956,-7.40425,48,20
41.71832,-7.4068,75,32
41.72709,-7.40935,76,28
41.74462,-7.41445,14,6
41.75339,-7.417,210,100
41.76215,-7.41955,352,139
41.77092,-7.42211,33,9
41.77968,-7.42466,106,45
41.78845,-7.42722,315,122
41.79721,-7.42977,94,26
39.99883,-6.91433,47,21
40.00763,-6.91669,59,22
40.31553,-6.99995,9,1
40.32433,-7.00234,136,85
40.35071,-7.00953,60,28
40.37709,-7.01673,28,3
40.38588,-7.01913,29,2
40.42984,-7.03115,2,0
40.45622,-7.03838,4,0
40.46501,-7.04079,2,0
40.4738,-7.0432,5,4
40.48259,-7.04561,48,33
40.50896,-7.05285,46,10
40.51775,-7.05526,12,2
40.57928,-7.0722,14,2
40.60565,-7.07947,35,5
40.62322,-7.08432,41,28
40.67595,-7.0989,35,16
40.68474,-7.10133,3,3
40.69352,-7.10376,10,7
40.70231,-7.1062,2,0
40.7111,-7.10863,115,56
40.72867,-7.11351,2,0
40.73746,-7.11595,2,0
40.74624,-7.11838,87,26
40.75503,-7.12083,3,2
40.78138,-7.12815,139,86
40.81652,-7.13793,4,0
40.85166,-7.14773,2,2
40.86923,-7.15263,1,1
40.96583,-7.17967,25,18
40.97461,-7.18214,11,6
40.98339,-7.1846,7,4
40.99218,-7.18707,4,3
41.00096,-7.18953,2,2
41.00974,-7.192,6,4
41.06242,-7.20683,4,0
41.12387,-7.22417,1,1
41.15898,-7.23409,34,14
41.2292,-7.254,35,17
41.2643,-7.26397,186,80
41.27308,-7.26647,3,2
41.30818,-7.27646,36,14
41.35205,-7.28898,89,47
41.39591,-7.30152,24,8
41.40469,-7.30403,159,57
41.41346,-7.30654,2,0
41.431,-7.31157,7,0
41.43978,-7.31408,28,5
41.49241,-7.32919,30,16
41.50118,-7.33171,86,41
41.5538,-7.34686,121,63
41.56257,-7.34939,10,8
41.57134,-7.35192,45,13
41.60641,-7.36204,5,1
41.63272,-7.36965,59,40
41.64149,-7.37218,29,12
41.65026,-7.37472,21,14
41.66779,-7.3798,9,3
41.67656,-7.38234,4,4
41.68533,-7.38488,23,11
41.71163,-7.39252,57,27
41.72039,-7.39506,42,21
41.76422,-7.40781,37,14
41.77299,-7.41036,12,5
41.78175,-7.41291,42,4
41.79052,-7.41546,83,16
41.79929,-7.41802,86,31
39.98323,-6.89816,2,2
40.31755,-6.98845,8,2
40.32634,-6.99084,155,86
40.35272,-6.99803,44,23
40.37911,-7.00522,165,54
40.3879,-7.00762,24,8
40.41428,-7.01483,71,50
40.43186,-7.01964,6,4
40.45824,-7.02685,6,3
40.46703,-7.02926,44,10
40.47582,-7.03167,2,2
40.48461,-7.03408,9,5
40.51099,-7.04132,95,39
40.51978,-7.04373,21,10
40.58131,-7.06065,44,21
40.5901,-7.06307,3,0
40.59889,-7.0655,218,123
40.60768,-7.06792,6,5
40.63404,-7.07519,15,2
40.64283,-7.07762,26,8
40.66041,-7.08248,56,26
40.66919,-7.08491,10,6
40.71313,-7.09707,30,19
40.72192,-7.0995,18,2
40.73949,-7.10438,52,13
40.77463,-7.11413,2,0
40.78342,-7.11657,9,5
40.81856,-7.12635,16,12
40.84491,-7.13369,42,33
40.8537,-7.13614,83,43
40.98544,-7.17299,149,85
40.99422,-7.17545,7,3
41.01178,-7.18038,3,2
41.02056,-7.18285,3,0
41.10836,-7.20757,71,25
41.11714,-7.21005,3,0
41.15225,-7.21997,1,0
41.16981,-7.22493,84,31
41.24002,-7.24483,33,15
41.2488,-7.24733,9,0
41.26635,-7.25231,50,23
41.37165,-7.28231,5,3
41.38042,-7.28482,92,17
41.44184,-7.30239,12,3
41.50324,-7.32001,4,0
41.51201,-7.32253,2,0
41.52078,-7.32505,221,97
41.52955,-7.32757,10,3
41.53832,-7.3301,16,8
41.55586,-7.33515,4,1
41.5734,-7.3402,4,3
41.59094,-7.34526,116,77
41.59971,-7.34779,65,26
41.60848,-7.35032,163,105
41.61725,-7.35285,140,76
41.62602,-7.35539,2,2
41.64355,-7.36046,43,27
41.65232,-7.36299,40,16
41.66109,-7.36553,17,7
41.66986,-7.36807,45,12
41.67863,-7.37061,30,15
41.68739,-7.37315,9,6
41.69616,-7.37569,5,1
41.7137,-7.38078,4,0
41.74,-7.38841,5,1
41.74876,-7.39096,39,17
41.75753,-7.39351,45,8
41.7663,-7.39606,36,5
41.79259,-7.40371,3,2
39.99403,-6.88907,62,32
40.00283,-6.89143,61,19
40.33715,-6.98173,1,0
40.38112,-6.99371,14,7
40.38992,-6.99611,4,1
40.4163,-7.00331,32,3
40.43388,-7.00812,30,23
40.46026,-7.01533,36,22
40.46905,-7.01774,3,3
40.53059,-7.03461,24,6
40.53938,-7.03703,60,35
40.58333,-7.04911,2,2
40.60091,-7.05395,17,2
40.63607,-7.06364,81,49
40.67122,-7.07335,41,33
40.70637,-7.08307,26,14
40.73273,-7.09037,4,0
40.74152,-7.0928,223,100
40.75031,-7.09524,29,11
40.82059,-7.11477,13,7
40.85573,-7.12455,1,1
40.95235,-7.15153,28,18
40.98748,-7.16138,67,28
40.99626,-7.16384,6,1
41.03138,-7.1737,15,6
41.04016,-7.17617,30,18
41.1104,-7.19594,30,11
41.17185,-7.21329,3,0
41.19819,-7.22074,9,3
41.20697,-7.22323,3,0
41.2333,-7.23069,31,21
41.24207,-7.23318,24,16
41.31228,-7.25313,110,44
41.32106,-7.25562,3,3
41.33861,-7.26062,124,69
41.39125,-7.27564,10,7
41.43512,-7.28818,55,16
41.44389,-7.2907,212,101
41.54038,-7.31839,47,22
41.55792,-7.32343,58,31
41.56669,-7.32596,17,10
41.60177,-7.33607,3,1
41.61054,-7.3386,43,17
41.65439,-7.35126,57,24
41.66316,-7.3538,13,5
41.67193,-7.35634,40,10
41.68069,-7.35887,15,7
41.75083,-7.37921,3,0
41.7596,-7.38176,55,15
41.76837,-7.38431,18,5
41.77713,-7.38686,7,4
41.79466,-7.39196,90,22
41.80343,-7.39451,42,14
41.8122,-7.39706,69,33
40.29519,-6.95828,44,21
40.30399,-6.96067,12,4
40.34796,-6.97262,10,2
40.35676,-6.97502,113,18
40.36555,-6.97741,52,7
40.37434,-6.97981,3,0
40.39193,-6.9846,11,6
40.41831,-6.9918,39,14
40.42711,-6.9942,17,11
40.45349,-7.0014,9,7
40.47107,-7.00621,1,1
40.50624,-7.01584,2,1
40.56778,-7.03273,24,10
40.7084,-7.0715,120,69
40.71719,-7.07393,4,4
40.72597,-7.07637,2,2
40.73476,-7.0788,4,2
40.75234,-7.08367,6,2
40.76991,-7.08854,26,4
40.95438,-7.13993,82,59
40.96317,-7.14238,3,0
40.97195,-7.14484,2,1
41.03342,-7.16208,184,70
41.0422,-7.16454,38,21
41.20023,-7.20909,104,49
41.20901,-7.21157,158,79
41.27045,-7.22899,13,5
41.27923,-7.23148,1,1
41.31433,-7.24146,210,101
41.32311,-7.24395,11,8
41.59507,-7.32182,12,2
41.60384,-7.32435,160,55
41.61261,-7.32688,18,1
41.63891,-7.33447,6,3
41.64768,-7.337,2,0
41.65645,-7.33953,11,1
41.66522,-7.34207,18,8
41.67399,-7.3446,153,71
41.68276,-7.34714,14,5
41.7266,-7.35984,45,20
41.73537,-7.36238,88,35
41.74413,-7.36492,44,11
41.76167,-7.37001,8,2
41.79673,-7.3802,180,84
41.8055,-7.38275,78,22
41.81427,-7.3853,6,2
40.27081,-6.93963,4,0
40.2972,-6.94679,245,160
40.306,-6.94917,3,1
40.34997,-6.96112,61,17
40.35877,-6.96351,581,232
40.39395,-6.97309,139,84
40.40274,-6.97548,14,3
40.50826,-7.00431,199,87
40.51705,-7.00672,44,16
40.5698,-7.02119,40,12
40.728,-7.0648,5,3
40.73679,-7.06723,142,54
40.74558,-7.06966,6,4
40.75436,-7.07209,3,1
40.76315,-7.07453,26,3
40.77194,-7.07696,815,134
40.78072,-7.0794,180,15
40.9125,-7.11605,29,21
40.92129,-7.11851,1,1
40.97399,-7.13323,30,14
41.00033,-7.14061,5,1
41.05302,-7.15538,14,0
41.06181,-7.15785,29,5
41.07059,-7.16032,45,14
41.10571,-7.1702,44,25
41.13205,-7.17761,2,0
41.16717,-7.18752,2,1
41.23739,-7.20737,72,41
41.24617,-7.20986,2,1
41.25495,-7.21235,141,48
41.26372,-7.21484,6,1
41.2725,-7.21733,37,9
41.28128,-7.21982,88,29
41.36026,-7.24227,3,2
41.36904,-7.24477,65,30
41.41291,-7.25728,105,40
41.42168,-7.25979,16,8
41.46555,-7.27233,83,36
41.51819,-7.28741,32,18
41.57959,-7.30505,6,0
41.58836,-7.30758,23,7
41.59713,-7.3101,215,52
41.6059,-7.31263,2291,596
41.61467,-7.31515,561,136
41.62344,-7.31768,71,21
41.63221,-7.32021,24,4
41.64975,-7.32527,13,5
41.65852,-7.3278,258,128
41.66728,-7.33034,267,108
41.69359,-7.33794,6,4
41.70236,-7.34048,31,24
41.71113,-7.34301,15,8
41.72866,-7.34809,29,14
41.73743,-7.35063,45,40
41.76373,-7.35826,42,21
41.8251,-7.37609,2,1
41.83387,-7.37865,95,48
40.35199,-6.94961,117,29
40.36078,-6.952,207,109
40.39596,-6.96157,12,2
40.40476,-6.96397,8,3
40.41355,-6.96636,5,4
40.43993,-6.97356,2,0
40.4839,-6.98556,14,1
40.52786,-6.99759,1,1
40.57182,-7.00965,21,3
40.58061,-7.01206,15,0
40.5894,-7.01447,106,41
40.65972,-7.03382,72,46
40.75639,-7.06052,5,1
40.76518,-7.06295,65,5
40.77396,-7.06539,1403,422
40.78275,-7.06782,21,1
40.79154,-7.07026,3,0
41.05506,-7.14376,2,0
41.07263,-7.14869,399,79
41.08141,-7.15116,270,75
41.16043,-7.1734,8,3
41.16921,-7.17587,258,137
41.17799,-7.17835,16,8
41.23944,-7.19572,17,13
41.26577,-7.20317,11,4
41.27455,-7.20566,15,7
41.36231,-7.23059,11,3
41.37109,-7.23309,32,18
41.37986,-7.23559,26,13
41.41496,-7.24559,15,2
41.45883,-7.25812,7,3
41.4676,-7.26063,232,97
41.48515,-7.26565,9,6
41.49392,-7.26816,31,9
41.51147,-7.27319,43,25
41.52024,-7.2757,23,12
41.52901,-7.27822,13,3
41.55533,-7.28577,128,67
41.5641,-7.28829,5,3
41.59919,-7.29838,29,4
41.60796,-7.3009,518,151
41.61673,-7.30343,68,27
41.6255,-7.30596,35,8
41.65181,-7.31354,6,3
41.66058,-7.31607,334,116
41.66935,-7.3186,56,15
41.71319,-7.33127,43,24
41.7395,-7.33889,47,22
41.7658,-7.34651,65,38
41.77457,-7.34905,9,4
40.36279,-6.94049,4,0
40.38918,-6.94767,2,2
40.39797,-6.95006,4,0
40.41556,-6.95485,14,7
40.42436,-6.95724,18,7
40.44195,-6.96204,102,60
40.45074,-6.96443,82,34
40.46833,-6.96923,9,5
40.48591,-6.97404,53,20
40.49471,-6.97644,1,0
40.55625,-6.99328,49,35
40.57384,-6.9981,2,1
40.60021,-7.00534,9,2
40.61779,-7.01017,98,49
40.75842,-7.04895,2,2
40.7672,-7.05138,5,4
40.77599,-7.05381,218,74
40.78478,-7.05624,5,2
40.79357,-7.05868,30,4
40.80235,-7.06111,82,30
40.88143,-7.08307,108,57
41.0571,-7.13213,2,1
41.06588,-7.1346,10,2
41.07466,-7.13706,154,35
41.08344,-7.13953,1618,487
41.09223,-7.14199,246,29
41.18881,-7.16918,1,0
41.26781,-7.19151,1,1
41.27659,-7.194,34,18
41.28537,-7.19648,52,20
41.42579,-7.23641,10,4
41.43456,-7.23891,56,16
41.46088,-7.24643,5,0
41.46966,-7.24893,2,1
41.4872,-7.25395,54,25
41.49598,-7.25646,103,55
41.53107,-7.26651,4,3
41.55739,-7.27406,29,15
41.59247,-7.28414,7,3
41.60124,-7.28666,16,0
41.61001,-7.28918,28,10
41.61879,-7.29171,4,1
41.62756,-7.29423,131,61
41.63633,-7.29676,2,0
41.67141,-7.30687,8,0
41.69772,-7.31446,19,9
41.7854,-7.33984,43,12
41.79417,-7.34239,5,0
41.80293,-7.34493,56,12
41.8117,-7.34748,30,10
41.82047,-7.35002,3,0
41.82924,-7.35257,7,0
40.27684,-6.90515,2,1
40.44396,-6.95051,3,2
40.45275,-6.95291,1,1
40.47034,-6.95771,5,0
40.54948,-6.97933,22,13
40.55827,-6.98174,22,17
40.57585,-6.98656,13,7
40.59344,-6.99138,8,1
40.60223,-6.99379,43,7
40.61981,-6.99862,10,5
40.69013,-7.01797,31,23
40.69892,-7.02039,1,1
40.76044,-7.03737,5,0
40.76923,-7.0398,87,27
40.83074,-7.05683,7,1
41.0767,-7.12543,7,1
41.08548,-7.12789,18,4
41.09426,-7.13036,5,0
41.12939,-7.14023,3,3
41.13817,-7.1427,5,0
41.19085,-7.15753,8,5
41.19963,-7.16001,21,7
41.22597,-7.16744,6,4
41.23474,-7.16992,174,59
41.26986,-7.17985,371,145
41.30497,-7.18979,18,9
41.34008,-7.19975,6,0
41.34885,-7.20224,56,14
41.37518,-7.20973,60,41
41.38396,-7.21222,12,7
41.45416,-7.23222,3,0
41.53312,-7.2548,50,23
41.59453,-7.27242,219,84
41.6033,-7.27494,2,2
41.61207,-7.27746,320,132
41.62084,-7.27998,7,1
41.63838,-7.28503,16,4
41.71731,-7.30779,9,6
41.72608,-7.31032,95,34
41.75239,-7.31793,27,6
41.76116,-7.32047,38,26
41.7787,-7.32555,4,0
41.78746,-7.32809,131,45
41.805,-7.33317,101,40
41.81377,-7.33572,59,33
41.82253,-7.33826,210,96
40.28764,-6.89604,220,123
40.3844,-6.92225,2,1
40.3932,-6.92464,42,14
40.45476,-6.94139,1,0
40.52511,-6.96058,28,22
40.57787,-6.97501,3,3
40.65699,-6.99673,7,2
40.72731,-7.01609,6,4
40.7361,-7.01851,79,45
40.77125,-7.02822,64,26
40.86791,-7.05499,74,40
40.90306,-7.06476,90,61
41.08752,-7.11626,4,0
41.13142,-7.12859,66,21
41.1402,-7.13105,1,1
41.19289,-7.14588,29,18
41.2719,-7.16818,32,5
41.28068,-7.17067,31,12
41.30701,-7.17812,205,71
41.31579,-7.18061,97,22
41.32457,-7.1831,7,0
41.33334,-7.18558,3,0
41.34212,-7.18807,55,23
41.3509,-7.19056,147,57
41.39478,-7.20303,55,19
41.40356,-7.20553,44,11
41.42111,-7.21052,60,19
41.42988,-7.21302,13,0
41.45621,-7.22053,1,1
41.49131,-7.23055,70,24
41.5264,-7.24058,8,2
41.57027,-7.25314,70,44
41.61413,-7.26573,25,10
41.6229,-7.26825,2,2
41.64044,-7.2733,24,7
41.7106,-7.29352,32,17
41.71937,-7.29605,3,1
41.72814,-7.29858,6,0
41.73691,-7.30111,2,1
41.76322,-7.30872,28,15
41.8246,-7.3265,6,0
41.83336,-7.32905,6,1
40.28964,-6.88454,88,35
40.38641,-6.91074,199,130
40.39521,-6.91313,109,53
40.42159,-6.92029,4,0
40.47436,-6.93465,61,39
40.50075,-6.94184,21,5
40.57109,-6.96106,4,4
40.57988,-6.96347,43,20
40.65901,-6.98517,38,18
40.6678,-6.98758,104,81
40.67659,-6.99,2,1
40.72933,-7.00452,3,0
40.73812,-7.00694,14,4
40.74691,-7.00937,7,0
40.77327,-7.01664,6,1
40.826,-7.03122,2,1
40.86994,-7.0434,2,2
40.87872,-7.04584,1,1
41.05442,-7.09479,66,30
41.0632,-7.09725,11,6
41.1159,-7.11202,3,0
41.13346,-7.11695,44,19
41.15102,-7.12188,4,0
41.23882,-7.1466,23,6
41.2476,-7.14908,28,20
41.28272,-7.159,78,30
41.30028,-7.16397,2,1
41.30905,-7.16645,355,69
41.31783,-7.16894,12,5
41.32661,-7.17142,3,0
41.33539,-7.17391,7,2
41.34417,-7.1764,6,2
41.36172,-7.18138,18,8
41.42315,-7.19883,6,0
41.43193,-7.20133,15,1
41.45826,-7.20883,2,0
41.46703,-7.21133,3,0
41.47581,-7.21383,9,3
41.48458,-7.21634,52,41
41.49336,-7.21884,2,0
41.5109,-7.22386,34,18
41.51968,-7.22636,76,34
41.58109,-7.24394,3,0
41.65127,-7.26409,314,109
41.67758,-7.27166,22,10
41.68635,-7.27419,152,77
41.75651,-7.29443,26,12
41.77405,-7.2995,105,53
41.78282,-7.30204,3,0
41.80036,-7.30712,8,0
41.81789,-7.3122,67,32
40.37962,-6.89684,4,0
40.38842,-6.89923,4,1
40.4148,-6.90639,2,2
40.4236,-6.90877,199,110
40.44999,-6.91594,17,10
40.54672,-6.94231,6,5
40.5731,-6.94952,24,11
40.59069,-6.95433,26,12
40.59948,-6.95674,2,0
40.63465,-6.96637,70,45
40.67861,-6.97844,41,21
40.6874,-6.98085,4,0
40.69619,-6.98327,17,10
40.70498,-6.98569,35,25
40.74014,-6.99537,10,6
40.74893,-6.99779,3,1
40.88953,-7.03668,163,74
40.95104,-7.05377,207,120
41.07402,-7.08808,1,1
41.10915,-7.09792,1,1
41.13549,-7.1053,2,0
41.16184,-7.1127,4,0
41.1794,-7.11764,31,15
41.18818,-7.12011,120,39
41.19696,-7.12258,12,5
41.20574,-7.12505,19,3
41.2672,-7.14237,124,69
41.27598,-7.14485,4,3
41.30232,-7.1523,399,90
41.3111,-7.15478,1217,397
41.35499,-7.16721,61,25
41.36376,-7.1697,50,21
41.38132,-7.17468,70,23
41.43398,-7.18964,9,6
41.4603,-7.19713,11,3
41.46908,-7.19963,32,10
41.47785,-7.20213,67,12
41.48663,-7.20464,80,18
41.50418,-7.20964,12,5
41.51295,-7.21215,50,17
41.55682,-7.22469,48,13
41.57437,-7.22971,1,0
41.58314,-7.23222,80,33
41.59192,-7.23474,172,81
41.63578,-7.24732,3,0
41.65332,-7.25236,5,3
41.67964,-7.25993,19,6
41.68841,-7.26245,56,32
41.70595,-7.2675,20,8
41.71472,-7.27003,21,10
41.7498,-7.28015,2,2
41.75857,-7.28268,47,27
41.77611,-7.28775,93,45
41.78488,-7.29028,1,1
41.80242,-7.29536,117,60
41.82872,-7.30298,115,76
40.33764,-6.87342,8,3
40.34643,-6.8758,107,75
40.45199,-6.90442,3,3
40.5927,-6.94278,13,8
40.66304,-6.96205,22,9
40.6982,-6.9717,3,2
40.70699,-6.97412,7,4
40.71578,-6.97654,1,0
40.83004,-7.00805,11,10
40.85641,-7.01534,4,1
40.88277,-7.02264,5,2
40.89156,-7.02508,28,14
40.95306,-7.04216,10,0
40.96185,-7.0446,9,0
40.9882,-7.05193,20,2
40.99699,-7.05438,265,120
41.00577,-7.05683,23,6
41.02334,-7.06173,55,37
41.03213,-7.06418,35,19
41.18143,-7.10599,36,11
41.19022,-7.10846,6,1
41.22534,-7.11834,14,3
41.23412,-7.12081,119,57
41.29558,-7.13814,2,0
41.30436,-7.14063,5,1
41.31313,-7.14311,125,11
41.38336,-7.16299,168,56
41.39214,-7.16548,40,17
41.40969,-7.17046,54,23
41.41847,-7.17296,8,5
41.45357,-7.18294,1,1
41.47112,-7.18793,329,87
41.4799,-7.19043,2493,545
41.48867,-7.19293,1538,314
41.49745,-7.19543,3,0
41.50622,-7.19794,8,4
41.515,-7.20044,30,6
41.5501,-7.21046,3,1
41.55887,-7.21297,31,11
41.56765,-7.21548,73,25
41.57642,-7.21799,126,52
41.58519,-7.2205,18,10
41.60274,-7.22553,2,0
41.61151,-7.22804,112,59
41.62028,-7.23056,88,27
41.67292,-7.24567,7,4
41.73432,-7.26334,40,25
41.74309,-7.26587,29,14
41.75186,-7.2684,37,19
41.76063,-7.27093,2,0
41.7694,-7.27346,9,7
41.80447,-7.2836,8,5
41.83078,-7.29121,44,28
41.83955,-7.29375,96,46
40.31324,-6.85479,2,2
40.32204,-6.85717,4,1
40.33964,-6.86192,176,71
40.34844,-6.8643,122,75
40.41002,-6.88096,11,6
40.454,-6.8929,22,13
40.4628,-6.89528,10,7
40.53316,-6.91443,219,131
40.54195,-6.91683,9,1
40.66505,-6.95049,8,8
40.67384,-6.9529,17,12
40.88479,-7.01104,4,0
40.99902,-7.04276,1,1
41.10443,-7.07218,48,41
41.11321,-7.07464,13,7
41.13077,-7.07956,1,1
41.13956,-7.08202,6,5
41.14834,-7.08448,86,34
41.20981,-7.10174,2,0
41.21859,-7.10421,1,0
41.22737,-7.10668,14,4
41.23615,-7.10915,6,1
41.24493,-7.11162,2,0
41.31517,-7.13143,96,47
41.32395,-7.13391,52,11
41.41173,-7.15877,227,105
41.42051,-7.16126,48,14
41.46439,-7.17374,10,0
41.47317,-7.17623,1045,237
41.48194,-7.17873,3161,838
41.49072,-7.18123,1313,252
41.4995,-7.18373,164,24
41.51705,-7.18873,3,1
41.52582,-7.19123,9,0
41.5346,-7.19374,13,8
41.62233,-7.21883,42,10
41.63111,-7.22134,2,1
41.65743,-7.22889,1,1
41.6662,-7.23141,9,1
41.67497,-7.23393,11,2
41.68374,-7.23645,32,13
41.69251,-7.23897,19,5
41.75391,-7.25665,241,123
41.76268,-7.25918,23,10
41.77145,-7.26171,29,7
41.79776,-7.2693,24,12
41.82407,-7.27691,2,2
40.32404,-6.84566,228,157
40.33284,-6.84804,5,5
40.40322,-6.86706,2,2
40.41202,-6.86945,197,128
40.42082,-6.87183,36,20
40.53516,-6.90289,21,6
40.6231,-6.92689,12,10
40.64069,-6.9317,24,17
40.69344,-6.94616,2,1
40.78135,-6.97032,50,28
40.88681,-6.99945,2,1
40.93954,-7.01406,84,43
40.94832,-7.01649,31,12
41.10645,-7.06055,2,2
41.15037,-7.07284,52,19
41.22063,-7.09255,3,0
41.22941,-7.09502,3,0
41.3611,-7.13216,1,0
41.44888,-7.15705,144,55
41.45766,-7.15954,8,2
41.46643,-7.16204,19,4
41.47521,-7.16453,6,2
41.48399,-7.16703,262,63
41.49276,-7.16952,647,156
41.50154,-7.17202,92,33
41.51031,-7.17452,290,88
41.51909,-7.17702,44,11
41.52787,-7.17952,2,2
41.53664,-7.18203,229,81
41.54542,-7.18453,31,7
41.55419,-7.18703,94,40
41.62438,-7.2071,50,22
41.63316,-7.20961,14,3
41.64193,-7.21213,86,39
41.6507,-7.21464,48,34
41.68579,-7.22471,71,42
41.69456,-7.22723,5,4
41.71211,-7.23227,177,100
41.75596,-7.2449,37,4
41.76474,-7.24743,24,15
41.77351,-7.24995,2,2
41.79105,-7.25501,99,44
41.79982,-7.25755,137,56
41.81736,-7.26261,31,9
41.82613,-7.26515,99,56
40.37883,-6.84841,2,2
40.41402,-6.85793,6,1
40.42282,-6.86031,8,2
40.54596,-6.89375,4,0
40.58994,-6.90573,9,9
40.88883,-6.98785,8,2
41.14362,-7.05873,1,0
41.16996,-7.06611,10,1
41.17875,-7.06857,5,3
41.25778,-7.09077,4,1
41.26656,-7.09324,3,2
41.2929,-7.10066,20,11
41.30168,-7.10313,113,44
41.35436,-7.118,100,45
41.36314,-7.12048,53,18
41.39826,-7.13042,117,41
41.45092,-7.14535,52,16
41.48603,-7.15532,64,31
41.4948,-7.15782,63,21
41.51236,-7.16281,344,94
41.52113,-7.16531,51,10
41.52991,-7.16781,87,53
41.53868,-7.17031,70,18
41.58256,-7.18283,65,29
41.61766,-7.19286,1,1
41.62643,-7.19537,66,28
41.6352,-7.19788,27,16
41.64398,-7.2004,11,1
41.65275,-7.20291,79,44
41.66152,-7.20542,5,2
41.67907,-7.21046,1,0
41.71416,-7.22053,2,1
41.72293,-7.22305,8,7
41.74047,-7.2281,4,2
41.74925,-7.23062,26,21
41.77556,-7.2382,15,8
41.7931,-7.24326,102,61
41.85449,-7.26099,91,57
40.33684,-6.82503,56,51
40.37203,-6.83452,3,2
40.38083,-6.8369,4,2
40.46001,-6.85832,2,0
40.46881,-6.8607,11,10
40.4776,-6.86309,9,3
40.55676,-6.8846,1,0
40.56556,-6.88699,2,1
40.57435,-6.88939,7,5
40.58315,-6.89179,159,91
40.59194,-6.89418,6,3
40.61832,-6.90138,58,29
40.70625,-6.92543,8,1
40.80296,-6.952,242,89
40.82054,-6.95684,37,14
40.82933,-6.95926,47,13
40.85569,-6.96654,3,1
40.87327,-6.97139,10,4
40.89085,-6.97625,8,1
40.89964,-6.97867,68,14
40.90843,-6.98111,8,4
41.08415,-7.02992,145,79
41.13686,-7.04463,123,51
41.17199,-7.05446,1505,510
41.18078,-7.05692,314,96
41.23347,-7.0717,49,21
41.2686,-7.08157,89,36
41.27738,-7.08404,3,1
41.29494,-7.08899,4,1
41.32128,-7.09641,2,2
41.33884,-7.10136,3,0
41.48807,-7.14362,33,13
41.5144,-7.15111,18,2
41.54073,-7.1586,6,1
41.5495,-7.1611,18,7
41.59338,-7.17361,8,3
41.6197,-7.18114,38,19
41.62848,-7.18364,2,0
41.64602,-7.18866,48,27
41.6548,-7.19118,56,26
41.68112,-7.19872,2,0
41.68989,-7.20123,20,8
41.72498,-7.21131,22,6
41.73375,-7.21383,15,8
41.74252,-7.21635,3,0
41.7513,-7.21887,2,0
41.79515,-7.2315,7,3
41.83023,-7.24162,7,6
40.33883,-6.81352,93,58
40.37403,-6.82301,60,23
40.47081,-6.84917,20,6
40.4796,-6.85156,8,4
40.60274,-6.88503,109,66
40.62033,-6.88983,3,1
40.70826,-6.91386,5,3
40.71706,-6.91627,10,3
40.73464,-6.92109,20,0
40.80497,-6.94041,29,17
40.82255,-6.94525,36,18
40.83134,-6.94767,46,12
40.85771,-6.95494,2,2
40.8665,-6.95736,5,3
40.87529,-6.95979,47,12
40.88408,-6.96222,346,164
40.89287,-6.96464,926,292
40.90165,-6.96707,613,122
41.07739,-7.01583,2,1
41.08618,-7.01828,50,20
41.13889,-7.03299,71,38
41.17402,-7.04281,705,168
41.1828,-7.04527,30,5
41.31453,-7.08226,37,13
41.32331,-7.08473,34,20
41.37599,-7.0996,3,0
41.40233,-7.10704,35,25
41.41111,-7.10952,6,3
41.41989,-7.11201,53,29
41.44622,-7.11947,42,18
41.50766,-7.1369,23,4
41.51644,-7.1394,9,2
41.53399,-7.14439,40,15
41.54277,-7.14689,6,0
41.55154,-7.14938,66,22
41.59542,-7.16189,30,17
41.64807,-7.17693,10,10
41.68316,-7.18698,15,4
41.69194,-7.18949,64,43
41.70071,-7.19201,11,4
41.70948,-7.19452,25,15
41.7358,-7.20208,34,18
41.74457,-7.2046,35,22
41.75335,-7.20712,32,23
41.76212,-7.20964,99,57
41.77966,-7.21469,4,1
41.78843,-7.21721,17,4
41.83229,-7.22985,34,23
41.84983,-7.23491,20,14
40.68389,-6.89508,5,2
40.70148,-6.89989,6,2
40.71027,-6.90229,24,2
40.71906,-6.9047,343,100
40.72786,-6.90711,318,122
40.73665,-6.90952,79,20
40.74544,-6.91193,8,0
40.83335,-6.93608,6,0
40.8773,-6.94819,2,0
40.89488,-6.95304,331,74
40.90367,-6.95547,5,1
40.91246,-6.9579,6,1
41.17605,-7.03116,7,1
41.18483,-7.03362,7,0
41.27265,-7.05824,9,3
41.299,-7.06565,48,20
41.32534,-7.07306,2,0
41.33412,-7.07553,61,21
41.3429,-7.07801,72,26
41.35168,-7.08048,3,2
41.36924,-7.08543,2,2
41.37802,-7.08791,228,58
41.3868,-7.09039,2,0
41.41314,-7.09783,7,0
41.42192,-7.10031,10,2
41.44826,-7.10777,23,7
41.47459,-7.11523,73,28
41.5097,-7.12519,52,36
41.51848,-7.12769,38,15
41.56236,-7.14017,187,86
41.58869,-7.14767,1,1
41.59746,-7.15017,9,5
41.61501,-7.15517,34,20
41.62379,-7.15768,9,7
41.64134,-7.16269,38,28
41.65011,-7.1652,1,0
41.70276,-7.18026,6,3
41.71153,-7.18278,65,29
41.7203,-7.18529,66,31
41.73785,-7.19033,4,3
41.74662,-7.19285,9,7
41.75539,-7.19537,12,5
41.86065,-7.22568,2,2
40.50999,-6.83564,2,1
40.51879,-6.83803,126,88
40.52759,-6.84041,4,3
40.65952,-6.87631,59,31
40.6771,-6.88111,4,2
40.6859,-6.88351,87,42
40.70349,-6.88832,15,2
40.72107,-6.89313,98,28
40.72986,-6.89554,210,114
41.0375,-6.98036,2,0
41.12536,-7.0048,125,70
41.13415,-7.00725,3,0
41.15172,-7.01215,188,105
41.1605,-7.0146,6,4
41.17807,-7.01951,3,0
41.18685,-7.02197,22,11
41.19564,-7.02442,18,7
41.23077,-7.03426,12,3
41.24834,-7.03918,19,13
41.25712,-7.04164,51,25
41.2659,-7.04411,2,2
41.27468,-7.04657,38,23
41.30103,-7.05397,8,0
41.33615,-7.06385,3,1
41.35371,-7.0688,95,27
41.3625,-7.07127,193,70
41.47663,-7.10353,107,53
41.50296,-7.11099,26,11
41.51174,-7.11348,17,8
41.52051,-7.11597,16,4
41.53807,-7.12096,17,12
41.55562,-7.12595,27,12
41.5644,-7.12845,5,1
41.59073,-7.13594,8,8
41.5995,-7.13844,18,14
41.60828,-7.14094,59,35
41.6346,-7.14845,24,15
41.64338,-7.15096,59,28
41.65215,-7.15346,9,1
41.67848,-7.16099,2,2
41.68725,-7.1635,29,17
41.7048,-7.16852,16,6
41.72235,-7.17355,13,7
41.74867,-7.1811,6,2
40.52079,-6.82649,108,81
40.52959,-6.82887,25,20
40.55598,-6.83603,12,6
40.59116,-6.84559,5,0
40.60875,-6.85037,2,0
40.61755,-6.85277,16,4
40.66152,-6.86475,3,0
40.67031,-6.86714,9,0
40.67911,-6.86954,2,2
40.6879,-6.87195,2,1
40.87254,-6.92257,28,9
41.18009,-7.00786,2,2
41.18888,-7.01031,6,0
41.19766,-7.01277,111,48
41.20644,-7.01523,183,99
41.25914,-7.02998,99,54
41.35574,-7.05712,56,15
41.36453,-7.05959,13,6
41.39087,-7.06701,5,2
41.39965,-7.06949,45,22
41.40843,-7.07197,5,3
41.45232,-7.08437,25,4
41.4611,-7.08685,11,4
41.50499,-7.09928,2,0
41.51377,-7.10177,1,1
41.52255,-7.10426,5,1
41.55766,-7.11423,67,32
41.59277,-7.12422,24,14
41.61032,-7.12922,2,2
41.62787,-7.13422,1,0
41.63665,-7.13672,1,0
41.6542,-7.14173,29,6
41.68052,-7.14925,13,8
41.68929,-7.15176,155,85
41.69807,-7.15427,7,4
41.70684,-7.15678,23,10
41.72439,-7.1618,2,0
41.73316,-7.16431,243,99
41.74194,-7.16683,230,117
41.75071,-7.16934,13,6
41.7858,-7.17941,42,22
41.81212,-7.18698,111,44
41.87352,-7.20466,14,8
40.61075,-6.83882,564,219
40.61955,-6.84121,137,45
40.66352,-6.85318,5,3
40.94487,-6.93035,119,44
40.95366,-6.93278,43,13
40.97123,-6.93764,1,0
41.03275,-6.95467,2,1
41.08547,-6.9693,277,132
41.09426,-6.97174,26,11
41.18211,-6.99621,7,2
41.1909,-6.99866,1,0
41.32265,-7.03556,26,14
41.33143,-7.03803,4,2
41.34021,-7.04049,34,12
41.34899,-7.04296,174,77
41.3929,-7.05532,22,12
41.45436,-7.07267,12,5
41.46313,-7.07515,21,3
41.50703,-7.08757,26,3
41.52458,-7.09255,2,0
41.54214,-7.09753,52,31
41.55092,-7.10002,6,2
41.56847,-7.10501,14,7
41.5948,-7.11249,74,32
41.60358,-7.11499,7,0
41.62113,-7.11999,4,1
41.62991,-7.12249,62,31
41.64746,-7.12749,190,95
41.65624,-7.12999,371,172
41.66501,-7.1325,1,0
41.73521,-7.15256,27,11
41.74398,-7.15508,74,50
41.81417,-7.17521,34,6
41.84048,-7.18278,17,11
41.84925,-7.18531,4,1
41.85802,-7.18783,21,9
40.65673,-6.83922,37,15
40.66552,-6.84162,112,53
40.72708,-6.85841,1,0
40.75347,-6.86562,2,1
40.76226,-6.86802,145,79
40.79743,-6.87765,3,1
40.82381,-6.88488,42,17
40.8326,-6.8873,7,1
40.86776,-6.89696,4,0
40.90293,-6.90663,45,17
40.94688,-6.91874,209,95
40.95567,-6.92117,100,36
41.02598,-6.9406,94,51
41.03476,-6.94304,8,3
41.08749,-6.95766,17,7
41.18413,-6.98456,199,47
41.2017,-6.98946,4,0
41.35102,-7.03128,9,2
41.38614,-7.04116,23,17
41.39492,-7.04363,50,16
41.43005,-7.05353,66,30
41.43883,-7.05601,83,42
41.50906,-7.07586,26,13
41.52662,-7.08084,197,111
41.5354,-7.08333,9,1
41.57051,-7.09329,9,5
41.59684,-7.10077,7,0
41.65827,-7.11826,123,55
41.7197,-7.13579,109,54
41.72847,-7.1383,28,12
41.73725,-7.14081,2,0
41.76357,-7.14835,8,4
41.78112,-7.15338,3,2
41.8513,-7.17354,10,5
40.76426,-6.85644,1,1
40.82581,-6.87329,292,95
40.8346,-6.8757,9,6
40.90494,-6.89502,215,130
40.91373,-6.89744,27,1
41.1598,-6.96556,10,8
41.17737,-6.97045,4,0
41.18615,-6.9729,88,35
41.19494,-6.97535,3,0
41.29156,-7.00235,44,26
41.30913,-7.00728,63,23
41.31791,-7.00974,12,3
41.39695,-7.03194,25,14
41.40573,-7.03442,2,0
41.42329,-7.03936,10,8
41.43207,-7.04184,26,11
41.45842,-7.04927,5,0
41.46719,-7.05175,136,61
41.56376,-7.07907,1,0
41.57254,-7.08156,76,32
41.60765,-7.09154,34,16
41.65153,-7.10402,2,0
41.67786,-7.11152,19,7
41.68664,-7.11403,2,1
41.8358,-7.15672,41,23
41.84457,-7.15924,50,26
41.85334,-7.16176,2,2
41.87966,-7.16933,44,30
40.69591,-6.82567,20,4
40.7047,-6.82807,81,40
40.72229,-6.83286,19,7
40.73109,-6.83526,5,5
41.04758,-6.92221,4,0
41.10909,-6.93926,11,7
41.18817,-6.96125,13,2
41.19696,-6.9637,8,3
41.20574,-6.96614,98,40
41.27602,-6.98577,44,22
41.29359,-6.99068,8,2
41.40776,-7.02272,32,9
41.4341,-7.03014,5,2
41.53068,-7.05741,13,11
41.53946,-7.05989,3,3
41.62724,-7.08479,6,4
41.63602,-7.08729,45,30
41.6799,-7.09978,33,15
41.68867,-7.10228,72,26
41.69745,-7.10479,32,17
41.73255,-7.1148,33,22
41.76765,-7.12484,21,4
41.8817,-7.15756,32,16
41.89048,-7.16008,2,2
41.89925,-7.16261,63,32
41.93433,-7.17271,17,14
40.82982,-6.85011,7,2
40.8562,-6.85734,14,6
40.86499,-6.85975,13,9
41.16383,-6.94226,7,3
41.17261,-6.9447,3,1
41.20776,-6.95449,208,116
41.21654,-6.95693,139,63
41.29561,-6.97901,65,25
41.33074,-6.98884,61,29
41.37465,-7.00116,111,37
41.39222,-7.00609,3,3
41.44491,-7.02091,13,6
41.50637,-7.03825,94,40
41.51515,-7.04073,8,3
41.54149,-7.04818,32,17
41.55027,-7.05066,24,8
41.56783,-7.05563,43,16
41.5766,-7.05812,14,0
41.58538,-7.06061,54,28
41.59416,-7.0631,29,14
41.61172,-7.06808,2,2
41.63805,-7.07556,2,2
41.64683,-7.07805,13,11
41.67316,-7.08554,7,2
41.68193,-7.08804,2,2
41.72581,-7.10055,53,28
41.73459,-7.10305,82,47
41.79601,-7.12061,20,8
41.85743,-7.13822,43,23
41.8662,-7.14074,2,2
41.88375,-7.14578,45,25
41.92761,-7.1584,10,5
41.94515,-7.16345,1,0
41.95392,-7.16598,39,24
41.97146,-7.17104,8,7
40.8582,-6.84574,109,64
41.08675,-6.90868,1,1
41.20099,-6.94038,4,4
41.20977,-6.94283,55,22
41.2537,-6.95507,43,25
41.27127,-6.95997,19,13
41.33276,-6.97716,12,5
41.35911,-6.98455,6,0
41.39424,-6.9944,33,24
41.45571,-7.01169,103,39
41.51718,-7.02902,50,28
41.58741,-7.04888,14,8
41.61375,-7.05635,68,32
41.62252,-7.05884,20,1
41.67519,-7.0738,70,18
41.68397,-7.0763,68,33
41.69274,-7.0788,34,16
41.7103,-7.0838,139,75
41.72785,-7.0888,12,6
41.77173,-7.10132,7,2
41.78928,-7.10634,4,3
41.79805,-7.10885,58,30
41.8156,-7.11387,3,3
41.82437,-7.11638,2,2
41.83315,-7.1189,5,3
41.84192,-7.12141,68,28
41.91211,-7.14157,44,29
41.93842,-7.14914,1,0
41.21179,-6.93117,36,24
41.25572,-6.9434,18,14
41.27329,-6.9483,24,13
41.32599,-6.96303,2,2
41.33478,-6.96548,540,136
41.34356,-6.96794,554,112
41.35235,-6.9704,5,1
41.42261,-6.99011,45,27
41.45774,-6.99998,139,65
41.46652,-7.00246,40,8
41.51042,-7.01483,12,4
41.5192,-7.0173,73,41
41.58944,-7.03716,2,2
41.66844,-7.05957,2,2
41.67722,-7.06206,189,75
41.686,-7.06456,14,6
41.71233,-7.07205,97,61
41.75621,-7.08455,1,0
41.77376,-7.08956,46,26
41.79131,-7.09458,23,11
41.80009,-7.09709,58,27
41.80886,-7.0996,4,0
41.81764,-7.10211,174,104
41.82641,-7.10462,9,9
41.84396,-7.10964,3,0
41.87905,-7.1197,7,5
41.95801,-7.1424,6,4
41.96678,-7.14493,13,6
41.16108,-6.90487,177,93
41.3368,-6.9538,1,1
41.34558,-6.95626,583,213
41.35436,-6.95872,182,25
41.36315,-6.96117,25,0
41.40706,-6.97348,86,40
41.41585,-6.97595,224,125
41.43341,-6.98088,18,12
41.46854,-6.99075,9,0
41.47732,-6.99322,14,0
41.51245,-7.00311,60,22
41.56513,-7.01798,4,2
41.57391,-7.02046,83,44
41.59147,-7.02543,18,7
41.60025,-7.02792,11,7
41.64414,-7.04035,84,47
41.65292,-7.04284,2,1
41.67925,-7.05032,11,9
41.83722,-7.09536,19,13
41.846,-7.09787,2,1
41.87232,-7.10541,4,3
41.88109,-7.10793,49,17
41.96005,-7.13061,3,1
41.96882,-7.13313,7,4
41.05762,-6.86405,284,121
41.06641,-6.86648,1,1
41.18066,-6.89809,198,108
41.2861,-6.92741,2,1
41.29489,-6.92986,96,66
41.33881,-6.94212,3,2
41.3476,-6.94457,4,0
41.35638,-6.94703,2,0
41.41787,-6.96425,1,0
41.42665,-6.96671,3,0
41.43543,-6.96918,103,44
41.47934,-6.98151,47,21
41.48812,-6.98399,104,42
41.50569,-6.98893,9,2
41.51447,-6.9914,92,34
41.52325,-6.99388,2,1
41.54081,-6.99883,14,9
41.54959,-7.0013,8,0
41.55837,-7.00378,156,72
41.56715,-7.00626,15,2
41.57593,-7.00874,4,4
41.59349,-7.0137,46,8
41.60227,-7.01619,97,37
41.62861,-7.02364,45,20
41.64617,-7.02861,65,16
41.69884,-7.04356,1,0
41.76028,-7.06104,24,8
41.83926,-7.08359,4,2
41.84803,-7.0861,20,7
41.86558,-7.09112,24,17
41.87435,-7.09363,29,13
41.90068,-7.10118,55,34
41.90945,-7.10369,5,2
41.927,-7.10873,9,4
41.95332,-7.11629,3,3
41.96209,-7.11882,21,14
41.05962,-6.85242,38,10
41.18267,-6.88643,182,97
41.19146,-6.88887,2,0
41.2969,-6.91818,62,36
41.49014,-6.97228,3,0
41.49893,-6.97475,207,102
41.50771,-6.97722,103,30
41.51649,-6.97969,21,1
41.53405,-6.98463,31,17
41.54283,-6.98711,11,5
41.55161,-6.98958,6,1
41.5604,-6.99206,61,19
41.63064,-7.01191,4,0
41.69209,-7.02932,140,81
41.70086,-7.03181,71,43
41.7272,-7.0393,1,0
41.73597,-7.04179,1,1
41.79741,-7.05929,7,4
41.80619,-7.06179,41,26
41.86762,-7.07934,19,7
41.14073,-6.86262,1,1
41.18468,-6.87478,54,18
41.3077,-6.90895,44,17
41.36041,-6.92366,4,4
41.36919,-6.92611,18,11
41.50095,-6.96303,1,0
41.51851,-6.96797,19,6
41.52729,-6.97044,46,9
41.53607,-6.97292,912,206
41.54485,-6.97539,277,83
41.55364,-6.97786,56,15
41.56242,-6.98034,70,27
41.5712,-6.98281,15,5
41.57998,-6.98529,9,2
41.58876,-6.98777,45,14
41.70289,-7.02007,4,0
41.78189,-7.04252,5,4
41.79067,-7.04502,6,3
41.83455,-7.05754,27,12
41.84332,-7.06004,81,25
41.8521,-7.06255,2,2
41.86087,-7.06506,1,1
41.86965,-7.06757,22,12
41.8872,-7.07259,10,6
41.89597,-7.0751,28,10
41.91352,-7.08013,24,16
41.9223,-7.08264,35,22
41.06363,-6.82915,1,1
41.09,-6.83642,1,0
41.29213,-6.89239,14,5
41.30971,-6.89728,8,5
41.39756,-6.92179,73,35
41.44148,-6.93408,160,73
41.50296,-6.95132,85,33
41.52931,-6.95873,822,138
41.53809,-6.9612,2921,716
41.54687,-6.96367,368,91
41.55566,-6.96614,14,1
41.56444,-6.96862,67,20
41.57322,-6.97109,38,8
41.59956,-6.97852,3,2
41.63468,-6.98844,75,43
41.64346,-6.99092,2,1
41.7137,-7.01081,4,0
41.72247,-7.0133,44,17
41.74003,-7.01828,143,41
41.80147,-7.03576,21,10
41.81025,-7.03826,9,5
41.83658,-7.04577,68,30
41.8629,-7.05328,3,2
41.88923,-7.06081,27,13
41.89801,-7.06332,5,4
41.05683,-6.8151,1,0
41.092,-6.82478,1,0
41.12716,-6.83447,2,2
41.15353,-6.84175,2,2
41.30293,-6.88315,142,50
41.382,-6.90519,1,1
41.39957,-6.91009,13,8
41.41714,-6.915,9,6
41.4435,-6.92237,27,5
41.45228,-6.92483,6,0
41.51376,-6.94208,70,24
41.53133,-6.94701,311,91
41.54011,-6.94948,223,42
41.54889,-6.95195,239,64
41.55767,-6.95442,126,42
41.56646,-6.95689,43,1
41.57524,-6.95936,8,0
41.60158,-6.96679,140,58
41.6367,-6.9767,65,15
41.67182,-6.98663,14,9
41.6806,-6.98911,31,20
41.74206,-7.00653,58,20
41.77717,-7.0165,112,46
41.78594,-7.019,22,13
41.79472,-7.0215,1,0
41.82983,-7.03149,21,8
41.83861,-7.03399,7,2
41.86494,-7.04151,54,15
41.87371,-7.04401,7,4
41.89126,-7.04903,33,19
41.90004,-7.05153,21,15
41.93514,-7.06158,10,7
41.94391,-7.06409,2,1
41.07642,-6.8083,14,2
41.08521,-6.81072,755,180
41.094,-6.81313,935,330
41.15553,-6.83009,9,2
41.17311,-6.83495,1,1
41.38401,-6.89349,53,24
41.51578,-6.93036,128,67
41.52456,-6.93283,64,17
41.53334,-6.93529,31,17
41.55091,-6.94023,240,71
41.55969,-6.9427,15,2
41.56847,-6.94517,71,49
41.57725,-6.94764,57,24
41.58604,-6.95011,143,53
41.59482,-6.95258,46,19
41.62116,-6.96001,50,29
41.67385,-6.97488,4,0
41.68262,-6.97737,84,47
41.70896,-6.98482,9,3
41.80553,-7.01223,20,8
41.82308,-7.01722,87,31
41.83186,-7.01972,188,57
41.84063,-7.02222,2,1
41.85819,-7.02722,71,25
41.86696,-7.02973,35,12
41.87574,-7.03223,53,21
41.89329,-7.03724,35,13
41.90207,-7.03975,24,16
41.91962,-7.04477,19,12
41.93717,-7.04979,5,1
41.0872,-6.79908,30,10
41.096,-6.80149,250,84
41.10479,-6.80391,3,0
41.14874,-6.81602,8,8
41.17511,-6.82329,13,6
41.28937,-6.85492,10,7
41.3333,-6.86712,190,86
41.34209,-6.86957,12,6
41.46509,-6.90388,108,51
41.47387,-6.90634,37,14
41.48266,-6.9088,24,5
41.51779,-6.91865,2,2
41.57927,-6.93591,8,3
41.58805,-6.93838,14,6
41.60562,-6.94333,1,0
41.64952,-6.9557,18,8
41.72854,-6.97804,20,9
41.73732,-6.98053,9,2
41.80755,-7.00046,6,5
41.81633,-7.00296,5,0
41.82511,-7.00545,347,120
41.83388,-7.00795,889,229
41.84266,-7.01045,34,11
41.85144,-7.01295,55,21
41.86899,-7.01795,2,2
41.9392,-7.038,15,7
41.08041,-6.78502,5,0
41.17711,-6.81164,55,39
41.19469,-6.81649,1,0
41.21227,-6.82135,69,42
41.3441,-6.85788,2,0
41.4056,-6.87501,62,32
41.44074,-6.88481,6,2
41.4671,-6.89217,35,17
41.47588,-6.89463,39,14
41.48467,-6.89709,5,1
41.49345,-6.89955,120,54
41.5198,-6.90693,3,0
41.59007,-6.92665,149,81
41.59885,-6.92912,4,1
41.6252,-6.93654,63,28
41.63398,-6.93901,6,0
41.65154,-6.94396,36,6
41.66032,-6.94644,75,24
41.72178,-6.9638,21,8
41.76568,-6.97624,12,5
41.79202,-6.98371,68,40
41.8008,-6.9862,19,7
41.82713,-6.99368,58,21
41.83591,-6.99618,413,179
41.84469,-6.99867,21,8
41.14395,-6.79029,18,13
41.17911,-6.79998,4,2
41.25822,-6.82183,75,21
41.26701,-6.82426,165,68
41.35489,-6.84864,35,13
41.38125,-6.85597,1,0
41.4164,-6.86576,12,2
41.42518,-6.86821,140,51
41.43397,-6.87066,33,15
41.5306,-6.89767,4,0
41.53938,-6.90013,191,74
41.54817,-6.9026,41,14
41.59208,-6.91492,19,6
41.66234,-6.9347,5,3
41.69746,-6.94461,3,0
41.70624,-6.94709,31,13
41.71502,-6.94957,8,3
41.74136,-6.95702,47,28
41.7677,-6.96448,78,45
41.79404,-6.97194,17,14
41.82915,-6.98191,10,5
41.83793,-6.9844,7,2
41.8906,-6.99939,93,34
41.9257,-7.0094,4,2
41.14594,-6.77864,94,63
41.15473,-6.78106,3,3
41.28659,-6.81745,2,2
41.31295,-6.82476,1,0
41.37447,-6.84183,93,37
41.38325,-6.84428,87,31
41.45355,-6.86385,4,1
41.60288,-6.90566,18,7
41.64679,-6.91801,1,1
41.65557,-6.92048,12,4
41.70826,-6.93534,5,0
41.74338,-6.94526,2,2
41.78728,-6.95769,47,21
41.79606,-6.96018,23,15
41.92773,-6.99761,2,1
41.94528,-7.00262,19,8
41.28859,-6.80578,53,24
41.29738,-6.80821,48,22
41.31495,-6.81308,2,2
41.40283,-6.83747,4,3
41.45555,-6.85215,119,47
41.47312,-6.85705,8,5
41.5434,-6.87669,7,2
41.55219,-6.87915,53,31
41.57854,-6.88654,46,18
41.62246,-6.89886,2,1
41.66637,-6.91121,10,6
41.68393,-6.91616,12,2
41.69271,-6.91863,6,5
41.71028,-6.92359,26,10
41.71906,-6.92607,43,15
41.7893,-6.94592,17,11
41.79808,-6.94841,4,4
41.84197,-6.96086,92,53
41.85075,-6.96335,27,20
41.85953,-6.96584,15,6
41.92975,-6.98582,21,5
41.23784,-6.77954,18,11
41.24663,-6.78196,8,6
41.33453,-6.80626,15,3
41.40483,-6.82577,45,16
41.45756,-6.84044,181,116
41.52784,-6.86006,2,2
41.5542,-6.86743,51,24
41.6069,-6.8822,32,13
41.61568,-6.88466,15,9
41.62447,-6.88713,31,15
41.64203,-6.89206,29,15
41.67716,-6.90194,4,4
41.69473,-6.90689,2,2
41.71229,-6.91184,7,1
41.72107,-6.91431,6,3
41.74741,-6.92175,62,24
41.7562,-6.92423,33,9
41.79132,-6.93416,1,0
41.80888,-6.93913,6,3
41.84399,-6.94908,17,11
41.87033,-6.95655,81,30
41.94933,-6.97903,136,61
41.18709,-6.75335,98,56
41.23984,-6.76787,1,1
41.24863,-6.77029,24,12
41.47713,-6.83363,27,10
41.52106,-6.84588,27,15
41.52985,-6.84834,25,14
41.57377,-6.86062,55,41
41.60891,-6.87046,3,0
41.61769,-6.87293,42,25
41.67917,-6.89019,3,1
41.72308,-6.90256,30,9
41.75821,-6.91247,1,0
41.80211,-6.92487,113,61
41.81089,-6.92736,18,6
41.84601,-6.9373,2,1
41.86357,-6.94228,41,15
41.87235,-6.94477,30,14
41.89868,-6.95225,49,25
41.95135,-6.96724,5,3
41.18908,-6.74169,5,3
41.23304,-6.75378,5,3
41.2682,-6.76347,3,0
41.277,-6.76589,2,2
41.33853,-6.78289,8,3
41.52307,-6.83417,4,2
41.53185,-6.83662,53,26
41.59335,-6.85381,14,3
41.61092,-6.85873,37,21
41.6197,-6.86119,3,0
41.62848,-6.86365,25,14
41.66362,-6.87351,23,7
41.73388,-6.89328,7,6
41.74266,-6.89575,9,7
41.75144,-6.89823,2,2
41.769,-6.90318,24,15
41.84803,-6.92553,4,3
41.85681,-6.92801,7,4
41.9007,-6.94047,4,2
41.19107,-6.73003,276,138
41.19986,-6.73244,10,3
41.2702,-6.75179,9,4
41.27899,-6.75422,196,98
41.33173,-6.76877,4,0
41.34052,-6.7712,90,44
41.49871,-6.8151,38,15
41.5075,-6.81755,16,10
41.52507,-6.82245,1,0
41.61292,-6.84699,24,3
41.62171,-6.84945,8,2
41.63049,-6.85191,31,10
41.66563,-6.86177,85,41
41.67441,-6.86423,6,2
41.74467,-6.88399,26,7
41.75345,-6.88647,1,1
41.77102,-6.89142,16,4
41.8237,-6.9063,59,32
41.85004,-6.91375,18,7
41.85882,-6.91624,37,17
41.88516,-6.9237,5,3
41.9115,-6.93117,17,11
41.19306,-6.71837,20,6
41.31614,-6.75224,44,18
41.34252,-6.75952,10,0
41.3601,-6.76438,179,65
41.37767,-6.76924,41,19
41.38646,-6.77167,26,14
41.53586,-6.81317,36,24
41.56221,-6.82053,88,53
41.571,-6.82298,15,8
41.60614,-6.8328,28,21
41.6325,-6.84018,6,2
41.64128,-6.84264,48,26
41.65885,-6.84756,4,0
41.66763,-6.85002,1,1
41.79937,-6.88709,65,28
41.8345,-6.89701,3,3
41.88718,-6.91192,31,13
41.36209,-6.75269,31,5
41.37088,-6.75511,4,2
41.37967,-6.75754,91,34
41.38846,-6.75998,8,4
41.44119,-6.77458,161,76
41.44998,-6.77702,24,11
41.48513,-6.78678,24,5
41.49392,-6.78923,46,14
41.56422,-6.8088,10,9
41.573,-6.81125,11,9
41.61693,-6.82352,20,13
41.62571,-6.82598,30,13
41.6345,-6.82844,13,6
41.64328,-6.83089,9,2
41.66085,-6.83582,30,10
41.66964,-6.83828,42,19
41.69599,-6.84567,58,25
41.83651,-6.88523,47,26
41.91553,-6.90759,27,15
41.92431,-6.91008,11,7
41.33771,-6.73372,2,2
41.44319,-6.76288,36,20
41.45198,-6.76531,50,28
41.48713,-6.77507,221,80
41.49592,-6.77751,97,41
41.6365,-6.8167,109,74
41.64529,-6.81915,41,16
41.66286,-6.82407,137,61
41.67164,-6.82653,67,24
41.68921,-6.83145,18,1
41.69799,-6.83392,88,26
41.70678,-6.83638,26,9
41.8912,-6.88834,50,14
41.89998,-6.89083,47,16
41.90876,-6.89332,33,18
41.91754,-6.8958,2,2
41.29574,-6.70992,46,18
41.31332,-6.71476,1,1
41.32212,-6.71718,160,49
41.33091,-6.7196,65,51
41.3397,-6.72203,538,231
41.37486,-6.73173,12,1
41.38365,-6.73415,2,1
41.39244,-6.73658,38,18
41.48913,-6.76335,6,1
41.49791,-6.76579,55,18
41.55943,-6.7829,42,21
41.56821,-6.78534,65,36
41.577,-6.78779,32,22
41.64729,-6.80741,5,4
41.7,-6.82216,34,23
41.70878,-6.82463,27,6
41.73513,-6.83202,59,24
41.74392,-6.83449,17,4
41.84053,-6.86168,14,9
41.84931,-6.86415,27,10
41.90199,-6.87904,5,1
41.23618,-6.68135,107,64
41.24497,-6.68376,53,23
41.29773,-6.69824,59,25
41.3329,-6.70792,95,9
41.34169,-6.71034,1807,433
41.35927,-6.71518,39,7
41.36806,-6.71761,7,3
41.39443,-6.72488,42,14
41.40322,-6.72731,23,12
41.57021,-6.77362,40,21
41.579,-6.77606,40,24
41.63172,-6.79076,4,3
41.6405,-6.79321,26,25
41.68443,-6.80549,19,5
41.69322,-6.80795,88,49
41.71957,-6.81533,6,2
41.73714,-6.82026,155,68
41.74592,-6.82273,101,43
41.78984,-6.83506,24,14
41.79862,-6.83753,33,15
41.8074,-6.84,47,24
41.83375,-6.84742,7,6
41.84253,-6.8499,31,20
41.85132,-6.85238,7,2
41.86888,-6.85733,3,1
41.89522,-6.86477,58,29
41.24695,-6.67209,6,3
41.33488,-6.69623,18,3
41.34367,-6.69865,551,106
41.35247,-6.70107,52,14
41.36126,-6.70349,33,14
41.37005,-6.70591,80,28
41.40521,-6.71561,27,14
41.57221,-6.76189,23,17
41.6425,-6.78147,3,0
41.69522,-6.7962,9,5
41.71279,-6.80112,29,6
41.73914,-6.8085,132,33
41.74792,-6.81096,33,11
41.75671,-6.81343,2,0
41.76549,-6.81589,60,18
41.77428,-6.81836,107,39
41.78306,-6.82083,7,0
41.79184,-6.82329,110,43
41.81819,-6.8307,6,0
41.82697,-6.83318,3,1
41.84454,-6.83812,2,1
41.85332,-6.8406,51,18
41.8621,-6.84307,36,18
41.87089,-6.84555,19,7
41.87967,-6.84803,61,27
41.3017,-6.67488,14,8
41.31049,-6.67729,44,14
41.33687,-6.68454,1,1
41.37204,-6.69422,6,2
41.38083,-6.69664,2,2
41.53026,-6.73795,65,33
41.53905,-6.74039,4,4
41.58299,-6.7526,44,28
41.59178,-6.75504,25,18
41.60935,-6.75993,2,2
41.61814,-6.76238,121,49
41.63571,-6.76728,2,2
41.67086,-6.77708,6,2
41.69721,-6.78445,10,4
41.71479,-6.78936,35,7
41.74114,-6.79674,25,9
41.75871,-6.80167,59,17
41.76749,-6.80413,139,50
41.78506,-6.80906,9,2
41.79385,-6.81152,23,6
41.81141,-6.81646,6,1
41.8202,-6.81893,37,7
41.82898,-6.8214,62,22
41.83776,-6.82387,17,10
41.89924,-6.84119,48,29
41.38281,-6.68494,115,66
41.39161,-6.68736,6,1
41.41798,-6.69463,45,18
41.42677,-6.69706,46,18
41.53225,-6.72623,3,3
41.55862,-6.73354,31,11
41.56741,-6.73598,155,2
41.62013,-6.75064,6,6
41.63771,-6.75554,20,17
41.66407,-6.76288,3,1
41.67285,-6.76534,144,83
41.69921,-6.7727,29,8
41.76949,-6.79236,92,15
41.77828,-6.79483,7,0
41.78706,-6.79729,33,8
41.79585,-6.79975,73,30
41.80463,-6.80222,22,4
41.81341,-6.80469,61,18
41.8222,-6.80715,14,3
41.83098,-6.80962,89,30
41.88368,-6.82445,26,12
41.89246,-6.82693,34,18
41.49029,-6.70234,170,97
41.56061,-6.72182,102,52
41.5694,-6.72425,333,167
41.57819,-6.72669,3,0
41.6397,-6.74379,13,8
41.64849,-6.74624,4,2
41.66606,-6.75114,13,3
41.67485,-6.75359,22,12
41.77149,-6.7806,3,3
41.78028,-6.78306,254,43
41.78906,-6.78552,30,8
41.79785,-6.78798,830,103
41.80663,-6.79045,243,81
41.81542,-6.79291,88,18
41.8242,-6.79538,57,11
41.85933,-6.80525,24,6
41.86812,-6.80772,10,3
41.26367,-6.6278,120,51
41.27246,-6.6302,21,9
41.31644,-6.64224,21,13
41.33402,-6.64706,12,3
41.48349,-6.6882,5,0
41.49228,-6.69063,80,52
41.52744,-6.70035,57,19
41.57139,-6.71252,61,23
41.64169,-6.73205,15,8
41.65048,-6.7345,4,2
41.72078,-6.75409,28,23
41.72956,-6.75655,27,26
41.76471,-6.76637,114,13
41.77349,-6.76883,5,2
41.78228,-6.77129,594,84
41.79106,-6.77375,851,176
41.79985,-6.77621,2236,576
41.80863,-6.77867,1593,461
41.81741,-6.78114,14,7
41.8262,-6.7836,60,25
41.86133,-6.79347,44,8
41.87012,-6.79594,46,18
41.88768,-6.80088,38,19
41.28324,-6.62093,41,21
41.336,-6.63537,22,9
41.3448,-6.63778,54,28
41.38876,-6.64985,67,42
41.49426,-6.67891,1,0
41.59974,-6.7081,18,10
41.60853,-6.71054,45,24
41.69641,-6.73498,30,12
41.7052,-6.73743,26,6
41.71398,-6.73988,55,39
41.74913,-6.74969,4,0
41.75792,-6.75215,22,2
41.7667,-6.75461,237,96
41.77549,-6.75706,231,57
41.78427,-6.75952,237,140
41.79306,-6.76198,1667,343
41.80184,-6.76444,2229,455
41.81063,-6.7669,3047,726
41.81941,-6.76936,985,210
41.8282,-6.77183,21,4
41.83698,-6.77429,4,0
41.32039,-6.61887,118,54
41.32919,-6.62127,1,1
41.42591,-6.64782,30,19
41.6984,-6.72323,87,41
41.71598,-6.72813,2,2
41.7687,-6.74284,3,0
41.78627,-6.74775,47,16
41.79505,-6.75021,48,7
41.80384,-6.75267,1605,413
41.81262,-6.75513,3154,618
41.82141,-6.75759,2691,220
41.83019,-6.76005,3,0
41.84776,-6.76497,3,2
41.85655,-6.76744,51,21
41.32237,-6.60718,3,1
41.43669,-6.63853,31,21
41.44548,-6.64094,29,13
41.61251,-6.68706,13,6
41.67403,-6.70414,5,4
41.68282,-6.70659,55,30
41.75312,-6.72617,4,0
41.7619,-6.72862,113,49
41.79705,-6.73844,11,3
41.80583,-6.74089,743,142
41.81462,-6.74335,662,146
41.8234,-6.74581,24,11
41.83219,-6.74827,14,2
41.84097,-6.75073,25,11
41.84976,-6.75319,39,15
41.85854,-6.75565,3,0
41.86733,-6.75812,94,52
41.28037,-6.58348,167,65
41.28916,-6.58588,8,0
41.35073,-6.6027,2,0
41.35952,-6.60511,113,49
41.36832,-6.60752,41,13
41.37711,-6.60993,47,26
41.42108,-6.62199,44,26
41.48263,-6.63891,48,26
41.63207,-6.6802,11,7
41.65844,-6.68751,3,0
41.66723,-6.68995,3,2
41.67602,-6.69239,190,119
41.68481,-6.69483,28,15
41.72874,-6.70706,12,0
41.73753,-6.7095,35,17
41.76389,-6.71685,18,9
41.77268,-6.7193,13,1
41.78147,-6.72176,3,0
41.79025,-6.72421,32,7
41.79904,-6.72666,42,6
41.80783,-6.72912,69,18
41.81661,-6.73158,68,28
41.8254,-6.73403,8,2
41.83418,-6.73649,4,0
41.84297,-6.73895,6,2
41.86054,-6.74387,2,0
41.86932,-6.74633,56,24
41.9396,-6.76606,33,24
41.3527,-6.59101,5,2
41.39668,-6.60305,7,2
41.42306,-6.61028,48,30
41.51099,-6.63445,73,54
41.61648,-6.66358,90,54
41.64285,-6.67089,6,6
41.65164,-6.67332,80,63
41.66043,-6.67576,68,57
41.71316,-6.69041,87,33
41.72195,-6.69285,42,16
41.73952,-6.69774,52,31
41.78346,-6.70999,9,3
41.79224,-6.71244,32,11
41.80103,-6.71489,33,2
41.80982,-6.71734,49,12
41.8186,-6.7198,17,3
41.82739,-6.72225,44,16
41.83618,-6.72471,4,3
41.85375,-6.72963,8,2
41.89767,-6.74193,71,30
41.90646,-6.7444,4,4
41.26671,-6.55533,4,0
41.27551,-6.55772,153,71
41.2931,-6.56252,27,19
41.3019,-6.56491,1,0
41.31949,-6.56971,83,35
41.32829,-6.57211,32,10
41.35468,-6.57932,3,0
41.39865,-6.59135,39,21
41.50417,-6.62031,11,4
41.51296,-6.62273,50,28
41.55692,-6.63485,4,2
41.64483,-6.65914,6,1
41.65362,-6.66158,108,43
41.71514,-6.67865,20,12
41.79423,-6.70067,35,9
41.80302,-6.70312,179,62
41.82938,-6.71048,91,30
41.83817,-6.71293,13,1
41.84695,-6.71539,34,9
41.85574,-6.71784,168,78
41.89967,-6.73014,47,35
41.90845,-6.7326,10,7
41.32146,-6.55802,14,9
41.33026,-6.56042,7,2
41.37424,-6.57243,2,0
41.4358,-6.58928,70,33
41.51494,-6.61101,29,16
41.55011,-6.62069,1,0
41.5589,-6.62311,153,91
41.5677,-6.62554,111,71
41.79622,-6.68889,2,2
41.80501,-6.69134,66,25
41.85773,-6.70606,14,9
41.92801,-6.72574,34,15
41.37621,-6.56073,22,11
41.38501,-6.56313,72,33
41.43778,-6.57757,3,2
41.56088,-6.61138,33,28
41.56967,-6.61381,24,13
41.57847,-6.61623,4,0
41.85093,-6.69182,5,4
41.85972,-6.69427,58,32
41.88608,-6.70164,33,22
41.89486,-6.7041,6,6
41.3166,-6.53225,10,8
41.41336,-6.55864,7,3
41.46613,-6.57308,139,77
41.47493,-6.57549,103,60
41.76504,-6.65557,16,12
41.87049,-6.68494,53,25
41.88807,-6.68985,18,11
41.89685,-6.69231,13,8
41.36256,-6.53253,2,2
41.38894,-6.53973,15,11
41.41533,-6.54693,86,28
41.42413,-6.54934,1,1
41.48569,-6.56619,2,2
41.59121,-6.59518,60,19
41.6,-6.5976,1,0
41.63517,-6.6073,43,15
41.64396,-6.60973,46,12
41.65275,-6.61215,11,3
41.73187,-6.63405,5,4
41.74066,-6.63648,10,4
41.76702,-6.6438,5,4
41.87248,-6.67315,30,20
41.31174,-6.50648,306,133
41.35572,-6.51844,37,19
41.36452,-6.52084,35,10
41.49646,-6.55688,4,2
41.52284,-6.56411,6,4
41.58439,-6.58102,2,2
41.59319,-6.58344,321,142
41.60198,-6.58586,4,1
41.63715,-6.59555,75,30
41.64594,-6.59798,341,143
41.65473,-6.6004,44,3
41.6811,-6.60769,15,12
41.71627,-6.61741,3,3
41.73385,-6.62228,13,7
41.74264,-6.62472,71,39
41.76901,-6.63203,2,0
41.77779,-6.63447,6,2
41.3137,-6.49479,124,49
41.3225,-6.49718,30,7
41.41047,-6.52112,13,4
41.41927,-6.52352,26,12
41.49843,-6.54516,18,3
41.52481,-6.55238,124,54
41.68308,-6.59593,138,94
41.69187,-6.59836,4,0
41.70945,-6.60322,11,4
41.71824,-6.60565,46,35
41.77099,-6.62026,10,6
41.77978,-6.6227,89,30
41.81493,-6.63246,18,11
41.82372,-6.6349,150,77
41.85009,-6.64223,41,22
41.30686,-6.48071,27,9
41.36845,-6.49744,10,6
41.38604,-6.50223,77,43
41.39484,-6.50462,25,21
41.54437,-6.54548,4,0
41.65868,-6.5769,2,0
41.81691,-6.62068,28,18
41.8257,-6.62312,57,24
41.35282,-6.48096,2,0
41.44079,-6.5049,23,11
41.44959,-6.5073,14,4
41.47598,-6.5145,18,14
41.56393,-6.53857,14,0
41.57272,-6.54098,2,1
41.63428,-6.55789,82,37
41.69582,-6.57485,10,3
41.70461,-6.57727,67,47
41.75736,-6.59185,27,19
41.81889,-6.6089,34,20
41.82768,-6.61134,6,1
41.34598,-6.46688,199,107
41.35478,-6.46926,41,18
41.41636,-6.486,14,2
41.42516,-6.48839,7,2
41.48674,-6.50518,14,8
41.49553,-6.50758,37,25
41.56589,-6.52683,4,0
41.57469,-6.52925,62,5
41.58348,-6.53166,670,244
41.59228,-6.53407,96,17
41.63625,-6.54614,105,58
41.74175,-6.57522,6,4
41.75054,-6.57765,44,21
41.77692,-6.58495,2,2
41.78571,-6.58738,29,21
41.82087,-6.59712,64,44
41.41832,-6.47429,17,6
41.42712,-6.47668,28,17
41.53268,-6.50547,25,21
41.57666,-6.51751,1,0
41.58545,-6.51992,113,29
41.59424,-6.52233,264,49
41.60304,-6.52474,8,1
41.67339,-6.54407,31,13
41.83163,-6.58778,10,8
41.84042,-6.59021,35,19
41.84921,-6.59265,28,16
41.858,-6.59509,3,0
41.59621,-6.51059,4,0
41.85119,-6.58087,13,7
41.85998,-6.5833,23,14
41.37825,-6.43894,2,1
41.38705,-6.44132,15,0
41.39585,-6.44371,5,0
41.51022,-6.47481,3,2
41.56299,-6.48922,3,0
41.3802,-6.42723,107,38
41.389,-6.42962,779,280
41.3978,-6.432,87,16
41.45059,-6.44633,123,25
41.45939,-6.44872,244,97
41.47699,-6.45351,10,1
41.48579,-6.4559,34,14
41.51218,-6.46309,60,29
41.52097,-6.46548,2,1
41.64411,-6.49915,41,33
41.91667,-6.57435,19,10
41.38216,-6.41553,11,1
41.39096,-6.41791,119,48
41.39976,-6.42029,12,0
41.42615,-6.42745,8,8
41.43495,-6.42984,62,34
41.45255,-6.43461,4,0
41.46135,-6.437,115,21
41.50534,-6.44896,44,26
41.51414,-6.45136,3,1
41.6109,-6.47777,22,17
41.64608,-6.4874,17,15
41.4721,-6.42767,6,0
41.5073,-6.43724,42,30
41.51609,-6.43963,2,0
41.60406,-6.46362,1,1
41.61286,-6.46602,10,3
41.47406,-6.41595,113,52
41.48286,-6.41834,21,9
41.55324,-6.43748,9,5
41.56204,-6.43988,117,62
41.63241,-6.45909,27,16
41.43201,-6.39231,35,8
41.44081,-6.39469,78,29
41.5552,-6.42575,42,18
41.56399,-6.42814,37,19
41.39876,-6.37109,108,73
41.40756,-6.37346,39,20
41.45156,-6.38536,4,0
41.52196,-6.40445,62,36
41.53076,-6.40684,54,28
41.39191,-6.357,10,2
41.40071,-6.35938,42,14
41.40951,-6.36175,1,0
41.46231,-6.37602,9,0
41.65588,-6.42864,126,65
41.42906,-6.35479,17,8
41.47306,-6.36669,104,77
41.54346,-6.38576,45,23
41.55226,-6.38815,9,3
41.61385,-6.4049,87,53
41.62264,-6.40729,4,2
41.64903,-6.41448,7,0
41.65783,-6.41688,42,19
41.4222,-6.3407,27,14
41.431,-6.34308,52,34
41.46621,-6.35258,11,4
41.47501,-6.35496,184,95
41.54541,-6.37403,25,16
41.55421,-6.37641,1,1
41.47695,-6.34324,17,10
41.49456,-6.348,5,2
41.50336,-6.35038,5,1
41.43489,-6.31965,39,29
41.5845,-6.3601,16,5
41.5933,-6.36248,54,35
41.43683,-6.30793,7,1
41.47204,-6.31742,18,2
41.48084,-6.31979,9,1
41.54245,-6.33644,6,2
41.58645,-6.34835,2,2
41.47398,-6.3057,84,48
41.48278,-6.30807,43,13
41.49159,-6.31044,35,12
41.53559,-6.32232,27,11
41.54439,-6.3247,235,117
41.63239,-6.34854,52,25
41.64119,-6.35093,187,133
41.48472,-6.29634,22,10
41.49353,-6.29872,12,5
41.51993,-6.30584,6,2
41.52873,-6.30821,7,0
41.56394,-6.31772,23,11
41.57274,-6.3201,99,50
41.48666,-6.28462,3,3
41.49547,-6.28699,316,62
41.50427,-6.28936,146,24
41.51307,-6.29173,7,0
41.56588,-6.30598,4,1
41.57468,-6.30836,38,17
41.4974,-6.27526,844,259
41.50621,-6.27763,194,48
41.53261,-6.28474,25,13
41.50814,-6.2659,71,4
41.52575,-6.27064,10,0
41.53455,-6.27301,10,2
41.64017,-6.30153,8,5
41.53649,-6.26127,3,1
41.54529,-6.26364,16,4
41.5805,-6.27313,30,23
41.61571,-6.28264,14,10
41.64211,-6.28978,49,18
41.52962,-6.24717,35,13
41.58244,-6.26139,91,40
41.61764,-6.27089,15,7
41.62645,-6.27326,42,24
41.54036,-6.2378,45,24
41.57063,-6.22142,1,0
41.57943,-6.22379,9,8
41.58137,-6.21204,102,52
38.72375,-9.48368,1,0
38.78489,-9.50208,1,1
38.69111,-9.46202,8,2
38.69985,-9.46464,161,41
38.76972,-9.48564,13,2
38.69341,-9.45085,101,18
38.79822,-9.48235,15,3
37.00589,-8.95189,1,0
37.02344,-8.95678,18,2
38.69571,-9.43969,3576,983
38.80925,-9.4738,69,16
38.81799,-9.47643,66,20
37.00812,-8.94098,668,253
38.68926,-9.42591,100,44
38.82902,-9.46788,812,204
38.83775,-9.47051,44,8
37.01034,-8.93006,367,96
37.01912,-8.9325,159,21
38.70029,-9.41736,2085,603
38.84005,-9.45932,416,100
38.84878,-9.46195,14,6
37.02135,-8.92158,4,3
38.70258,-9.40619,929,274
38.85108,-9.45076,62,17
38.69614,-9.39241,99,38
38.70487,-9.39502,2152,590
38.87084,-9.44483,13,2
38.68969,-9.37863,24,8
38.69842,-9.38124,3675,1067
38.88187,-9.43626,29,2
38.89061,-9.4389,4,1
38.69197,-9.36747,3372,772
38.90163,-9.43033,19,6
37.04779,-8.88276,6,3
38.67678,-9.35109,83,80
38.68552,-9.35369,2739,842
38.91266,-9.42176,25,5
38.92139,-9.42439,8,2
37.05001,-8.87183,14,5
37.17288,-8.90597,1,0
38.67907,-9.33992,96,18
38.93242,-9.41582,286,36
38.95862,-9.42372,1,1
38.67261,-9.32615,9,0
38.68135,-9.32876,3420,591
38.96091,-9.41251,2723,688
38.96965,-9.41514,4078,860
38.97838,-9.41777,437,56
38.98711,-9.42041,388,30
38.99585,-9.42305,26,5
39.00458,-9.42568,281,39
38.67489,-9.31499,151,63
38.68363,-9.31759,3473,1077
39.0156,-9.4171,223,49
39.02434,-9.41974,184,40
39.03307,-9.42238,7,1
39.04409,-9.4138,7,0
39.05283,-9.41644,16,4
39.06156,-9.41908,11,2
39.07029,-9.42172,2,2
37.06766,-8.83055,244,70
38.41712,-9.21518,6,0
38.68819,-9.29525,365,117
38.69693,-9.29785,10212,2869
39.08132,-9.41313,391,98
37.06988,-8.81962,72,32
38.6992,-9.28668,4679,952
39.09234,-9.40454,27,4
37.2915,-8.86962,2,1
37.30028,-8.87207,34,10
38.42166,-9.19292,8,4
38.70148,-9.27551,2104,558
39.10336,-9.39595,38,15
37.06552,-8.79534,11,5
37.32005,-8.866,84,25
38.45891,-9.19206,23,8
38.66004,-9.25138,27,11
38.66879,-9.25397,107,29
38.70376,-9.26434,429,57
39.11439,-9.38736,180,25
39.12312,-9.39,129,35
37.06773,-8.78441,4,3
37.33981,-8.85993,6,1
38.46992,-9.18349,8,3
38.62734,-9.22987,5,1
38.63609,-9.23245,2265,585
38.64483,-9.23504,5372,1511
38.67106,-9.2428,1634,185
38.69729,-9.25058,1595,440
39.13414,-9.3814,1548,287
37.06994,-8.77348,357,88
37.34203,-8.84896,42,13
38.50717,-9.18263,1,0
38.57714,-9.20322,83,11
38.61212,-9.21354,4,2
38.62087,-9.21612,75,15
38.67333,-9.23163,1559,494
38.69956,-9.2394,6052,1297
39.14516,-9.37281,656,88
37.07215,-8.76255,38,14
38.56192,-9.18692,43,8
38.57066,-9.18949,183,36
38.6756,-9.22047,5,1
38.69309,-9.22564,397,70
39.15618,-9.36421,89,14
39.16492,-9.36685,38,13
37.07436,-8.75162,33,12
37.36402,-8.83191,1,0
38.67787,-9.2093,301,76
38.69536,-9.21447,3066,817
39.1672,-9.3556,12,3
39.17594,-9.35824,22,2
37.07656,-8.74068,5,2
37.08534,-8.7431,417,135
37.37501,-8.82339,4,2
37.38378,-8.82583,2,1
38.68013,-9.19813,5,4
38.69762,-9.2033,2097,621
39.35284,-9.39998,82,17
39.36156,-9.40264,146,38
39.37029,-9.4053,14,4
37.08755,-8.73217,1060,325
38.43747,-9.11501,5,0
38.67366,-9.18438,3392,604
38.69989,-9.19213,6484,1757
39.19798,-9.34103,126,32
39.20671,-9.34367,72,7
39.21544,-9.34631,90,21
39.35513,-9.38871,3118,886
39.37259,-9.39402,24,7
37.08975,-8.72123,127,43
37.40576,-8.80877,7,0
37.41454,-8.81122,1,1
38.43973,-9.10387,872,418
38.67592,-9.17321,2993,844
38.70215,-9.18095,6918,1653
39.21773,-9.33506,9,2
39.22646,-9.3377,56,7
39.23519,-9.34034,155,47
39.24392,-9.34298,3,0
39.36615,-9.38009,2491,775
37.08317,-8.70788,1,1
37.4343,-8.80513,2,2
38.44198,-9.09274,1219,457
38.68693,-9.16462,74,13
39.25494,-9.33437,500,108
39.26367,-9.33701,359,109
39.2724,-9.33966,85,26
39.30733,-9.35024,5,2
39.32479,-9.35554,430,94
39.33352,-9.3582,38,3
39.35098,-9.3635,17,6
39.35971,-9.36616,699,191
37.08537,-8.69695,34,14
37.46283,-8.8015,2,1
38.63671,-9.13799,156,26
38.64546,-9.14056,3623,759
38.66295,-9.14571,66,21
38.6717,-9.14829,319,106
38.68044,-9.15087,9875,3066
38.68919,-9.15345,1267,371
38.70668,-9.15861,6627,1359
37.08757,-8.68601,589,162
38.70894,-9.14743,6708,1545
39.36429,-9.3436,7,0
37.50236,-8.78931,7,5
37.59008,-8.81387,4,1
37.59885,-8.81633,24,4
38.62373,-9.11052,8314,1644
38.63248,-9.11309,3418,634
38.7112,-9.13626,5424,1142
39.36657,-9.33233,286,42
39.3753,-9.33498,74,17
37.10075,-8.66655,272,104
37.10953,-8.66896,725,198
37.52212,-8.78322,615,133
37.53089,-8.78567,197,24
37.54843,-8.79058,17,2
37.57475,-8.79795,5,2
37.60984,-8.80778,27,5
38.62599,-9.09936,7011,1141
38.63474,-9.10193,4327,743
38.71346,-9.12508,6972,1687
37.11173,-8.65802,141,31
38.63699,-9.09076,2112,573
38.65449,-9.0959,3,1
38.71572,-9.1139,125,27
38.72446,-9.11648,7750,2056
37.11392,-8.64708,93,17
37.64936,-8.7956,343,74
37.65813,-8.79806,15,4
37.94747,-8.87982,5,0
38.63049,-9.07703,67,16
38.65674,-9.08473,1864,529
38.66549,-9.0873,501,142
38.72672,-9.1053,930,208
38.73547,-9.10787,2989,730
37.94969,-8.86875,71,23
37.95846,-8.87125,6296,1515
37.96722,-8.87374,37,5
38.59775,-9.05562,10,2
38.63275,-9.06586,6,2
38.6415,-9.06843,384,80
38.65024,-9.07099,5799,1852
38.66774,-9.07613,1010,217
38.73772,-9.09669,4,2
38.74647,-9.09927,2587,520
39.39317,-9.2925,4,0
37.72395,-8.79326,55,11
37.73272,-8.79573,20,9
37.74149,-8.7982,7,1
37.94315,-8.8552,2,2
37.95192,-8.85769,2270,298
38.6,-9.04446,28,11
38.6175,-9.04958,101,9
38.62625,-9.05214,1289,224
38.635,-9.0547,98,30
38.66999,-9.06495,29,14
38.75747,-9.09066,2386,276
38.76622,-9.09324,1267,245
38.77496,-9.09581,9245,1973
39.39545,-9.28122,13,7
38.47096,-8.99505,3,1
38.67224,-9.05378,3314,1026
38.80346,-9.09236,762,205
38.8122,-9.09494,2594,707
39.39773,-9.26994,57,19
39.40646,-9.27258,7,2
37.80731,-8.79341,2,1
37.93883,-8.83059,1,1
38.4732,-8.98391,6,1
38.65699,-9.03749,6356,1443
38.66574,-9.04005,1919,532
38.67449,-9.04261,59,14
37.12488,-8.59237,518,171
37.82706,-8.78731,8,3
37.85337,-8.79473,510,143
38.65924,-9.02632,2872,620
37.87312,-8.78863,2,2
37.89066,-8.79358,6,2
37.9082,-8.79854,9,1
37.92573,-8.8035,3,1
37.9345,-8.80598,2,1
38.66148,-9.01514,17,5
38.85395,-9.07166,6346,1050
39.42202,-9.24136,8,1
38.64623,-8.99886,261,81
38.65498,-9.00142,1069,207
38.66373,-9.00397,5,2
38.67248,-9.00653,978,191
38.68123,-9.00909,150,56
39.43303,-9.23272,6,2
37.12265,-8.55714,362,102
38.64847,-8.98769,7992,1898
38.65722,-8.99025,5570,988
38.70097,-9.00303,5,2
38.72723,-9.01072,266,27
38.8672,-9.05184,359,64
39.43531,-9.22142,393,122
37.11605,-8.5438,527,117
38.49314,-8.93072,4,2
38.5019,-8.93326,5,3
38.68572,-8.98674,246,80
38.70322,-8.99185,591,79
39.44631,-9.21277,10,2
37.11823,-8.53286,763,176
38.51289,-8.92465,4,1
38.67921,-8.97301,802,210
38.68796,-8.97556,37,15
38.70546,-8.98067,4907,1284
39.45732,-9.20412,4,1
37.10283,-8.51713,11,2
37.11162,-8.51952,25,12
38.11214,-8.79786,21,10
38.48885,-8.9059,7,0
38.51512,-8.9135,11,1
38.69895,-8.96694,1300,248
37.10501,-8.50619,16,6
38.13188,-8.79176,6,3
38.48232,-8.89222,5,5
38.51735,-8.90235,912,186
38.68368,-8.95066,683,154
38.69244,-8.95321,222,46
38.70119,-8.95576,5792,862
38.74494,-8.96854,3882,622
38.7537,-8.9711,621,99
38.91118,-9.01732,339,15
39.47933,-9.1868,110,56
37.0984,-8.49286,15,10
38.45828,-8.87349,1,1
38.51958,-8.89119,906,235
38.75594,-8.95991,4298,1054
38.93092,-9.01126,6550,1404
39.49033,-9.17814,4,0
38.45175,-8.85982,9,5
38.46051,-8.86235,44,18
38.51305,-8.87751,36,3
38.52181,-8.88004,5033,1375
38.75817,-8.94872,506,91
38.83693,-8.97177,1,0
38.93316,-9.00004,13,4
38.94191,-9.00262,487,166
37.09396,-8.46859,546,112
38.20865,-8.77842,2,2
38.51528,-8.86636,1189,142
38.76041,-8.93753,16,6
38.9529,-8.99397,6900,1946
37.08734,-8.45526,43,15
38.50875,-8.85268,7,4
38.9464,-8.98018,2,0
38.95515,-8.98276,2475,801
37.08951,-8.44432,85,31
38.29195,-8.77869,5,0
38.51097,-8.84153,16,1
39.50813,-9.13556,776,226
39.51686,-9.13819,452,150
38.38179,-8.79262,62,26
38.5132,-8.83038,1095,233
39.52786,-9.12952,2,2
38.40153,-8.78651,21,3
38.48914,-8.81166,1,0
38.51542,-8.81923,589,160
39.53886,-9.12084,7,1
38.40375,-8.77537,14,2
38.50012,-8.80303,9,1
38.51764,-8.80807,490,125
38.5264,-8.81059,743,301
38.54392,-8.81564,634,229
39.54112,-9.10953,92,30
39.54986,-9.11216,7,4
38.40597,-8.76424,13,5
38.51986,-8.79692,226,60
38.52862,-8.79944,67,19
38.53738,-8.80196,179,52
38.54614,-8.80448,172,45
38.5549,-8.80701,69,25
39.55212,-9.10085,26,6
37.10035,-8.38961,306,60
38.40818,-8.7531,358,76
38.52208,-8.78576,7,2
38.54836,-8.79332,5,5
38.91608,-8.90005,17,3
37.10251,-8.37866,319,78
38.91831,-8.88883,1477,280
37.10468,-8.36772,2289,389
39.5851,-9.07479,58,11
39.59384,-9.07743,148,42
39.61131,-9.08269,103,29
37.09804,-8.3544,246,76
38.54624,-8.75733,79,17
38.46084,-8.72106,36,21
38.55722,-8.74868,3,0
38.56598,-8.7512,4,0
39.65077,-9.07058,36,5
38.56819,-8.74004,1,0
37.07814,-8.31447,104,15
37.08693,-8.31684,361,33
38.5704,-8.72887,16,5
39.68149,-9.05581,9,4
39.69022,-9.05845,2,1
37.08029,-8.30353,233,56
39.69248,-9.04711,54,7
39.70121,-9.04975,134,14
39.72968,-9.04631,190,15
39.74067,-9.03761,18,2
37.08675,-8.2707,296,60
39.75165,-9.02889,126,26
39.76039,-9.03153,210,73
37.0801,-8.25739,83,33
37.0889,-8.25975,1544,358
37.08225,-8.24645,85,33
37.09104,-8.2488,4276,978
37.08439,-8.2355,499,91
37.08654,-8.22456,477,65
37.08868,-8.21361,106,37
37.09083,-8.20266,144,41
37.09297,-8.19172,1046,209
37.09511,-8.18077,227,59
39.87448,-8.96965,635,219
37.08845,-8.16747,124,25
37.08179,-8.15418,44,4
39.91392,-8.95746,14,4
37.08392,-8.14324,2,1
39.9249,-8.94872,375,111
37.07059,-8.11666,98,24
37.07939,-8.119,521,94
37.06392,-8.10338,1567,325
37.07272,-8.10572,8497,1757
37.05725,-8.0901,8,3
37.06605,-8.09243,2725,488
37.05937,-8.07916,2,1
37.0439,-8.06355,14,9
37.0527,-8.06588,58,28
37.03722,-8.05028,2,0
37.04602,-8.05261,74,27
37.03934,-8.03934,33,13
40.0564,-8.89188,956,174
37.02385,-8.02375,4,4
37.03266,-8.02607,13,7
37.00836,-8.00816,19,1
37.01717,-8.01048,39,3
37.02597,-8.01281,20,9
40.08709,-8.87698,467,127
40.09583,-8.87963,38,7
40.17445,-8.90344,48,17
40.18319,-8.90609,52,14
40.19192,-8.90874,3,0
37.00168,-7.99491,4,3
37.01048,-7.99722,146,37
40.16795,-8.88936,412,98
40.17669,-8.89201,804,199
40.2029,-8.89996,40,9
36.99499,-7.98165,39,9
37.00379,-7.98397,53,13
40.12651,-8.86472,958,263
40.15272,-8.87265,69,19
40.16146,-8.87529,1175,434
40.17019,-8.87794,1697,568
40.21387,-8.89118,334,52
40.22261,-8.89383,7,0
36.9883,-7.9684,25,7
40.22484,-8.8824,2,2
37.00802,-7.96209,2,1
37.02775,-7.95577,968,137
37.01225,-7.94021,124,44
37.02106,-7.94252,4036,821
37.02986,-7.94483,1474,225
37.01436,-7.92926,5736,1540
40.32561,-8.84025,183,26
40.33434,-8.84291,288,8
37.02029,-7.85036,72,24
37.02239,-7.83941,1931,610
37.0312,-7.84171,12646,2698
40.44382,-8.80332,1,0
40.45256,-8.80598,277,71
40.46129,-8.80863,3,2
37.0333,-7.83076,5545,1067
40.46352,-8.79716,624,175
40.47226,-8.79981,3,2
40.50292,-8.78482,34,8
37.03959,-7.79792,195,54
40.51388,-8.77599,116,41
40.52262,-8.77865,11,2
37.04168,-7.78697,247,81
40.56201,-8.7663,910,77
37.04587,-7.76507,68,26
40.5817,-8.76012,2,1
37.04796,-7.75412,259,67
40.59266,-8.75128,29,3
40.6014,-8.75394,1,0
40.61013,-8.7566,433,88
37.05886,-7.74546,1224,410
40.62109,-8.74776,229,26
40.62983,-8.75042,277,47
40.63856,-8.75308,316,61
37.06095,-7.7345,81,28
37.07185,-7.72584,70,17
37.07393,-7.71488,84,24
37.08692,-7.69525,107,40
37.089,-7.68429,11,5
40.75672,-8.71593,231,54
37.0999,-7.67561,43,17
40.76767,-8.70707,419,48
37.10198,-7.66465,1149,355
40.78736,-8.70086,28,1
37.10405,-7.65369,348,87
40.86611,-8.67602,788,110
40.87484,-8.67869,1393,238
37.13881,-7.61667,70,20
40.87706,-8.66714,355,59
37.14295,-7.59473,308,102
40.94263,-8.66271,214,35
40.94485,-8.65115,522,57
40.95358,-8.65382,2347,305
40.96232,-8.65649,105,10
40.96453,-8.64492,99,12
40.97326,-8.64759,141,17
40.982,-8.65026,115,29
41.20029,-8.71742,10,0
41.22648,-8.72552,5,2
41.24394,-8.73093,294,30
41.37484,-8.7716,73,21
41.38357,-8.77433,1591,414
41.39229,-8.77705,2132,366
41.40102,-8.77977,1745,433
41.40974,-8.78249,102,34
41.41847,-8.78522,581,132
41.42719,-8.78794,400,110
40.99295,-8.64136,1421,343
41.00168,-8.64404,4519,1312
41.01041,-8.64671,2710,700
41.03662,-8.65474,2,1
41.04535,-8.65742,269,76
41.05408,-8.6601,190,58
41.17632,-8.69772,285,36
41.18506,-8.70041,1570,382
41.19379,-8.70311,7151,1765
41.21124,-8.70851,70,22
41.21997,-8.7112,1005,173
41.2287,-8.7139,1546,326
41.24616,-8.71931,2312,309
41.25489,-8.72201,1681,305
41.26362,-8.72472,1922,435
41.27235,-8.72742,1161,100
41.28108,-8.73013,205,62
41.2898,-8.73283,359,95
41.29853,-8.73554,1169,203
41.30726,-8.73825,1103,202
41.31599,-8.74096,377,49
41.34217,-8.7491,1285,141
41.35089,-8.75181,2869,637
41.35962,-8.75453,4963,1155
41.36835,-8.75725,8040,1656
41.37707,-8.75996,6650,1600
41.43815,-8.77902,768,152
41.7434,-8.87506,109,34
41.75211,-8.87782,118,45
41.0301,-8.64048,1622,317
41.03883,-8.64316,3197,624
41.06503,-8.65119,913,220
41.07376,-8.65387,2016,415
41.0825,-8.65655,652,136
41.09123,-8.65924,274,60
41.09996,-8.66192,462,71
41.10869,-8.6646,707,64
41.11743,-8.66729,454,45
41.12616,-8.66997,1318,251
41.13489,-8.67266,272,64
41.14362,-8.67535,11,1
41.15235,-8.67804,3712,1158
41.16108,-8.68073,3768,931
41.16981,-8.68342,1096,123
41.17855,-8.68611,12533,2311
41.33567,-8.73475,1343,207
41.47528,-8.77827,15,2
41.484,-8.781,850,171
41.49273,-8.78373,355,88
41.50145,-8.78646,38,4
41.51017,-8.78919,8,1
41.5189,-8.79193,41,3
41.52762,-8.79466,8,0
41.68461,-8.84405,2,0
41.69333,-8.84681,663,204
41.70205,-8.84956,941,268
41.78051,-8.87441,2,0
37.16211,-7.54215,10,5
41.13711,-8.66106,533,162
41.14584,-8.66375,2391,747
41.53858,-8.78573,1215,228
41.5473,-8.78846,851,124
41.55602,-8.7912,1106,145
41.56475,-8.79393,14,4
41.57347,-8.79667,167,43
41.58219,-8.79941,8,2
41.59964,-8.80489,4,1
41.60836,-8.80763,11,2
41.61708,-8.81038,16,5
41.6258,-8.81312,574,140
41.63452,-8.81587,35,8
41.64324,-8.81861,1199,123
41.65197,-8.82136,627,59
41.67813,-8.82961,220,79
41.80019,-8.86823,72,24
41.81763,-8.87376,534,125
41.82634,-8.87653,76,15
37.16418,-7.53117,47,38
41.81115,-8.85928,1667,488
41.84602,-8.87035,244,62
37.16624,-7.5202,370,147
37.1683,-7.50923,85,36
37.17036,-7.49825,140,50
37.17448,-7.4763,12,1
37.17654,-7.46532,3,1
37.1786,-7.45435,2003,527
37.18065,-7.44337,683,141
